arm,candidate_evaluations,clear,cleared,complete,deferred_targets,failed_clear,fallback,forced_targets,laser_s,mean_time_s,measure,measure_s,move_s,negative_constraints,negative_observations,negative_region_fallbacks,normal_exit,opportunistic_measures,optical_s,problem,program_time_s,route_replans,safe_clear_points,scheduling_policy,seed,skipped_known_measurements,sources,stations_visited,switch_s,virtual_time_s,wall_s
default,410,16,16,True,16,0,0,1,32.0,257.02331420202836,103,515.0,3425.3730272324538,0,0,0,True,20,48.0,3,0.297858100006124,20,14,joint_route,3000000,4,16,7,92.0,4112.373027232454,0.301226299998234
negative,398,16,16,True,16,0,0,1,32.0,251.58738063001715,102,510.0,3343.3980900802744,56,55,0,True,20,48.0,3,0.29023030000098515,20,15,joint_route,3000000,4,16,7,92.0,4025.3980900802744,0.29031149999354966
default,304,13,13,True,13,0,0,0,26.0,263.6245837673747,112,560.0,2699.1195889758715,0,0,0,True,9,39.0,3,0.21354250000149477,17,12,joint_route,3000001,3,13,7,103.0,3427.1195889758715,0.2136019000026863
negative,304,13,13,True,13,0,0,0,26.0,263.38809615839125,112,560.0,2696.0452500590864,60,79,0,True,9,39.0,3,0.22907530001248233,17,12,joint_route,3000001,3,13,7,103.0,3424.0452500590864,0.22915070000453852
default,319,15,15,True,15,0,0,2,30.0,280.2994445022169,121,605.0,3409.4916675332533,0,0,0,True,24,45.0,3,0.25795970000035595,18,15,joint_route,3000002,5,15,7,115.0,4204.491667533253,0.2580286000011256
negative,331,15,15,True,15,0,0,2,30.0,277.04231207150275,122,610.0,3355.634681072541,91,80,0,True,24,45.0,3,0.2498522999958368,18,15,joint_route,3000002,5,15,7,115.0,4155.634681072541,0.24998770000820514
default,299,14,14,True,14,0,0,3,28.0,279.7172423379855,116,580.0,3156.041392731797,0,0,0,True,22,42.0,3,0.2550422000058461,17,14,joint_route,3000003,5,14,7,110.0,3916.041392731797,0.2551134999957867
negative,311,14,14,True,14,0,0,3,28.0,279.88228345785586,117,585.0,3153.351968409982,81,73,0,True,22,42.0,3,0.2589270000025863,17,14,joint_route,3000003,5,14,7,110.0,3918.351968409982,0.2590020000061486
default,297,14,14,True,14,0,0,2,28.0,243.40127676893283,118,590.0,2635.617874765061,0,0,0,True,23,42.0,3,0.22075919999042526,17,13,joint_route,3000004,4,14,7,112.0,3407.6178747650597,0.22082570000202395
negative,309,14,14,True,14,0,0,2,28.0,242.39574315439128,119,595.0,2616.540404161478,81,79,0,True,23,42.0,3,0.23215549999440555,17,13,joint_route,3000004,4,14,7,112.0,3393.540404161478,0.23223049999796785
default,350,15,15,True,15,0,0,1,30.0,239.85710853168803,110,550.0,2871.856627975321,0,0,0,True,11,45.0,3,0.2515849000046728,19,15,joint_route,3000005,2,15,7,101.0,3597.8566279753204,0.2516465000080643
negative,362,15,15,True,15,0,0,1,30.0,239.37029606379545,111,555.0,2859.5544409569316,82,70,0,True,11,45.0,3,0.26166820000798907,19,15,joint_route,3000005,2,15,7,101.0,3590.5544409569316,0.2617465000075754
default,236,10,10,True,10,0,0,1,20.0,376.02499137870836,121,605.0,2991.2499137870846,0,0,0,True,13,30.0,3,0.17115530000592116,14,10,joint_route,3000006,3,10,7,114.0,3760.2499137870836,0.17122000000381377
negative,215,10,10,True,10,0,0,1,20.0,367.99870583678745,120,600.0,2915.987058367875,40,93,0,True,13,30.0,3,0.15671549999387935,14,10,joint_route,3000006,3,10,7,114.0,3679.9870583678744,0.15678980000666343
default,285,12,12,True,12,0,0,1,24.0,315.01281136719496,123,615.0,2992.1537364063392,0,0,0,True,6,36.0,3,0.20092379998823162,15,11,joint_route,3000007,1,12,7,113.0,3780.1537364063397,0.20098720000532921
negative,309,12,12,True,12,0,0,1,24.0,295.6980992242734,125,625.0,2750.3771906912807,85,89,0,True,6,36.0,3,0.2371506000054069,15,11,joint_route,3000007,1,12,7,113.0,3548.3771906912807,0.23722470000211615
default,219,11,11,True,11,0,0,1,22.0,297.093173583713,120,600.0,2498.0249094208434,0,0,0,True,19,33.0,3,0.19076980001409538,15,11,joint_route,3000008,3,11,7,115.0,3268.024909420843,0.19082849999540485
negative,219,11,11,True,11,0,0,1,22.0,297.093173583713,120,600.0,2498.0249094208434,54,88,0,True,19,33.0,3,0.19192640000255778,15,11,joint_route,3000008,3,11,7,115.0,3268.024909420843,0.19202630000654608
default,203,10,10,True,10,0,0,1,20.0,347.21550558223,114,570.0,2744.1550558223,0,0,0,True,6,30.0,3,0.15041809999092948,12,10,joint_route,3000009,0,10,7,108.0,3472.1550558223,0.15047880000201985
negative,203,10,10,True,10,0,0,1,20.0,333.7735650581262,114,570.0,2609.7356505812622,34,88,0,True,6,30.0,3,0.15533399999549147,12,10,joint_route,3000009,0,10,7,108.0,3337.7356505812622,0.1554550000000745
default,329,13,13,True,13,0,0,1,26.0,274.84006058501916,115,575.0,2830.920787605249,0,0,0,True,10,39.0,3,0.2307725999999093,18,13,joint_route,3000010,6,13,7,102.0,3572.920787605249,0.23084419999213424
negative,329,13,13,True,13,0,0,1,26.0,274.01642518818915,115,575.0,2820.213527446459,62,77,0,True,10,39.0,3,0.23846670000057202,18,13,joint_route,3000010,6,13,7,102.0,3562.2135274464586,0.23854109999956563
default,284,13,13,True,13,0,0,1,26.0,290.89480917613497,122,610.0,2992.632519289755,0,0,0,True,27,39.0,3,0.21804719998908695,18,13,joint_route,3000011,6,13,7,114.0,3781.632519289755,0.21811990000423975
negative,272,13,13,True,13,0,0,1,26.0,283.60167779422176,121,605.0,2902.8218113248836,68,84,0,True,27,39.0,3,0.21933120000176132,18,13,joint_route,3000011,6,13,7,114.0,3686.8218113248827,0.21940589998848736
default,227,11,11,True,11,0,0,0,22.0,325.0034809671271,116,580.0,2832.038290638397,0,0,0,True,15,33.0,3,0.17632549999689218,16,11,joint_route,3000012,8,11,7,108.0,3575.038290638398,0.1763827999966452
negative,227,11,11,True,11,0,0,0,22.0,322.49121989340307,116,580.0,2804.403418827433,37,85,0,True,15,33.0,3,0.1849571999919135,16,11,joint_route,3000012,8,11,7,108.0,3547.4034188274336,0.1850375000067288
default,262,10,10,True,10,0,0,0,20.0,376.45600589529664,120,600.0,3004.560058952966,0,0,0,True,14,30.0,3,0.1892710999964038,14,10,joint_route,3000013,3,10,7,110.0,3764.5600589529663,0.1893285999976797
negative,262,10,10,True,10,0,0,0,20.0,376.38503820141676,120,600.0,3003.8503820141673,55,91,0,True,14,30.0,3,0.19329379999544472,14,10,joint_route,3000013,3,10,7,110.0,3763.8503820141677,0.1933629999984987
default,276,11,11,True,11,0,0,0,22.0,315.4668216080885,113,565.0,2747.135037688973,0,0,0,True,15,33.0,3,0.23206059999938589,16,10,joint_route,3000014,2,11,7,103.0,3470.135037688973,0.23213319999922533
negative,300,11,11,True,11,0,0,0,22.0,314.0062506182352,115,575.0,2721.068756800587,56,79,0,True,15,33.0,3,0.25288490000821184,16,9,joint_route,3000014,2,11,7,103.0,3454.068756800587,0.2529627000039909
default,343,15,15,True,15,0,0,0,30.0,244.49577698639195,117,585.0,2899.43665479588,0,0,0,True,25,45.0,3,0.28887099999701604,20,15,joint_route,3000015,6,15,7,108.0,3667.4366547958793,0.28893450000032317
negative,343,15,15,True,15,0,0,0,30.0,245.14351867856595,117,585.0,2909.152780178489,86,71,0,True,25,45.0,3,0.29538370000955183,20,15,joint_route,3000015,6,15,7,108.0,3677.152780178489,0.2954604999977164
default,388,15,15,True,15,0,0,0,30.0,228.10610423626002,107,535.0,2716.5915635439005,0,0,0,True,10,45.0,3,0.3020556999981636,20,15,joint_route,3000016,1,15,7,95.0,3421.5915635439005,0.3021164999954635
negative,388,15,15,True,15,0,0,0,30.0,224.05401596873696,107,535.0,2655.8102395310543,69,63,0,True,10,45.0,3,0.30167749999964144,20,15,joint_route,3000016,1,15,7,95.0,3360.8102395310543,0.30175250000320375
default,265,12,12,True,12,0,0,3,24.0,302.267385584675,127,635.0,2812.2086270161003,0,0,0,True,19,36.0,3,0.2252162000077078,15,11,joint_route,3000017,2,12,7,120.0,3627.2086270161003,0.22527789999730885
negative,277,12,12,True,12,0,0,3,24.0,302.5915383257781,128,640.0,2811.098459909337,80,89,0,True,19,36.0,3,0.2374956999992719,15,11,joint_route,3000017,2,12,7,120.0,3631.098459909337,0.23757389999809675
default,297,14,14,True,14,0,0,2,28.0,235.22415597585788,108,540.0,2581.138183662011,0,0,0,True,18,42.0,3,0.2461499999917578,18,14,joint_route,3000018,5,14,7,102.0,3293.1381836620103,0.24621959999785759
negative,297,14,14,True,14,0,0,2,28.0,235.22415597585788,108,540.0,2581.138183662011,56,69,0,True,18,42.0,3,0.243913700003759,18,14,joint_route,3000018,5,14,7,102.0,3293.1381836620103,0.2439886999927694
default,238,11,11,True,11,0,0,4,22.0,316.6089169185638,132,660.0,2642.6980861042016,0,0,0,True,10,33.0,3,0.17251150000083726,12,11,joint_route,3000019,2,11,7,125.0,3482.6980861042016,0.17256920000363607
negative,238,11,11,True,11,0,0,4,22.0,296.5799178609716,132,660.0,2422.379096470687,69,103,0,True,10,33.0,3,0.16733550000935793,12,11,joint_route,3000019,2,11,7,125.0,3262.3790964706873,0.1674028000124963
default,284,13,13,True,13,0,0,4,26.0,308.4750139555094,119,595.0,3239.1751814216223,0,0,0,True,17,39.0,3,0.2087796999985585,15,13,joint_route,3000020,11,13,7,111.0,4010.1751814216223,0.20883730000059586
negative,284,13,13,True,13,0,0,4,26.0,305.7765472465002,119,595.0,3204.0951142045024,78,82,0,True,17,39.0,3,0.22078760000295006,15,13,joint_route,3000020,11,13,7,111.0,3975.0951142045024,0.2208701000054134
default,231,10,10,True,10,0,0,0,20.0,329.0831062308563,113,565.0,2569.8310623085627,0,0,0,True,10,30.0,3,0.20827820000704378,12,10,joint_route,3000021,0,10,7,106.0,3290.8310623085627,0.2083381999982521
negative,231,10,10,True,10,0,0,0,20.0,333.4208876665769,113,565.0,2613.208876665769,26,82,0,True,10,30.0,3,0.19336479999765288,12,10,joint_route,3000021,0,10,7,106.0,3334.208876665769,0.1934307999908924
default,376,16,16,True,16,0,0,1,32.0,237.98023765431074,115,575.0,3047.683802468972,0,0,0,True,25,48.0,3,0.2687819999991916,20,16,joint_route,3000022,5,16,7,105.0,3807.683802468972,0.2688444000086747
negative,376,16,16,True,16,0,0,1,32.0,232.81534680775835,115,575.0,2965.0455489241335,94,70,0,True,25,48.0,3,0.27301350000198,20,16,joint_route,3000022,5,16,7,105.0,3725.0455489241335,0.27308779998566024
default,296,10,10,True,10,0,0,0,20.0,363.02419069374884,129,645.0,2818.241906937488,0,0,0,True,7,30.0,3,0.19630190001043957,13,10,joint_route,3000023,1,10,7,117.0,3630.2419069374882,0.19635850000486244
negative,296,10,10,True,10,0,0,0,20.0,364.0403896624596,129,645.0,2828.403896624596,86,98,0,True,7,30.0,3,0.2036058000085177,13,10,joint_route,3000023,1,10,7,117.0,3640.4038966245957,0.20367869999608956
default,252,11,11,True,11,0,0,0,22.0,320.0273405965265,116,580.0,2778.300746561792,0,0,0,True,12,33.0,3,0.17735389999870677,16,10,joint_route,3000024,4,11,7,107.0,3520.300746561792,0.1774081999901682
negative,252,11,11,True,11,0,0,0,22.0,321.6525629804716,116,580.0,2796.1781927851875,45,84,0,True,12,33.0,3,0.18452049999905284,16,10,joint_route,3000024,4,11,7,107.0,3538.1781927851875,0.18459449999500066
default,241,10,10,True,10,0,0,0,20.0,360.0310618123457,122,610.0,2828.310618123456,0,0,0,True,13,30.0,3,0.1902152999973623,14,10,joint_route,3000025,3,10,7,112.0,3600.310618123457,0.19027389999246225
negative,229,10,10,True,10,0,0,0,20.0,345.90294103587973,121,605.0,2692.0294103587976,56,90,0,True,13,30.0,3,0.18659879999177065,14,10,joint_route,3000025,3,10,7,112.0,3459.0294103587976,0.18666619999567047
default,307,13,13,True,13,0,0,0,26.0,279.25516027552146,121,605.0,2847.317083581778,0,0,0,True,16,39.0,3,0.24983090000750963,17,13,joint_route,3000026,4,13,7,113.0,3630.3170835817787,0.24988829999347217
negative,307,13,13,True,13,0,0,0,26.0,277.48485669652746,121,605.0,2824.3031370548565,75,82,0,True,16,39.0,3,0.2477493000042159,17,13,joint_route,3000026,4,13,7,113.0,3607.303137054857,0.247824899997795
default,328,13,13,True,13,0,0,2,26.0,295.98871338842577,115,575.0,3103.853274049535,0,0,0,True,16,39.0,3,0.21697119998862036,17,13,joint_route,3000027,5,13,7,104.0,3847.853274049535,0.217027099992265
negative,316,13,13,True,13,0,0,2,26.0,278.3198327627901,114,570.0,2879.1578259162716,68,79,0,True,16,39.0,3,0.21486730000469834,17,13,joint_route,3000027,5,13,7,104.0,3618.1578259162716,0.21494389999134
default,277,12,12,True,12,0,0,1,24.0,290.19001905210956,114,570.0,2747.280228625315,0,0,0,True,18,36.0,3,0.2167368000082206,17,11,joint_route,3000028,4,12,7,105.0,3482.280228625315,0.21679900000162888
negative,277,12,12,True,12,0,0,1,24.0,290.19001905210956,114,570.0,2747.280228625315,47,75,0,True,18,36.0,3,0.22544600001128856,17,11,joint_route,3000028,4,12,7,105.0,3482.280228625315,0.22551979999116156
default,340,14,14,True,14,0,0,2,28.0,265.3901755322567,119,595.0,2941.4624574515938,0,0,0,True,15,42.0,3,0.23214949999237433,18,14,joint_route,3000029,5,14,7,109.0,3715.4624574515938,0.23220759999821894
negative,340,14,14,True,14,0,0,2,28.0,260.8282241883732,119,595.0,2877.5951386372244,77,80,0,True,15,42.0,3,0.24497709999559447,18,14,joint_route,3000029,5,14,7,109.0,3651.5951386372253,0.2450568999920506
default,400,16,16,True,16,0,0,1,32.0,254.87765770528108,113,565.0,3332.0425232844973,0,0,0,True,17,48.0,3,0.3209989000024507,21,15,joint_route,3000030,4,16,7,101.0,4078.0425232844973,0.3210611000104109
negative,400,16,16,True,16,0,0,1,32.0,252.06746015656358,113,565.0,3287.0793625050173,103,65,0,True,17,48.0,3,0.29482399999687914,21,15,joint_route,3000030,4,16,7,101.0,4033.0793625050173,0.2948967999982415
default,351,13,13,True,13,0,0,0,26.0,289.815074224369,122,610.0,2981.595964916797,0,0,0,True,10,39.0,3,0.229354199997033,18,12,joint_route,3000031,2,13,7,111.0,3767.5959649167976,0.22941709999577142
negative,351,13,13,True,13,0,0,0,26.0,289.7890082298991,122,610.0,2981.2571069886876,104,85,0,True,10,39.0,3,0.22850080000353046,18,12,joint_route,3000031,2,13,7,111.0,3767.257106988688,0.2285803999984637
default,262,15,15,True,15,0,0,3,30.0,230.3521353950896,111,555.0,2715.2820309263443,0,0,0,True,38,45.0,3,0.21284369999193586,18,13,joint_route,3000032,7,15,7,110.0,3455.282030926344,0.21290480000607204
negative,274,15,15,True,15,0,0,3,30.0,230.428679364428,112,560.0,2711.430190466421,68,71,0,True,38,45.0,3,0.22619709999707993,18,12,joint_route,3000032,7,15,7,110.0,3456.4301904664203,0.22627080000529531
default,286,13,13,True,13,0,0,2,26.0,283.48121138743255,123,615.0,2889.255748036623,0,0,0,True,17,39.0,3,0.22049950000655372,16,13,joint_route,3000033,2,13,7,116.0,3685.255748036623,0.22055600000021514
negative,286,13,13,True,13,0,0,2,26.0,283.3887652168718,123,615.0,2888.0539478193327,78,83,0,True,17,39.0,3,0.22618740001053084,16,12,joint_route,3000033,2,13,7,116.0,3684.0539478193327,0.22626060000038706
default,343,16,16,True,16,0,0,1,32.0,220.99641953711395,109,545.0,2807.9427125938228,0,0,0,True,19,48.0,3,0.25943230000848416,21,15,joint_route,3000034,3,16,7,103.0,3535.942712593823,0.2594991999940248
negative,367,16,16,True,16,0,0,1,32.0,222.84230366395204,111,555.0,2827.4768586232317,85,63,0,True,19,48.0,3,0.2823643999872729,21,14,joint_route,3000034,3,16,7,103.0,3565.4768586232326,0.2824412000045413
default,285,13,13,True,13,0,0,1,26.0,269.70146061421696,118,590.0,2740.118987984821,0,0,0,True,21,39.0,3,0.22349340000073425,17,12,joint_route,3000035,5,13,7,111.0,3506.1189879848207,0.22355929999321233
negative,273,13,13,True,13,0,0,1,26.0,262.3400268820056,117,585.0,2649.4203494660724,69,79,0,True,21,39.0,3,0.2159073999937391,17,13,joint_route,3000035,5,13,7,111.0,3410.4203494660724,0.2159854999918025
default,273,14,14,True,14,0,0,1,28.0,253.9232653826695,112,560.0,2819.925715357374,0,0,0,True,20,42.0,3,0.20521000000007916,18,14,joint_route,3000036,9,14,7,105.0,3554.925715357373,0.2052735000033863
negative,273,14,14,True,14,0,0,1,28.0,249.72718948536243,112,560.0,2761.180652795075,59,73,0,True,20,42.0,3,0.21947999999974854,18,14,joint_route,3000036,9,14,7,105.0,3496.180652795074,0.2195891000010306
default,343,15,15,True,15,0,0,4,30.0,244.78854626314023,116,580.0,2910.8281939471035,0,0,0,True,29,45.0,3,0.27437520000967197,17,14,joint_route,3000037,7,15,7,106.0,3671.8281939471035,0.2744360000069719
negative,343,15,15,True,15,0,0,4,30.0,244.78854626314023,116,580.0,2910.8281939471035,85,70,0,True,29,45.0,3,0.2706474000005983,17,14,joint_route,3000037,7,15,7,106.0,3671.8281939471035,0.2707273999985773
default,240,11,11,True,11,0,0,1,22.0,300.65650847398985,122,610.0,2526.221593213889,0,0,0,True,18,33.0,3,0.18481159998918884,15,11,joint_route,3000038,4,11,7,116.0,3307.2215932138884,0.18487870000535622
negative,228,11,11,True,11,0,0,1,22.0,300.2118584088252,121,605.0,2526.330442497078,58,90,0,True,18,33.0,3,0.18295020000368822,15,11,joint_route,3000038,4,11,7,116.0,3302.3304424970775,0.18302899999252986
default,206,10,10,True,10,0,0,0,20.0,319.4760480862471,121,605.0,2424.760480862471,0,0,0,True,10,30.0,3,0.16400540000176989,15,10,joint_route,3000039,2,10,7,115.0,3194.760480862471,0.1640629000030458
negative,230,10,10,True,10,0,0,0,20.0,320.2387668963259,123,615.0,2422.387668963259,63,93,0,True,10,30.0,3,0.17769519999274053,15,10,joint_route,3000039,2,10,7,115.0,3202.387668963259,0.1777635000034934
default,398,16,16,True,16,0,0,3,32.0,250.16194227667896,109,545.0,3279.5910764268624,0,0,0,True,12,48.0,3,0.2835107999999309,19,16,joint_route,3000040,3,16,7,98.0,4002.5910764268633,0.2835709000064526
negative,398,16,16,True,16,0,0,3,32.0,252.20477856586476,109,545.0,3312.276457053836,92,62,0,True,12,48.0,3,0.28517320001265034,19,16,joint_route,3000040,3,16,7,98.0,4035.276457053836,0.2852588999958243
default,242,11,11,True,11,0,0,0,22.0,294.04595529467036,116,580.0,2489.5055082413733,0,0,0,True,17,33.0,3,0.19112419999146368,16,10,joint_route,3000041,1,11,7,110.0,3234.5055082413737,0.19119000001228414
negative,242,11,11,True,11,0,0,0,22.0,294.04595529467036,116,580.0,2489.5055082413733,36,81,0,True,17,33.0,3,0.199812099992414,16,10,joint_route,3000041,1,11,7,110.0,3234.5055082413737,0.19987810000020545
default,377,15,15,True,15,0,0,3,30.0,249.16010470985685,120,600.0,2954.401570647853,0,0,0,True,13,45.0,3,0.263477900007274,18,13,joint_route,3000042,4,15,7,108.0,3737.4015706478526,0.26353880000533536
negative,377,15,15,True,15,0,0,3,30.0,249.16010470985685,120,600.0,2954.401570647853,107,75,0,True,13,45.0,3,0.26626229999237694,18,13,joint_route,3000042,4,15,7,108.0,3737.4015706478526,0.266351800004486
default,373,14,14,True,14,0,0,0,28.0,292.31301733610076,118,590.0,3324.382242705411,0,0,0,True,16,42.0,3,0.24411999998847023,19,13,joint_route,3000043,3,14,7,108.0,4092.3822427054106,0.24419310000666883
negative,385,14,14,True,14,0,0,0,28.0,292.7164196436844,119,595.0,3325.029875011581,101,79,0,True,16,42.0,3,0.25098509999224916,19,12,joint_route,3000043,3,14,7,108.0,4098.029875011582,0.25106419999792706
default,297,12,12,True,12,0,0,0,24.0,284.8881698535641,119,595.0,2653.6580382427687,0,0,0,True,18,36.0,3,0.2114280000096187,16,12,joint_route,3000044,1,12,7,110.0,3418.6580382427687,0.21149069999228232
negative,297,12,12,True,12,0,0,0,24.0,284.20024012958396,119,595.0,2645.4028815550078,64,83,0,True,18,36.0,3,0.21402990000206046,16,12,joint_route,3000044,1,12,7,110.0,3410.4028815550078,0.2140979999967385
default,355,15,15,True,15,0,0,1,30.0,255.09112535516354,110,550.0,3102.366880327453,0,0,0,True,17,45.0,3,0.25542839999252465,18,15,joint_route,3000045,4,15,7,99.0,3826.366880327453,0.25549270000192337
negative,355,15,15,True,15,0,0,1,30.0,246.03928663229908,110,550.0,2966.5892994844858,67,66,0,True,17,45.0,3,0.25803529999393504,18,14,joint_route,3000045,4,15,7,99.0,3690.589299484486,0.2581069000007119
default,385,15,15,True,15,0,0,1,30.0,268.5746084530467,120,600.0,3244.6191267957,0,0,0,True,15,45.0,3,0.24084349999611732,19,12,joint_route,3000046,3,15,7,109.0,4028.6191267957006,0.24090160000196192
negative,400,15,15,True,15,0,0,1,30.0,265.0219407183276,122,610.0,3181.329110774913,112,76,0,True,15,45.0,3,0.2675306000019191,19,12,joint_route,3000046,3,15,7,109.0,3975.3291107749137,0.26760409999405965
default,266,10,10,True,10,0,0,1,20.0,320.92706299609387,123,615.0,2432.2706299609385,0,0,0,True,6,30.0,3,0.19624299999850336,11,10,joint_route,3000047,0,10,7,112.0,3209.2706299609385,0.19630730000790209
negative,266,10,10,True,10,0,0,1,20.0,321.7995329308768,123,615.0,2440.9953293087683,68,90,0,True,6,30.0,3,0.2038587999995798,11,10,joint_route,3000047,0,10,7,112.0,3217.9953293087683,0.20393519999925047
default,341,15,15,True,15,0,0,1,30.0,235.76105555501837,111,555.0,2803.415833325277,0,0,0,True,13,45.0,3,0.23859610001090914,19,15,joint_route,3000048,2,15,7,103.0,3536.415833325276,0.23866149999957997
negative,329,15,15,True,15,0,0,1,30.0,229.34285273688434,110,550.0,2712.142791053265,69,69,0,True,13,45.0,3,0.23648859999957494,19,15,joint_route,3000048,2,15,7,103.0,3440.1427910532652,0.23656669999763835
default,407,16,16,True,16,0,0,1,32.0,237.3818594133655,92,460.0,3179.109750613847,0,0,0,True,8,48.0,3,0.25038270000368357,17,14,joint_route,3000049,0,16,7,79.0,3798.109750613848,0.2504431000124896
negative,407,16,16,True,16,0,0,1,32.0,230.79673139946598,92,460.0,3073.7477023914557,49,49,0,True,8,48.0,3,0.24848650000058115,17,14,joint_route,3000049,0,16,7,79.0,3692.7477023914557,0.24858460000541527
default,237,11,11,True,11,0,0,0,22.0,283.69476259562794,115,575.0,2381.6423885519075,0,0,0,True,6,33.0,3,0.1511497000028612,13,11,joint_route,3000050,0,11,7,109.0,3120.642388551907,0.15120680000109132
negative,237,11,11,True,11,0,0,0,22.0,272.1794597942847,115,575.0,2254.974057737131,45,87,0,True,6,33.0,3,0.1598182000016095,13,11,joint_route,3000050,0,11,7,109.0,2993.9740577371317,0.15989239999908023
default,338,15,15,True,15,0,0,0,30.0,265.76654528037506,115,575.0,3229.4981792056255,0,0,0,True,8,45.0,3,0.21583400000235997,19,15,joint_route,3000051,2,15,7,107.0,3986.4981792056255,0.21589349998976104
negative,362,15,15,True,15,0,0,0,30.0,265.1103431654374,117,585.0,3209.6551474815606,99,77,0,True,8,45.0,3,0.2401635999995051,19,15,joint_route,3000051,2,15,7,107.0,3976.655147481561,0.24024529999587685
default,374,15,15,True,15,0,0,2,30.0,259.2711100420127,109,545.0,3171.0666506301905,0,0,0,True,9,45.0,3,0.25254990000394173,17,15,joint_route,3000052,3,15,7,98.0,3889.066650630191,0.25261360000877175
negative,362,15,15,True,15,0,0,2,30.0,247.6458228006692,108,540.0,3001.687342010038,58,67,0,True,9,45.0,3,0.24396880000131205,17,15,joint_route,3000052,3,15,7,98.0,3714.6873420100383,0.24403829999209847
default,194,10,10,True,10,0,0,1,20.0,351.6905698476818,117,585.0,2772.9056984768176,0,0,0,True,6,30.0,3,0.1486503000051016,11,10,joint_route,3000053,0,10,7,109.0,3516.9056984768176,0.14871160000620876
negative,194,10,10,True,10,0,0,1,20.0,340.36563919623643,117,585.0,2659.656391962364,43,88,0,True,6,30.0,3,0.15312959998846054,11,10,joint_route,3000053,0,10,7,109.0,3403.656391962364,0.15319880000606645
default,331,14,14,True,14,0,0,1,28.0,245.5323877321808,118,590.0,2668.453428250531,0,0,0,True,14,42.0,3,0.22372969999560155,18,13,joint_route,3000054,3,14,7,109.0,3437.4534282505315,0.22378929999831598
negative,343,14,14,True,14,0,0,1,28.0,245.36345508708519,119,595.0,2661.088371219192,85,78,0,True,14,42.0,3,0.23517200000060257,18,12,joint_route,3000054,3,14,7,109.0,3435.0883712191926,0.23524320000433363
default,297,14,14,True,14,0,0,2,28.0,244.3199233532892,119,595.0,2642.4789269460484,0,0,0,True,25,42.0,3,0.2160204999963753,17,14,joint_route,3000055,3,14,7,113.0,3420.478926946049,0.21607820001372602
negative,309,14,14,True,14,0,0,2,28.0,238.54977576897485,120,600.0,2556.6968607656477,85,79,0,True,25,42.0,3,0.23143770000024233,17,14,joint_route,3000055,3,14,7,113.0,3339.696860765648,0.23151579999830574
default,273,10,10,True,10,0,0,0,20.0,332.42304354143346,125,625.0,2534.2304354143344,0,0,0,True,8,30.0,3,0.17524110000522342,14,10,joint_route,3000056,2,10,7,115.0,3324.2304354143344,0.1752963000035379
negative,273,10,10,True,10,0,0,0,20.0,332.15770333517696,125,625.0,2531.5770333517694,63,95,0,True,8,30.0,3,0.1788656999997329,14,10,joint_route,3000056,2,10,7,115.0,3321.5770333517694,0.17893379999441095
default,204,10,10,True,10,0,0,0,20.0,331.5178574615017,123,615.0,2532.178574615017,0,0,0,True,9,30.0,3,0.14277180000499357,15,9,joint_route,3000057,2,10,7,118.0,3315.178574615017,0.1428308000031393
negative,204,10,10,True,10,0,0,0,20.0,328.7857146735555,123,615.0,2504.857146735556,45,97,0,True,9,30.0,3,0.14232799998717383,15,9,joint_route,3000057,2,10,7,118.0,3287.857146735555,0.14244830000097863
default,308,12,12,True,12,0,0,0,24.0,267.3411540743844,125,625.0,2409.0938488926126,0,0,0,True,13,36.0,3,0.20409270000527613,17,12,joint_route,3000058,3,12,7,114.0,3208.093848892613,0.20415029999276157
negative,308,12,12,True,12,0,0,0,24.0,271.67316643610366,125,625.0,2461.0779972332425,101,90,0,True,13,36.0,3,0.20632759999716654,17,12,joint_route,3000058,3,12,7,114.0,3260.077997233244,0.2063995999924373
default,261,11,11,True,11,0,0,0,22.0,309.68716454745334,124,620.0,2616.5588100219875,0,0,0,True,12,33.0,3,0.17342880000069272,15,11,joint_route,3000059,4,11,7,115.0,3406.5588100219866,0.17348630000196863
negative,261,11,11,True,11,0,0,0,22.0,309.68716454745334,124,620.0,2616.5588100219875,74,93,0,True,12,33.0,3,0.18250389999593608,15,11,joint_route,3000059,4,11,7,115.0,3406.5588100219866,0.1825756000034744
default,251,10,10,True,10,0,0,0,20.0,382.16057180060545,117,585.0,3078.6057180060543,0,0,0,True,9,30.0,3,0.17549870000220835,13,10,joint_route,3000060,0,10,7,108.0,3821.6057180060543,0.17556279999553226
negative,251,10,10,True,10,0,0,0,20.0,381.6469834302912,117,585.0,3073.4698343029117,38,87,0,True,9,30.0,3,0.17463459999999031,13,10,joint_route,3000060,0,10,7,108.0,3816.4698343029117,0.17469970000092871
default,352,16,16,True,16,0,0,2,32.0,234.37574195083718,124,620.0,2934.011871213394,0,0,0,True,21,48.0,3,0.23457970000163186,19,15,joint_route,3000061,3,16,7,116.0,3750.011871213395,0.2346386999997776
negative,364,16,16,True,16,0,0,2,32.0,229.2234123221443,125,625.0,2846.574597154308,111,81,0,True,21,48.0,3,0.25394080000114627,19,15,joint_route,3000061,3,16,7,116.0,3667.574597154309,0.2540212000021711
default,356,16,16,True,16,0,0,1,32.0,232.1653180336592,103,515.0,3025.645088538547,0,0,0,True,27,48.0,3,0.29316310001013335,21,16,joint_route,3000062,2,16,7,94.0,3714.645088538547,0.29322740000498015
negative,356,16,16,True,16,0,0,1,32.0,232.1653180336592,103,515.0,3025.645088538547,60,53,0,True,27,48.0,3,0.29286400000273716,21,16,joint_route,3000062,2,16,7,94.0,3714.645088538547,0.2929452999960631
default,357,15,15,True,15,0,0,3,30.0,254.3997525037677,118,590.0,3043.996287556516,0,0,0,True,20,45.0,3,0.2586726000008639,18,15,joint_route,3000063,8,15,7,107.0,3815.9962875565157,0.2587340000027325
negative,357,15,15,True,15,0,0,3,30.0,247.14284582307542,118,590.0,2935.142687346132,110,70,0,True,20,45.0,3,0.27734739999868907,18,14,joint_route,3000063,8,15,7,107.0,3707.1426873461314,0.2774219999992056
default,239,11,11,True,11,0,0,1,22.0,333.29641782446464,117,585.0,2916.260596069111,0,0,0,True,6,33.0,3,0.17069199999968987,16,11,joint_route,3000064,2,11,7,110.0,3666.2605960691108,0.17075380000460427
negative,203,11,11,True,11,0,0,1,22.0,303.277479202047,114,570.0,2601.052271222518,33,87,0,True,6,33.0,3,0.14499400000204332,16,11,joint_route,3000064,2,11,7,110.0,3336.052271222517,0.14506120000442024
default,261,12,12,True,12,0,0,2,24.0,285.763382354191,123,615.0,2639.1605882502913,0,0,0,True,8,36.0,3,0.1727346999978181,15,11,joint_route,3000065,2,12,7,115.0,3429.1605882502918,0.17279200001212303
negative,273,12,12,True,12,0,0,2,24.0,284.71273454961005,124,620.0,2621.5528145953203,88,91,0,True,8,36.0,3,0.1796969999995781,15,10,joint_route,3000065,2,12,7,115.0,3416.552814595321,0.17976980000094045
default,261,11,11,True,11,0,0,1,22.0,326.6135758015155,125,625.0,2796.7493338166696,0,0,0,True,12,33.0,3,0.1757696999993641,14,11,joint_route,3000066,2,11,7,116.0,3592.74933381667,0.17583389999344945
negative,273,11,11,True,11,0,0,1,22.0,326.21637941953446,126,630.0,2787.3801736148794,83,95,0,True,12,33.0,3,0.18397130000812467,14,10,joint_route,3000066,2,11,7,116.0,3588.3801736148794,0.184044299996458
default,344,15,15,True,15,0,0,0,30.0,237.2257634428559,109,545.0,2838.3864516428384,0,0,0,True,18,45.0,3,0.25444879999849945,20,15,joint_route,3000067,11,15,7,100.0,3558.3864516428384,0.25452230000519194
negative,344,15,15,True,15,0,0,0,30.0,237.19782972960567,109,545.0,2837.967445944085,82,64,0,True,18,45.0,3,0.25533900001028087,20,14,joint_route,3000067,11,15,7,100.0,3557.9674459440853,0.25541459998930804
default,401,16,16,True,16,0,0,4,32.0,258.47365750813486,125,625.0,3317.5785201301564,0,0,0,True,25,48.0,3,0.298980899999151,18,16,joint_route,3000068,5,16,7,113.0,4135.578520130158,0.29905000000144355
negative,401,16,16,True,16,0,0,4,32.0,252.18103632202084,125,625.0,3216.8965811523326,133,74,0,True,25,48.0,3,0.30343460000585765,18,16,joint_route,3000068,5,16,7,113.0,4034.8965811523335,0.30351330000848975
default,205,10,10,True,10,0,0,0,20.0,319.0459016924292,125,625.0,2395.459016924292,0,0,0,True,12,30.0,3,0.13958550000097603,15,10,joint_route,3000069,3,10,7,120.0,3190.459016924292,0.13963649999641348
negative,229,10,10,True,10,0,0,0,20.0,320.5569887745099,127,635.0,2400.5698877450973,80,98,0,True,12,30.0,3,0.1651113000116311,15,10,joint_route,3000069,3,10,7,120.0,3205.5698877450986,0.16518050000013318
default,250,12,12,True,12,0,0,1,24.0,287.19872726814737,115,575.0,2702.3847272177677,0,0,0,True,12,36.0,3,0.17022200000064913,14,12,joint_route,3000070,1,12,7,109.0,3446.384727217768,0.17028099999879487
negative,262,12,12,True,12,0,0,1,24.0,291.2041134141106,116,580.0,2745.4493609693272,49,83,0,True,12,36.0,3,0.18249930000456516,14,12,joint_route,3000070,1,12,7,109.0,3494.4493609693272,0.1825745999958599
default,273,12,12,True,12,0,0,2,24.0,331.26087841298335,129,645.0,3149.1305409558,0,0,0,True,14,36.0,3,0.19698520000383724,15,12,joint_route,3000071,6,12,7,121.0,3975.1305409558004,0.197045299995807
negative,285,12,12,True,12,0,0,2,24.0,331.0128341629085,130,650.0,3141.154009954902,91,94,0,True,14,36.0,3,0.20489969999471214,15,11,joint_route,3000071,6,12,7,121.0,3972.154009954902,0.20497249999607448
default,365,16,16,True,16,0,0,3,32.0,250.37308848841903,114,570.0,3251.9694158147045,0,0,0,True,20,48.0,3,0.27395550000073854,19,16,joint_route,3000072,11,16,7,104.0,4005.9694158147045,0.27402310000616126
negative,389,16,16,True,16,0,0,3,32.0,250.0994406426044,116,580.0,3237.5910502816705,107,66,0,True,20,48.0,3,0.28378179999708664,19,16,joint_route,3000072,11,16,7,104.0,4001.5910502816705,0.2838633000064874
default,309,13,13,True,13,0,0,0,26.0,265.1682574950095,117,585.0,2689.187347435124,0,0,0,True,20,39.0,3,0.21528639999451116,18,13,joint_route,3000073,5,13,7,108.0,3447.187347435124,0.21534900000551715
negative,321,13,13,True,13,0,0,0,26.0,261.491478206825,118,590.0,2636.3892166887244,80,79,0,True,20,39.0,3,0.2303581000014674,18,13,joint_route,3000073,5,13,7,108.0,3399.3892166887244,0.23043150000739843
default,239,10,10,True,10,0,0,2,20.0,351.0137385546675,120,600.0,2750.137385546675,0,0,0,True,4,30.0,3,0.1545361999887973,11,9,joint_route,3000074,1,10,7,110.0,3510.137385546675,0.15459599999303464
negative,251,10,10,True,10,0,0,2,20.0,326.0312492208827,121,605.0,2495.312492208827,59,92,0,True,4,30.0,3,0.16641659999731928,11,10,joint_route,3000074,1,10,7,110.0,3260.3124922088273,0.16648800000257324
default,239,11,11,True,11,0,0,0,22.0,318.03242476592527,115,575.0,2760.3566724251773,0,0,0,True,13,33.0,3,0.1608097000134876,16,10,joint_route,3000075,2,11,7,108.0,3498.3566724251777,0.16086519999953452
negative,251,11,11,True,11,0,0,0,22.0,317.71285968486706,116,580.0,2751.8414565335374,54,84,0,True,13,33.0,3,0.17467160000524018,16,10,joint_route,3000075,2,11,7,108.0,3494.841456533538,0.17473539999627974
default,340,16,16,True,16,0,0,1,32.0,218.51490560778402,101,505.0,2816.2384897245447,0,0,0,True,16,48.0,3,0.24309720000019297,20,16,joint_route,3000076,3,16,7,95.0,3496.2384897245443,0.24315819999901578
negative,340,16,16,True,16,0,0,1,32.0,219.09590837210243,101,505.0,2825.5345339536393,54,57,0,True,16,48.0,3,0.24943890000577085,20,16,joint_route,3000076,3,16,7,95.0,3505.534533953639,0.24951389999478124
default,229,11,11,True,11,0,0,1,22.0,328.9517815275984,119,595.0,2856.469596803581,0,0,0,True,11,33.0,3,0.16652780000003986,15,10,joint_route,3000077,2,11,7,112.0,3618.4695968035826,0.16658339998684824
negative,217,11,11,True,11,0,0,1,22.0,318.9699650346748,118,590.0,2751.669615381422,53,88,0,True,11,33.0,3,0.16275899999891408,15,10,joint_route,3000077,2,11,7,112.0,3508.6696153814223,0.16283099999418482
default,215,11,11,True,11,0,0,0,22.0,307.0156372221333,120,600.0,2607.1720094434654,0,0,0,True,12,33.0,3,0.17041109999991022,15,11,joint_route,3000078,2,11,7,115.0,3377.1720094434663,0.170467700008885
negative,215,11,11,True,11,0,0,0,22.0,307.0156372221333,120,600.0,2607.1720094434654,49,90,0,True,12,33.0,3,0.17368429999623913,15,11,joint_route,3000078,2,11,7,115.0,3377.1720094434663,0.1737554999999702
default,352,15,15,True,15,0,0,6,30.0,278.0602588916434,124,620.0,3360.9038833746517,0,0,0,True,35,45.0,3,0.24164520000340417,15,15,joint_route,3000079,12,15,7,115.0,4170.903883374651,0.24170969999977387
negative,352,15,15,True,15,0,0,6,30.0,270.03165631679786,124,620.0,3240.4748447519682,100,81,0,True,35,45.0,3,0.23997459998645354,15,15,joint_route,3000079,12,15,7,115.0,4050.4748447519682,0.240043700003298
default,366,14,14,True,14,0,0,0,28.0,292.3689612340269,118,590.0,3325.165457276377,0,0,0,True,15,42.0,3,0.25315769998996984,19,14,joint_route,3000080,2,14,7,108.0,4093.1654572763773,0.25321850000182167
negative,378,14,14,True,14,0,0,0,28.0,291.13661767220776,119,595.0,3302.912647410909,94,74,0,True,15,42.0,3,0.2703880000044592,19,14,joint_route,3000080,2,14,7,108.0,4075.912647410909,0.2704599999997299
default,376,15,15,True,15,0,0,0,30.0,232.25391248666722,107,535.0,2777.8086873000084,0,0,0,True,12,45.0,3,0.255415699997684,19,15,joint_route,3000081,2,15,7,96.0,3483.8086873000084,0.2554750999988755
negative,376,15,15,True,15,0,0,0,30.0,232.25391248666722,107,535.0,2777.8086873000084,71,64,0,True,12,45.0,3,0.25823639999725856,19,15,joint_route,3000081,2,15,7,96.0,3483.8086873000084,0.2583070999971824
default,262,12,12,True,12,0,0,0,24.0,288.0327323911227,115,575.0,2712.3927886934716,0,0,0,True,12,36.0,3,0.17675909999525174,17,11,joint_route,3000082,2,12,7,109.0,3456.3927886934725,0.17681469999661203
negative,274,12,12,True,12,0,0,0,24.0,280.3378902175918,116,580.0,2615.0546826111017,52,82,0,True,12,36.0,3,0.19202089999453165,17,11,joint_route,3000082,2,12,7,109.0,3364.0546826111017,0.19209159999445546
default,308,12,12,True,12,0,0,2,24.0,313.23835832447077,127,635.0,2947.860299893649,0,0,0,True,12,36.0,3,0.2029669999901671,16,10,joint_route,3000083,3,12,7,116.0,3758.860299893649,0.2030271000112407
negative,320,12,12,True,12,0,0,2,24.0,313.8629254708189,128,640.0,2950.3551056498263,104,91,0,True,12,36.0,3,0.22068760001275223,16,10,joint_route,3000083,3,12,7,116.0,3766.3551056498263,0.22075900000345428
default,352,16,16,True,16,0,0,3,32.0,239.71453319445462,117,585.0,3061.4325311112734,0,0,0,True,23,48.0,3,0.22900159998971503,19,15,joint_route,3000084,5,16,7,109.0,3835.432531111274,0.22905759999412112
negative,376,16,16,True,16,0,0,3,32.0,232.32715477586794,119,595.0,2933.234476413887,123,74,0,True,23,48.0,3,0.276178300002357,19,15,joint_route,3000084,5,16,7,109.0,3717.234476413887,0.27627109999593813
default,388,16,16,True,16,0,0,0,32.0,206.39781209145224,112,560.0,2561.364993463236,0,0,0,True,23,48.0,3,0.27377299999352545,21,15,joint_route,3000085,5,16,6,101.0,3302.364993463236,0.27384960000927094
negative,388,16,16,True,16,0,0,0,32.0,206.9592539027137,112,560.0,2570.3480624434196,109,66,0,True,23,48.0,3,0.2663151000015205,21,15,joint_route,3000085,5,16,6,101.0,3311.348062443419,0.2663916000019526
default,390,16,16,True,16,0,0,1,32.0,234.425767094311,107,535.0,3038.812273508975,0,0,0,True,25,48.0,3,0.2732432000047993,21,15,joint_route,3000086,11,16,7,97.0,3750.812273508976,0.27330119999533053
negative,390,16,16,True,16,0,0,1,32.0,234.8451414961796,107,535.0,3045.522263938873,81,58,0,True,25,48.0,3,0.276394699991215,21,15,joint_route,3000086,11,16,7,97.0,3757.5222639388735,0.2764634000050137
default,307,14,14,True,14,0,0,2,28.0,265.68369273930654,117,585.0,2954.57169835029,0,0,0,True,11,42.0,3,0.20144429999345448,17,13,joint_route,3000087,2,14,7,110.0,3719.571698350291,0.20150130000547506
negative,295,14,14,True,14,0,0,2,28.0,252.91626280466082,116,580.0,2780.8276792652505,66,79,0,True,11,42.0,3,0.20037210000737105,17,13,joint_route,3000087,2,14,7,110.0,3540.8276792652514,0.20044790000247303
default,410,16,16,True,16,0,0,1,32.0,257.8319143057875,110,550.0,3396.3106288926,0,0,0,True,20,48.0,3,0.26855320000322536,21,15,joint_route,3000088,8,16,7,99.0,4125.3106288926,0.26861440000357106
negative,389,16,16,True,16,0,0,1,32.0,257.2253012930932,109,545.0,3391.6048206894907,88,62,0,True,20,48.0,3,0.2728263000026345,21,15,joint_route,3000088,8,16,7,99.0,4115.604820689491,0.2729028999892762
default,286,12,12,True,12,0,0,1,24.0,304.2654159599096,130,650.0,2821.184991518916,0,0,0,True,8,36.0,3,0.20307109999703243,15,12,joint_route,3000089,2,12,7,120.0,3651.1849915189155,0.2031351000041468
negative,286,12,12,True,12,0,0,1,24.0,304.2654159599096,130,650.0,2821.184991518916,100,94,0,True,8,36.0,3,0.20288649998838082,15,12,joint_route,3000089,2,12,7,120.0,3651.1849915189155,0.2029612000042107
default,263,13,13,True,13,0,0,1,26.0,275.15372681043635,120,600.0,2797.9984485356727,0,0,0,True,25,39.0,3,0.211478299999726,18,13,joint_route,3000090,8,13,7,114.0,3576.9984485356727,0.21154560000286438
negative,263,13,13,True,13,0,0,1,26.0,268.1303689416651,120,600.0,2706.6947962416466,66,83,0,True,25,39.0,3,0.20626749999064486,18,13,joint_route,3000090,8,13,7,114.0,3485.6947962416466,0.20633919999818318
default,356,16,16,True,16,0,0,1,32.0,225.80298108475745,107,535.0,2898.847697356119,0,0,0,True,28,48.0,3,0.26843590001226403,21,16,joint_route,3000091,6,16,7,99.0,3612.847697356119,0.26850439999543596
negative,356,16,16,True,16,0,0,1,32.0,225.18260349997107,107,535.0,2888.921655999537,80,58,0,True,28,48.0,3,0.3062435000028927,21,16,joint_route,3000091,6,16,7,99.0,3602.921655999537,0.306324900011532
default,227,11,11,True,11,0,0,1,22.0,312.1797198349798,117,585.0,2683.9769181847782,0,0,0,True,8,33.0,3,0.16201890000957064,14,11,joint_route,3000092,2,11,7,110.0,3433.976918184778,0.1620822999975644
negative,227,11,11,True,11,0,0,1,22.0,305.0442522825484,117,585.0,2605.486775108033,45,87,0,True,8,33.0,3,0.16304650000529364,14,11,joint_route,3000092,2,11,7,110.0,3355.486775108033,0.16312959999777377
default,329,14,14,True,14,0,0,0,28.0,241.4559251713892,105,525.0,2688.382952399448,0,0,0,True,9,42.0,3,0.22175599999900442,17,14,joint_route,3000093,0,14,7,97.0,3380.3829523994486,0.22181649999401998
negative,329,14,14,True,14,0,0,0,28.0,242.06252152183495,105,525.0,2696.875301305689,61,65,0,True,9,42.0,3,0.24089509999612346,17,14,joint_route,3000093,0,14,7,97.0,3388.8753013056894,0.2409680999990087
default,354,15,15,True,15,0,0,1,30.0,242.17450417329414,126,630.0,2810.617562599412,0,0,0,True,22,45.0,3,0.24606750000384636,19,14,joint_route,3000094,5,15,7,117.0,3632.617562599412,0.24612779999733903
negative,366,15,15,True,15,0,0,1,30.0,241.99692538396195,127,635.0,2802.9538807594295,131,83,0,True,22,45.0,3,0.2516325000033248,19,13,joint_route,3000094,5,15,7,117.0,3629.9538807594295,0.2517063999985112
default,354,15,15,True,15,0,0,3,30.0,250.9158999970159,114,570.0,3014.7384999552387,0,0,0,True,24,45.0,3,0.24321480000799056,18,15,joint_route,3000095,4,15,7,104.0,3763.7384999552387,0.24327510000148322
negative,366,15,15,True,15,0,0,3,30.0,250.73036827227932,115,575.0,3006.9555240841887,96,71,0,True,24,45.0,3,0.2575286000064807,18,15,joint_route,3000095,4,15,7,104.0,3760.9555240841896,0.25760230000014417
default,296,12,12,True,12,0,0,0,24.0,298.76506651207205,121,605.0,2808.180798144864,0,0,0,True,14,36.0,3,0.19249330001184717,17,12,joint_route,3000096,1,12,7,112.0,3585.1807981448646,0.19255400000838563
negative,296,12,12,True,12,0,0,0,24.0,298.9487348511214,121,605.0,2810.3848182134566,74,87,0,True,14,36.0,3,0.19838549999985844,17,12,joint_route,3000096,1,12,7,112.0,3587.384818213457,0.19845890000578947
default,339,14,14,True,14,0,0,3,28.0,266.66527181338313,122,610.0,2940.313805387364,0,0,0,True,13,42.0,3,0.22271390000241809,17,13,joint_route,3000097,4,14,7,113.0,3733.313805387364,0.22277589999430347
negative,306,14,14,True,14,0,0,3,28.0,252.73856827054425,120,600.0,2755.3399557876196,81,82,0,True,13,42.0,3,0.21768989998963661,17,13,joint_route,3000097,4,14,7,113.0,3538.3399557876196,0.21776439998939168
default,294,14,14,True,14,0,0,0,28.0,248.8674749078822,118,590.0,2711.14464871035,0,0,0,True,18,42.0,3,0.2071904999902472,19,13,joint_route,3000098,5,14,7,113.0,3484.144648710351,0.20724820000759792
negative,330,14,14,True,14,0,0,0,28.0,248.49101981450625,121,605.0,2690.8742774030866,92,81,0,True,18,42.0,3,0.2253701000008732,19,12,joint_route,3000098,5,14,7,113.0,3478.8742774030875,0.22544009999546688
default,342,14,14,True,14,0,0,0,28.0,255.17409494763857,118,590.0,2803.437329266939,0,0,0,True,22,42.0,3,0.2236620000039693,19,13,joint_route,3000099,5,14,7,109.0,3572.4373292669397,0.223733099992387
negative,342,14,14,True,14,0,0,0,28.0,253.30532471217157,118,590.0,2777.2745459704015,88,78,0,True,22,42.0,3,0.22847600000386592,19,13,joint_route,3000099,5,14,7,109.0,3546.274545970402,0.22855840000556782
default,285,11,11,True,11,0,0,0,22.0,299.8990786252312,117,585.0,2552.889864877544,0,0,0,True,3,33.0,3,0.18135079999046866,12,9,joint_route,3000100,0,11,7,106.0,3298.8898648775435,0.18141069999546744
negative,273,11,11,True,11,0,0,0,22.0,292.5258997416204,116,580.0,2476.784897157825,56,85,0,True,3,33.0,3,0.1778885999956401,12,9,joint_route,3000100,0,11,7,106.0,3217.784897157824,0.1779606999916723
default,218,10,10,True,10,0,0,3,20.0,329.5772779568466,127,635.0,2490.7727795684664,0,0,0,True,16,30.0,3,0.16905580001184717,13,10,joint_route,3000101,8,10,7,120.0,3295.7727795684664,0.16911889999755658
negative,218,10,10,True,10,0,0,3,20.0,332.7658268225818,127,635.0,2522.658268225818,62,94,0,True,16,30.0,3,0.1763890000001993,13,10,joint_route,3000101,8,10,7,120.0,3327.658268225818,0.1764614999992773
default,262,12,12,True,12,0,0,2,24.0,280.6257310615998,121,605.0,2590.5087727391983,0,0,0,True,14,36.0,3,0.1841495999979088,16,12,joint_route,3000102,5,12,7,112.0,3367.508772739198,0.18420610000612214
negative,286,12,12,True,12,0,0,2,24.0,278.89966544472185,123,615.0,2559.7959853366633,82,88,0,True,14,36.0,3,0.19889830000465736,16,12,joint_route,3000102,5,12,7,112.0,3346.7959853366624,0.19897209999908227
default,298,13,13,True,13,0,0,0,26.0,263.0947458872052,118,590.0,2654.2316965336686,0,0,0,True,21,39.0,3,0.2122312999999849,18,12,joint_route,3000103,5,13,7,111.0,3420.2316965336677,0.21229589999711607
negative,274,13,13,True,13,0,0,0,26.0,257.73139103437376,116,580.0,2594.508083446859,58,80,0,True,21,39.0,3,0.19931889999134,18,13,joint_route,3000103,5,13,7,111.0,3350.508083446859,0.19941929999913555
default,273,11,11,True,11,0,0,0,22.0,338.82771104677346,122,610.0,2948.1048215145074,0,0,0,True,14,33.0,3,0.18367109999235254,16,11,joint_route,3000104,3,11,7,114.0,3727.104821514508,0.18372679999447428
negative,285,11,11,True,11,0,0,0,22.0,326.13950020391286,123,615.0,2803.5345022430397,77,90,0,True,14,33.0,3,0.19998250000935514,16,11,joint_route,3000104,3,11,7,114.0,3587.5345022430415,0.2000551999954041
default,342,13,13,True,13,0,0,0,26.0,256.1889687879538,116,580.0,2581.4565942434,0,0,0,True,6,39.0,3,0.22318739999900572,15,12,joint_route,3000105,2,13,7,104.0,3330.4565942433996,0.22325480000290554
negative,354,13,13,True,13,0,0,0,26.0,252.55516383356357,117,585.0,2529.2171298363273,84,78,0,True,6,39.0,3,0.22357579998788424,15,12,joint_route,3000105,2,13,7,104.0,3283.2171298363264,0.22364480000396725
default,354,12,12,True,12,0,0,0,24.0,267.33426143918524,106,530.0,2526.0111372702227,0,0,0,True,8,36.0,3,0.216489400001592,15,10,joint_route,3000106,1,12,7,92.0,3208.0111372702227,0.21654530000523664
negative,354,12,12,True,12,0,0,0,24.0,267.9073564032876,106,530.0,2532.8882768394515,31,69,0,True,8,36.0,3,0.21588369998789858,15,11,joint_route,3000106,1,12,7,92.0,3214.8882768394515,0.21594609999738168
default,323,13,13,True,13,0,0,3,26.0,284.8297380960697,124,620.0,2904.7865952489055,0,0,0,True,26,39.0,3,0.23889030001009814,16,13,joint_route,3000107,5,13,7,113.0,3702.7865952489065,0.23895299999276176
negative,323,13,13,True,13,0,0,3,26.0,284.8297380960697,124,620.0,2904.7865952489055,90,81,0,True,26,39.0,3,0.24833549998584203,16,13,joint_route,3000107,5,13,7,113.0,3702.7865952489065,0.2484161999891512
default,250,11,11,True,11,0,0,1,22.0,323.95334204657837,125,625.0,2767.486762512362,0,0,0,True,9,33.0,3,0.16905789999873377,16,11,joint_route,3000108,4,11,7,116.0,3563.486762512362,0.1691172999999253
negative,262,11,11,True,11,0,0,1,22.0,310.8183524321427,126,630.0,2618.0018767535694,71,95,0,True,9,33.0,3,0.17027639999287203,16,10,joint_route,3000108,4,11,7,116.0,3419.00187675357,0.17034419999981765
default,352,15,15,True,15,0,0,0,30.0,262.9546864175059,109,545.0,3223.3202962625887,0,0,0,True,14,45.0,3,0.2216852999990806,20,13,joint_route,3000109,10,15,7,101.0,3944.3202962625887,0.22174419999646489
negative,352,15,15,True,15,0,0,0,30.0,264.51432152406375,109,545.0,3246.7148228609562,82,67,0,True,14,45.0,3,0.2299625999876298,20,13,joint_route,3000109,10,15,7,101.0,3967.714822860956,0.23003540000354405
default,374,14,14,True,14,0,0,3,28.0,269.11388348613224,127,635.0,2947.5943688058514,0,0,0,True,18,42.0,3,0.23113569999986794,17,13,joint_route,3000110,8,14,7,115.0,3767.594368805851,0.23119690000021365
negative,377,14,14,True,14,0,0,3,28.0,268.917603520574,128,640.0,2939.8464492880357,121,86,0,True,18,42.0,3,0.24271390000649262,17,13,joint_route,3000110,8,14,7,115.0,3764.8464492880357,0.24279119999846444
default,396,16,16,True,16,0,0,1,32.0,229.73507123625654,106,530.0,2971.7611397801043,0,0,0,True,4,48.0,3,0.24379799999587703,18,16,joint_route,3000111,0,16,7,94.0,3675.7611397801047,0.24387210000713822
negative,384,16,16,True,16,0,0,1,32.0,218.29658530195704,105,525.0,2793.745364831312,67,63,0,True,4,48.0,3,0.23179229999368545,18,15,joint_route,3000111,0,16,7,94.0,3492.7453648313126,0.23187209999014158
default,264,12,12,True,12,0,0,0,24.0,266.32988952909534,113,565.0,2463.9586743491445,0,0,0,True,20,36.0,3,0.21448059999966063,17,11,joint_route,3000112,2,12,7,107.0,3195.958674349144,0.21456360000593122
negative,252,12,12,True,12,0,0,0,24.0,258.6415251218269,112,560.0,2376.6983014619227,37,74,0,True,20,36.0,3,0.21302799999830313,17,12,joint_route,3000112,2,12,7,107.0,3103.6983014619223,0.21310010000888724
default,362,15,15,True,15,0,0,0,30.0,237.2187118437501,100,500.0,2892.2806776562525,0,0,0,True,17,45.0,3,0.2443624000006821,20,15,joint_route,3000113,2,15,7,91.0,3558.2806776562516,0.24442349998571444
negative,350,15,15,True,15,0,0,0,30.0,235.9425479098961,99,495.0,2878.1382186484425,43,58,0,True,17,45.0,3,0.23806499999773223,20,15,joint_route,3000113,2,15,7,91.0,3539.1382186484416,0.23813859999063425
default,240,11,11,True,11,0,0,1,22.0,341.40236913539866,118,590.0,2999.4260604893843,0,0,0,True,14,33.0,3,0.1780293000047095,16,11,joint_route,3000114,5,11,7,111.0,3755.4260604893852,0.1780888000066625
negative,240,11,11,True,11,0,0,1,22.0,341.1091691540843,118,590.0,2996.200860694927,50,85,0,True,14,33.0,3,0.183406099997228,16,11,joint_route,3000114,5,11,7,111.0,3752.2008606949275,0.18347519999952056
default,387,16,16,True,16,0,0,2,32.0,247.29301307404637,116,580.0,3190.6882091847415,0,0,0,True,12,48.0,3,0.2475787000003038,20,15,joint_route,3000115,2,16,7,106.0,3956.688209184742,0.2476407000067411
negative,387,16,16,True,16,0,0,2,32.0,243.5457430741486,116,580.0,3130.7318891863774,102,70,0,True,12,48.0,3,0.2532102999975905,20,15,joint_route,3000115,2,16,7,106.0,3896.7318891863774,0.2532909000001382
default,375,15,15,True,15,0,0,1,30.0,262.7293614431515,109,545.0,3222.940421647273,0,0,0,True,8,45.0,3,0.23005009999906179,17,15,joint_route,3000116,2,15,7,98.0,3940.940421647272,0.23011299999780022
negative,375,15,15,True,15,0,0,1,30.0,259.0982864083845,109,545.0,3168.4742961257684,72,67,0,True,8,45.0,3,0.24849800000083633,17,15,joint_route,3000116,2,15,7,98.0,3886.4742961257675,0.24857029999839142
default,331,15,15,True,15,0,0,0,30.0,222.54565379057755,103,515.0,2653.184806858663,0,0,0,True,16,45.0,3,0.23458819999359548,20,15,joint_route,3000117,3,15,7,95.0,3338.1848068586633,0.2346484000008786
negative,343,15,15,True,15,0,0,0,30.0,222.43535195052658,104,520.0,2646.5302792578977,48,61,0,True,16,45.0,3,0.24281250000058208,20,15,joint_route,3000117,3,15,7,95.0,3336.5302792578987,0.24288119999982882
default,342,14,14,True,14,0,0,2,28.0,238.54453511794833,122,610.0,2547.623491651277,0,0,0,True,15,42.0,3,0.22878420000779442,17,14,joint_route,3000118,4,14,7,112.0,3339.6234916512767,0.22884560000966303
negative,342,14,14,True,14,0,0,2,28.0,235.64327073635212,122,610.0,2507.00579030893,87,82,0,True,15,42.0,3,0.22725700000592042,17,14,joint_route,3000118,4,14,7,112.0,3299.0057903089296,0.2273289000004297
default,361,14,14,True,14,0,0,4,28.0,286.9689061659253,122,610.0,3225.564686322954,0,0,0,True,22,42.0,3,0.23605619999580085,16,14,joint_route,3000119,8,14,7,112.0,4017.5646863229545,0.23611759999766946
negative,340,14,14,True,14,0,0,4,28.0,278.8626709639944,121,605.0,3117.0773934959216,97,80,0,True,22,42.0,3,0.23414000000047963,16,14,joint_route,3000119,8,14,7,112.0,3904.0773934959216,0.23420800000894815
default,263,11,11,True,11,0,0,2,22.0,317.76822886440016,126,630.0,2693.450517508402,0,0,0,True,23,33.0,3,0.18401150000863709,15,11,joint_route,3000120,5,11,7,117.0,3495.450517508402,0.1840729000105057
negative,263,11,11,True,11,0,0,2,22.0,317.28245744636234,126,630.0,2688.1070319099854,65,93,0,True,23,33.0,3,0.1807435000082478,15,10,joint_route,3000120,5,11,7,117.0,3490.107031909986,0.18081649999658111
default,374,16,16,True,16,0,0,1,32.0,269.2175559730929,106,530.0,3600.4808955694866,0,0,0,True,12,48.0,3,0.23953829999663867,19,15,joint_route,3000121,2,16,7,97.0,4307.480895569486,0.23960040000383742
negative,362,16,16,True,16,0,0,1,32.0,260.29396775368326,105,525.0,3462.7034840589336,63,63,0,True,12,48.0,3,0.23309340000560042,19,15,joint_route,3000121,2,16,7,97.0,4164.703484058932,0.23316730000078678
default,262,10,10,True,10,0,0,0,20.0,327.1076350076361,113,565.0,2553.07635007636,0,0,0,True,9,30.0,3,0.1626512999937404,13,10,joint_route,3000122,3,10,7,103.0,3271.0763500763605,0.16270660000736825
negative,262,10,10,True,10,0,0,0,20.0,331.7859014460255,113,565.0,2599.8590144602554,31,84,0,True,9,30.0,3,0.16805740000563674,13,10,joint_route,3000122,3,10,7,103.0,3317.859014460255,0.1681191000097897
default,375,15,15,True,15,0,0,0,30.0,263.26541649322564,109,545.0,3231.9812473983843,0,0,0,True,21,45.0,3,0.24697380000725389,20,15,joint_route,3000123,4,15,7,97.0,3948.9812473983843,0.2470337999984622
negative,375,15,15,True,15,0,0,0,30.0,265.66140715649846,109,545.0,3267.921107347477,77,65,0,True,21,45.0,3,0.24934429999848362,20,15,joint_route,3000123,4,15,7,97.0,3984.921107347477,0.24941950000356883
default,264,13,13,True,13,0,0,0,26.0,279.9742508669074,111,555.0,2915.6652612697962,0,0,0,True,22,39.0,3,0.19715229999565054,18,13,joint_route,3000124,4,13,7,104.0,3639.6652612697962,0.19720690000394825
negative,276,13,13,True,13,0,0,0,26.0,278.2714526046265,112,560.0,2888.5288838601455,60,72,0,True,22,39.0,3,0.2093730000051437,18,13,joint_route,3000124,4,13,7,104.0,3617.5288838601446,0.2094399999914458
default,323,12,12,True,12,0,0,1,24.0,287.61490039980055,120,600.0,2683.378804797606,0,0,0,True,9,36.0,3,0.2211096999963047,17,12,joint_route,3000125,4,12,7,108.0,3451.3788047976063,0.22116399998776615
negative,311,12,12,True,12,0,0,1,24.0,278.4248520669048,119,595.0,2578.098224802857,75,81,0,True,9,36.0,3,0.2248671999986982,17,11,joint_route,3000125,4,12,7,108.0,3341.0982248028577,0.22494990000268444
default,331,14,14,True,14,0,0,2,28.0,271.53690370996577,123,615.0,3003.516651939521,0,0,0,True,16,42.0,3,0.2401352000015322,18,12,joint_route,3000126,2,14,7,113.0,3801.516651939521,0.24020269999164157
negative,331,14,14,True,14,0,0,2,28.0,270.4997629380594,123,615.0,2988.996681132832,109,80,0,True,16,42.0,3,0.23462909999943804,18,12,joint_route,3000126,2,14,7,113.0,3786.996681132832,0.23469999998633284
default,217,10,10,True,10,0,0,1,20.0,312.6120236203586,119,595.0,2370.1202362035856,0,0,0,True,9,30.0,3,0.14930980000644922,15,10,joint_route,3000127,2,10,7,111.0,3126.1202362035865,0.1493668000039179
negative,217,10,10,True,10,0,0,1,20.0,312.6120236203586,119,595.0,2370.1202362035856,48,91,0,True,9,30.0,3,0.1531159000005573,15,10,joint_route,3000127,2,10,7,111.0,3126.1202362035865,0.15318579999438953
default,251,11,11,True,11,0,0,0,22.0,309.7412194734368,124,620.0,2615.1534142078044,0,0,0,True,8,33.0,3,0.17260829999577254,15,11,joint_route,3000128,1,11,7,117.0,3407.153414207805,0.17266169999493286
negative,239,11,11,True,11,0,0,0,22.0,301.46950765924254,123,615.0,2529.1645842516677,67,93,0,True,8,33.0,3,0.16958960000192747,15,11,joint_route,3000128,1,11,7,117.0,3316.1645842516677,0.16966010000032838
default,275,12,12,True,12,0,0,0,24.0,289.94120200156505,113,565.0,2751.2944240187812,0,0,0,True,15,36.0,3,0.20175659999949858,17,12,joint_route,3000129,9,12,7,103.0,3479.2944240187803,0.20182049999129958
negative,275,12,12,True,12,0,0,0,24.0,289.94120200156505,113,565.0,2751.2944240187812,55,77,0,True,15,36.0,3,0.19776809999893885,17,12,joint_route,3000129,9,12,7,103.0,3479.2944240187803,0.19784000000800006
default,412,15,15,True,15,0,0,5,30.0,265.89664664854917,123,615.0,3189.4496997282367,0,0,0,True,21,45.0,3,0.2714392000052612,16,15,joint_route,3000130,14,15,7,109.0,3988.4496997282376,0.2715005000063684
negative,412,15,15,True,15,0,0,5,30.0,265.24876532801414,123,615.0,3179.7314799202118,131,75,0,True,21,45.0,3,0.29014620000089053,16,15,joint_route,3000130,14,15,7,109.0,3978.7314799202118,0.2902252999920165
default,331,14,14,True,14,0,0,2,28.0,260.9893007140219,117,585.0,2891.850209996307,0,0,0,True,14,42.0,3,0.22757200000341982,17,13,joint_route,3000131,2,14,7,107.0,3653.850209996307,0.22764050000114366
negative,307,14,14,True,14,0,0,2,28.0,252.3654841205548,115,575.0,2781.116777687768,57,76,0,True,14,42.0,3,0.21720639998966362,17,13,joint_route,3000131,2,14,7,107.0,3533.1167776877674,0.21727930000633933
default,332,14,14,True,14,0,0,1,28.0,267.1333460610582,127,635.0,2915.866844854816,0,0,0,True,36,42.0,3,0.23559430000022985,18,10,joint_route,3000132,7,14,7,119.0,3739.866844854815,0.2356665000115754
negative,332,14,14,True,14,0,0,1,28.0,261.0646568477105,127,635.0,2830.9051958679474,98,84,0,True,36,42.0,3,0.23446369999146555,18,9,joint_route,3000132,7,14,7,119.0,3654.9051958679474,0.2345435000024736
default,241,12,12,True,12,0,0,2,24.0,284.48157656152,114,570.0,2674.7789187382396,0,0,0,True,18,36.0,3,0.200102999995579,16,12,joint_route,3000133,11,12,7,109.0,3413.77891873824,0.20016779999423306
negative,241,12,12,True,12,0,0,2,24.0,282.9339970318535,114,570.0,2656.207964382242,39,77,0,True,18,36.0,3,0.2036660000012489,16,12,joint_route,3000133,11,12,7,109.0,3395.2079643822417,0.20374350000929553
default,275,13,13,True,13,0,0,1,26.0,277.4139768525719,117,585.0,2845.381699083435,0,0,0,True,17,39.0,3,0.20540170000458602,17,12,joint_route,3000134,6,13,7,111.0,3606.381699083435,0.2054680000001099
negative,287,13,13,True,13,0,0,1,26.0,276.63478786905347,118,590.0,2830.2522422976963,67,78,0,True,17,39.0,3,0.21398090000730008,17,12,joint_route,3000134,6,13,7,111.0,3596.2522422976954,0.21405260000028647
default,230,10,10,True,10,0,0,1,20.0,346.3077265218306,128,640.0,2653.077265218306,0,0,0,True,9,30.0,3,0.16781459999037907,12,9,joint_route,3000135,0,10,7,120.0,3463.077265218306,0.16786929999943823
negative,242,10,10,True,10,0,0,1,20.0,347.29636964955404,129,645.0,2657.9636964955403,85,96,0,True,9,30.0,3,0.18298690000665374,12,9,joint_route,3000135,0,10,7,120.0,3472.9636964955403,0.18305669999972451
default,295,13,13,True,13,0,0,0,26.0,290.02220873412244,112,560.0,3043.288713543592,0,0,0,True,10,39.0,3,0.1997413999924902,18,13,joint_route,3000136,4,13,7,102.0,3770.2887135435917,0.1997960000007879
negative,271,13,13,True,13,0,0,0,26.0,281.91244220215145,110,550.0,2947.8617486279695,56,76,0,True,10,39.0,3,0.185916599992197,18,13,joint_route,3000136,4,13,7,102.0,3664.861748627969,0.1859855999937281
default,228,11,11,True,11,0,0,1,22.0,290.6057481533186,118,590.0,2440.663229686505,0,0,0,True,10,33.0,3,0.15664960000140127,13,11,joint_route,3000137,1,11,7,111.0,3196.6632296865046,0.1567049000004772
negative,240,11,11,True,11,0,0,1,22.0,282.8772392577164,119,595.0,2350.6496318348795,49,88,0,True,10,33.0,3,0.17431080000824295,13,10,joint_route,3000137,1,11,7,111.0,3111.64963183488,0.17437780000909697
default,241,11,11,True,11,0,0,2,22.0,328.25708570650136,123,615.0,2825.827942771514,0,0,0,True,15,33.0,3,0.18863710000005085,15,11,joint_route,3000138,6,11,7,115.0,3610.8279427715147,0.18870349999633618
negative,253,11,11,True,11,0,0,2,22.0,327.7246546509513,124,620.0,2814.971201160464,64,87,0,True,15,33.0,3,0.198929300007876,15,11,joint_route,3000138,6,11,7,115.0,3604.9712011604643,0.19900190000771545
default,377,16,16,True,16,0,0,3,32.0,241.9415570577222,115,575.0,3111.064912923555,0,0,0,True,22,48.0,3,0.253370200007339,19,15,joint_route,3000139,7,16,7,105.0,3871.0649129235553,0.25343270000303164
negative,377,16,16,True,16,0,0,3,32.0,241.79062134876062,115,575.0,3108.6499415801695,117,68,0,True,22,48.0,3,0.25511379999807104,19,16,joint_route,3000139,7,16,7,105.0,3868.64994158017,0.25518590000865515
default,377,14,14,True,14,0,0,1,28.0,275.70648188212425,114,570.0,3117.8907463497394,0,0,0,True,14,42.0,3,0.24042329999792855,19,13,joint_route,3000140,1,14,7,102.0,3859.89074634974,0.24048629999742843
negative,365,14,14,True,14,0,0,1,28.0,271.9746611485903,113,565.0,3070.6452560802636,90,71,0,True,14,42.0,3,0.23891509999521077,19,13,joint_route,3000140,1,14,7,102.0,3807.645256080264,0.2390260000101989
default,299,13,13,True,13,0,0,0,26.0,261.1092707553984,113,565.0,2659.4205198201794,0,0,0,True,21,39.0,3,0.20104230000288226,18,11,joint_route,3000141,5,13,7,105.0,3394.4205198201794,0.2011047999985749
negative,299,13,13,True,13,0,0,0,26.0,261.1092707553984,113,565.0,2659.4205198201794,58,74,0,True,21,39.0,3,0.20662240000092424,18,11,joint_route,3000141,5,13,7,105.0,3394.4205198201794,0.2066904999956023
default,364,14,14,True,14,0,0,0,28.0,241.87198957033735,112,560.0,2655.207853984723,0,0,0,True,13,42.0,3,0.22990020000725053,18,14,joint_route,3000142,3,14,7,101.0,3386.207853984723,0.22995819999778178
negative,364,14,14,True,14,0,0,0,28.0,241.77107201623107,112,560.0,2653.795008227235,78,72,0,True,13,42.0,3,0.23374989999865647,18,14,joint_route,3000142,3,14,7,101.0,3384.795008227235,0.23381760000484064
default,354,15,15,True,15,0,0,0,30.0,259.51609344374316,111,555.0,3159.7414016561474,0,0,0,True,16,45.0,3,0.23402859999623615,20,15,joint_route,3000143,6,15,7,103.0,3892.7414016561474,0.23408910000580363
negative,330,15,15,True,15,0,0,0,30.0,238.24995011680977,109,545.0,2850.749251752146,63,68,0,True,16,45.0,3,0.22145179999643005,20,15,joint_route,3000143,6,15,7,103.0,3573.7492517521464,0.22152609999466222
default,262,11,11,True,11,0,0,2,22.0,322.57130537579536,112,560.0,2831.284359133749,0,0,0,True,17,33.0,3,0.17270579999603797,15,11,joint_route,3000144,6,11,7,102.0,3548.284359133749,0.1727619000012055
negative,262,11,11,True,11,0,0,2,22.0,320.7834042202502,112,560.0,2811.617446422752,41,79,0,True,17,33.0,3,0.1826786000019638,15,11,joint_route,3000144,6,11,7,102.0,3528.617446422752,0.1827499000064563
default,308,14,14,True,14,0,0,3,28.0,264.58542704571477,122,610.0,2909.1959786400066,0,0,0,True,13,42.0,3,0.20436920000065584,17,14,joint_route,3000145,4,14,7,115.0,3704.1959786400066,0.2044263999996474
negative,308,14,14,True,14,0,0,3,28.0,264.6916528232485,122,610.0,2910.6831395254785,79,83,0,True,13,42.0,3,0.21274079999420792,17,14,joint_route,3000145,4,14,7,115.0,3705.6831395254785,0.21280899998964742
default,409,16,16,True,16,0,0,0,32.0,248.84422094163702,113,565.0,3233.5075350661923,0,0,0,True,23,48.0,3,0.2754014000092866,21,15,joint_route,3000146,4,16,6,103.0,3981.5075350661923,0.27546049999364186
negative,421,16,16,True,16,0,0,0,32.0,242.45088903185584,114,570.0,3126.2142245096934,98,65,0,True,23,48.0,3,0.28158140000596177,21,14,joint_route,3000146,4,16,6,103.0,3879.2142245096934,0.281661000000895
default,319,15,15,True,15,0,0,2,30.0,269.89756071771217,111,555.0,3315.4634107656825,0,0,0,True,27,45.0,3,0.24366910000389908,19,15,joint_route,3000147,9,15,7,103.0,4048.4634107656825,0.24373289999493863
negative,331,15,15,True,15,0,0,2,30.0,268.44415729694055,112,560.0,3288.662359454108,73,65,0,True,27,45.0,3,0.25342759999330156,19,15,joint_route,3000147,9,15,7,103.0,4026.662359454108,0.25349759998789523
default,296,12,12,True,12,0,0,0,24.0,281.78650180156507,114,570.0,2646.4380216187806,0,0,0,True,18,36.0,3,0.19070490000012796,17,12,joint_route,3000148,3,12,7,105.0,3381.4380216187806,0.1907593999931123
negative,308,12,12,True,12,0,0,0,24.0,276.85329536420863,115,575.0,2582.2395443705036,80,80,0,True,18,36.0,3,0.1999189999914961,17,12,joint_route,3000148,3,12,7,105.0,3322.2395443705036,0.19998650001070928
default,420,16,16,True,16,0,0,0,32.0,236.5181176074233,108,540.0,3067.289881718772,0,0,0,True,23,48.0,3,0.28088939998997375,21,16,joint_route,3000149,3,16,6,97.0,3784.289881718773,0.28095159999793395
negative,420,16,16,True,16,0,0,0,32.0,233.34908905637957,108,540.0,3016.5854249020713,88,61,0,True,23,48.0,3,0.2797469000070123,21,16,joint_route,3000149,3,16,6,97.0,3733.585424902073,0.2798237000097288
default,408,16,16,True,16,0,0,0,32.0,228.1265436911472,107,535.0,2940.024699058355,0,0,0,True,22,48.0,3,0.2618260999879567,21,16,joint_route,3000150,4,16,6,95.0,3650.024699058355,0.26188989999354817
negative,387,16,16,True,16,0,0,0,32.0,222.53735993530105,106,530.0,2855.597758964817,88,61,0,True,22,48.0,3,0.25636349999695085,21,16,joint_route,3000150,4,16,6,95.0,3560.597758964817,0.2564404000004288
default,437,16,16,True,16,0,0,2,32.0,250.42304099468788,123,615.0,3203.7686559150056,0,0,0,True,15,48.0,3,0.3049507999967318,19,15,joint_route,3000151,1,16,7,108.0,4006.768655915006,0.3050203999882797
negative,425,16,16,True,16,0,0,2,32.0,243.2366137816424,122,610.0,3093.785820506278,134,70,0,True,15,48.0,3,0.2987451999943005,19,15,joint_route,3000151,1,16,7,108.0,3891.7858205062785,0.29882240000006277
default,374,16,16,True,16,0,0,2,32.0,241.5739218990617,118,590.0,3087.182750384987,0,0,0,True,14,48.0,3,0.23736939999798778,19,16,joint_route,3000152,2,16,7,108.0,3865.1827503849872,0.23743340000510216
negative,350,16,16,True,16,0,0,2,32.0,217.35942216246033,116,580.0,2709.750754599365,76,75,0,True,14,48.0,3,0.2424920000048587,19,16,joint_route,3000152,2,16,7,108.0,3477.7507545993653,0.24257280000892933
default,387,15,15,True,15,0,0,0,30.0,249.60954392568053,108,540.0,3033.1431588852083,0,0,0,True,21,45.0,3,0.2563046000141185,20,15,joint_route,3000153,5,15,7,96.0,3744.143158885208,0.25636539999686647
negative,363,15,15,True,15,0,0,0,30.0,241.6254797732211,106,530.0,2923.3821965983166,66,64,0,True,21,45.0,3,0.24151180000626482,20,15,joint_route,3000153,5,15,7,96.0,3624.382196598316,0.24157610000111163
default,333,14,14,True,14,0,0,0,28.0,261.62324966062886,114,570.0,2916.7254952488033,0,0,0,True,26,42.0,3,0.21882819999882486,19,11,joint_route,3000154,6,14,7,106.0,3662.725495248804,0.21888339999713935
negative,321,14,14,True,14,0,0,0,28.0,251.12605151905072,113,565.0,2774.7647212667102,71,72,0,True,26,42.0,3,0.21722249999584164,19,11,joint_route,3000154,6,14,7,106.0,3515.7647212667102,0.21729200000117999
default,274,11,11,True,11,0,0,3,22.0,331.4784438933522,125,625.0,2850.262882826874,0,0,0,True,16,33.0,3,0.1856839999963995,14,10,joint_route,3000155,4,11,7,116.0,3646.2628828268744,0.18574380000063684
negative,286,11,11,True,11,0,0,3,22.0,329.8404260780883,126,630.0,2827.2446868589714,97,90,0,True,16,33.0,3,0.19442759999947157,14,9,joint_route,3000155,4,11,7,116.0,3628.2446868589714,0.19449940000777133
default,331,14,14,True,14,0,0,2,28.0,260.3408200748828,122,610.0,2852.77148104836,0,0,0,True,13,42.0,3,0.21908070000063162,18,14,joint_route,3000156,6,14,7,112.0,3644.7714810483594,0.21913860000495333
negative,331,14,14,True,14,0,0,2,28.0,258.38360551145126,122,610.0,2825.370477160318,99,82,0,True,13,42.0,3,0.2266879999951925,18,14,joint_route,3000156,6,14,7,112.0,3617.370477160318,0.22676610000780784
default,375,15,15,True,15,0,0,0,30.0,249.57099325531394,106,530.0,3042.5648988297094,0,0,0,True,18,45.0,3,0.23793170000135433,20,14,joint_route,3000157,2,15,7,96.0,3743.564898829709,0.23799069999950007
negative,387,15,15,True,15,0,0,0,30.0,248.38758424771063,107,535.0,3019.81376371566,69,63,0,True,18,45.0,3,0.24926630000118166,20,14,joint_route,3000157,2,15,7,96.0,3725.8137637156597,0.24933679999958258
default,284,12,12,True,12,0,0,1,24.0,285.5280396010467,120,600.0,2655.336475212561,0,0,0,True,2,36.0,3,0.18036840000422671,13,12,joint_route,3000158,0,12,7,111.0,3426.3364752125603,0.18043599999509752
negative,296,12,12,True,12,0,0,1,24.0,282.8984891507972,121,605.0,2618.781869809567,78,87,0,True,2,36.0,3,0.18730040000809822,13,12,joint_route,3000158,0,12,7,111.0,3394.7818698095666,0.18737010000040755
default,329,16,16,True,16,0,0,1,32.0,231.58161814893944,111,555.0,2964.305890383031,0,0,0,True,18,48.0,3,0.22338440000021365,20,16,joint_route,3000159,4,16,7,106.0,3705.305890383031,0.22344770000199787
negative,329,16,16,True,16,0,0,1,32.0,225.74762034141497,111,555.0,2870.96192546264,76,68,0,True,18,48.0,3,0.23150730000634212,20,16,joint_route,3000159,4,16,7,106.0,3611.9619254626396,0.231583499989938
default,306,13,13,True,13,0,0,2,26.0,285.5842504994013,112,560.0,2985.5952564922177,0,0,0,True,10,39.0,3,0.20568919999641366,14,13,joint_route,3000160,0,13,7,102.0,3712.5952564922172,0.20575079999980517
negative,306,13,13,True,13,0,0,2,26.0,284.8684990696271,112,560.0,2976.290487905153,57,74,0,True,10,39.0,3,0.20299720000184607,14,12,joint_route,3000160,0,13,7,102.0,3703.2904879051525,0.20306529999652412
default,229,10,10,True,10,0,0,0,20.0,331.71297392278007,111,555.0,2608.1297392278007,0,0,0,True,11,30.0,3,0.1625587999878917,14,10,joint_route,3000161,1,10,7,104.0,3317.1297392278007,0.16261100000701845
negative,229,10,10,True,10,0,0,0,20.0,331.71297392278007,111,555.0,2608.1297392278007,24,80,0,True,11,30.0,3,0.16628819999459665,14,10,joint_route,3000161,1,10,7,104.0,3317.1297392278007,0.16634879999037366
default,294,15,15,True,15,0,0,2,30.0,238.78603756143826,105,525.0,2880.790563421575,0,0,0,True,19,45.0,3,0.20408389999647625,17,15,joint_route,3000162,3,15,7,101.0,3581.790563421574,0.20415270001103636
negative,318,15,15,True,15,0,0,2,30.0,234.14994796561805,107,535.0,2801.2492194842716,62,67,0,True,19,45.0,3,0.21857250000175554,17,15,joint_route,3000162,3,15,7,101.0,3512.2492194842707,0.2186519000097178
default,332,15,15,True,15,0,0,2,30.0,252.5412931724278,111,555.0,3054.1193975864176,0,0,0,True,22,45.0,3,0.23574780000490136,19,15,joint_route,3000163,4,15,7,104.0,3788.119397586417,0.2358100999990711
negative,332,15,15,True,15,0,0,2,30.0,252.3904622242549,111,555.0,3051.856933363824,76,68,0,True,22,45.0,3,0.234618300004513,19,14,joint_route,3000163,4,15,7,104.0,3785.8569333638234,0.23469070000282954
default,363,15,15,True,15,0,0,1,30.0,251.27479947556836,106,530.0,3069.121992133525,0,0,0,True,15,45.0,3,0.23468290000164416,19,15,joint_route,3000164,3,15,7,95.0,3769.1219921335255,0.2347452000103658
negative,363,15,15,True,15,0,0,1,30.0,241.0860665946733,106,530.0,2916.2909989200984,60,65,0,True,15,45.0,3,0.24243220000062138,19,15,joint_route,3000164,3,15,7,95.0,3616.2909989200994,0.24251060000096913
default,263,10,10,True,10,0,0,0,20.0,321.0347365641176,122,610.0,2438.347365641176,0,0,0,True,5,30.0,3,0.17109219999110792,13,9,joint_route,3000165,0,10,7,112.0,3210.347365641176,0.17115280000143684
negative,263,10,10,True,10,0,0,0,20.0,320.5963747791478,122,610.0,2433.963747791478,69,92,0,True,5,30.0,3,0.16986109998833854,13,9,joint_route,3000165,0,10,7,112.0,3205.963747791478,0.16993160000129137
default,240,10,10,True,10,0,0,0,20.0,350.17517526789413,125,625.0,2709.7517526789416,0,0,0,True,21,30.0,3,0.1700773000047775,15,10,joint_route,3000166,5,10,7,117.0,3501.751752678941,0.1701344000030076
negative,240,10,10,True,10,0,0,0,20.0,348.3049971878164,125,625.0,2691.049971878165,67,95,0,True,21,30.0,3,0.17186089999449905,15,10,joint_route,3000166,5,10,7,117.0,3483.0499718781643,0.17192819999763742
default,263,11,11,True,11,0,0,0,22.0,308.42113232508086,114,570.0,2661.6324555758897,0,0,0,True,10,33.0,3,0.18458309999550693,14,11,joint_route,3000167,0,11,7,106.0,3392.6324555758893,0.18463920000067446
negative,263,11,11,True,11,0,0,0,22.0,308.42113232508086,114,570.0,2661.6324555758897,46,81,0,True,10,33.0,3,0.18463879999762867,14,11,joint_route,3000167,0,11,7,106.0,3392.6324555758893,0.1847074999968754
default,317,14,14,True,14,0,0,2,28.0,271.03571041865536,114,570.0,3048.4999458611755,0,0,0,True,13,42.0,3,0.23933620000025257,18,12,joint_route,3000168,3,14,7,106.0,3794.4999458611746,0.2394040000071982
negative,317,14,14,True,14,0,0,2,28.0,266.027491106331,114,570.0,2978.3848754886344,74,76,0,True,13,42.0,3,0.2060910000000149,18,12,joint_route,3000168,3,14,7,106.0,3724.384875488634,0.20617210000636987
default,305,13,13,True,13,0,0,1,26.0,272.69096423287994,111,555.0,2821.98253502744,0,0,0,True,11,39.0,3,0.1996406999969622,16,13,joint_route,3000169,3,13,7,103.0,3544.982535027439,0.19970050000119954
negative,305,13,13,True,13,0,0,1,26.0,271.9654861276672,111,555.0,2812.5513196596744,58,76,0,True,11,39.0,3,0.20733380000456236,16,13,joint_route,3000169,3,13,7,103.0,3535.5513196596735,0.20740549999754876
default,216,10,10,True,10,0,0,0,20.0,325.0674911536232,120,600.0,2486.674911536233,0,0,0,True,9,30.0,3,0.14474640000844374,13,9,joint_route,3000170,2,10,7,114.0,3250.6749115362322,0.1448006999999052
negative,216,10,10,True,10,0,0,0,20.0,313.7452773440849,120,600.0,2373.45277344085,46,93,0,True,9,30.0,3,0.15485560000524856,13,10,joint_route,3000170,2,10,7,114.0,3137.4527734408493,0.15492440000525676
default,423,15,15,True,15,0,0,0,30.0,256.3487955082976,111,555.0,3118.2319326244638,0,0,0,True,13,45.0,3,0.2724019000015687,19,14,joint_route,3000171,4,15,7,97.0,3845.2319326244638,0.2724610000004759
negative,423,15,15,True,15,0,0,0,30.0,256.3487955082976,111,555.0,3118.2319326244638,95,65,0,True,13,45.0,3,0.27396559999033343,19,14,joint_route,3000171,4,15,7,97.0,3845.2319326244638,0.2740537000063341
default,367,15,15,True,15,0,0,1,30.0,239.5602576324369,111,555.0,2863.4038644865536,0,0,0,True,18,45.0,3,0.24683139999979176,19,14,joint_route,3000172,10,15,7,100.0,3593.4038644865536,0.24689650000073016
negative,343,15,15,True,15,0,0,1,30.0,227.11735451281695,109,545.0,2686.7603176922544,62,66,0,True,18,45.0,3,0.22885900000983384,19,14,joint_route,3000172,10,15,7,100.0,3406.7603176922544,0.22893450000265148
default,357,15,15,True,15,0,0,1,30.0,237.06966559598757,111,555.0,2824.0449839398125,0,0,0,True,33,45.0,3,0.2556386999931419,20,14,joint_route,3000173,10,15,7,102.0,3556.0449839398134,0.2557027000002563
negative,357,15,15,True,15,0,0,1,30.0,236.8944615565071,111,555.0,2821.416923347606,74,64,0,True,33,45.0,3,0.2522577000054298,20,13,joint_route,3000173,10,15,7,102.0,3553.416923347607,0.25233200000366196
default,298,13,13,True,13,0,0,2,26.0,288.5366170726409,115,575.0,3005.976021944332,0,0,0,True,14,39.0,3,0.21978230000240728,17,12,joint_route,3000174,4,13,7,105.0,3750.976021944332,0.2198452000011457
negative,286,13,13,True,13,0,0,2,26.0,277.7416981182156,114,570.0,2870.6420755368035,69,74,0,True,14,39.0,3,0.21672769999713637,17,12,joint_route,3000174,4,13,7,105.0,3610.642075536803,0.21680840000044554
default,322,13,13,True,13,0,0,0,26.0,274.22836861189415,113,565.0,2830.968791954624,0,0,0,True,21,39.0,3,0.22097670000221115,18,13,joint_route,3000175,6,13,7,104.0,3564.968791954624,0.22103169999900274
negative,310,13,13,True,13,0,0,0,26.0,266.4145920170414,112,560.0,2734.3896962215385,48,72,0,True,21,39.0,3,0.21987260000605602,18,13,joint_route,3000175,6,13,7,104.0,3463.3896962215385,0.2199454999936279
default,284,13,13,True,13,0,0,0,26.0,258.6443229637156,112,560.0,2632.376198528302,0,0,0,True,10,39.0,3,0.19890400000440422,16,13,joint_route,3000176,2,13,7,105.0,3362.376198528302,0.19895890000043437
negative,284,13,13,True,13,0,0,0,26.0,245.12967480287847,112,560.0,2456.6857724374204,65,76,0,True,10,39.0,3,0.20450130000244826,16,13,joint_route,3000176,2,13,7,105.0,3186.68577243742,0.2045769999967888
default,399,16,16,True,16,0,0,1,32.0,234.60599846207862,98,490.0,3097.695975393258,0,0,0,True,10,48.0,3,0.2552561000047717,18,16,joint_route,3000177,3,16,7,86.0,3753.695975393258,0.25532660000317264
negative,375,16,16,True,16,0,0,1,32.0,219.35912762318165,96,480.0,2863.746041970906,47,52,0,True,10,48.0,3,0.2453821999952197,18,16,joint_route,3000177,3,16,7,86.0,3509.7460419709064,0.24545700001181103
default,284,13,13,True,13,0,0,1,26.0,272.8736785546277,120,600.0,2769.3578212101606,0,0,0,True,24,39.0,3,0.1942016999964835,18,13,joint_route,3000178,7,13,7,113.0,3547.35782121016,0.19425889999547508
negative,308,13,13,True,13,0,0,1,26.0,275.0691414617509,122,610.0,2787.8988390027616,84,84,0,True,24,39.0,3,0.21075070000370033,18,13,joint_route,3000178,7,13,7,113.0,3575.8988390027616,0.21082100000057835
default,342,15,15,True,15,0,0,3,30.0,242.49591635113694,112,560.0,2899.4387452670535,0,0,0,True,22,45.0,3,0.2314055000024382,18,15,joint_route,3000179,4,15,7,103.0,3637.438745267054,0.23146569999516942
negative,342,15,15,True,15,0,0,3,30.0,242.49591635113694,112,560.0,2899.4387452670535,66,69,0,True,22,45.0,3,0.24415320000844076,18,15,joint_route,3000179,4,15,7,103.0,3637.438745267054,0.244232800003374
default,363,16,16,True,16,0,0,1,32.0,230.48096997881734,112,560.0,2944.6955196610775,0,0,0,True,16,48.0,3,0.23699569999007508,20,16,joint_route,3000180,1,16,7,103.0,3687.6955196610775,0.23707309999736026
negative,375,16,16,True,16,0,0,1,32.0,228.2460228092639,113,565.0,2903.936364948222,84,69,0,True,16,48.0,3,0.24850319999677595,20,16,joint_route,3000180,1,16,7,103.0,3651.9363649482225,0.2485754000081215
default,242,11,11,True,11,0,0,0,22.0,314.97790718316105,123,615.0,2677.756979014772,0,0,0,True,21,33.0,3,0.1826335000077961,16,11,joint_route,3000181,4,11,7,117.0,3464.7569790147713,0.182687900000019
negative,242,11,11,True,11,0,0,0,22.0,312.1088345791017,123,615.0,2646.1971803701185,63,89,0,True,21,33.0,3,0.18683320000127424,16,11,joint_route,3000181,4,11,7,117.0,3433.1971803701185,0.1869010999944294
default,318,15,15,True,15,0,0,1,30.0,244.00574184770954,109,545.0,2937.0861277156437,0,0,0,True,21,45.0,3,0.23038690000248607,19,15,joint_route,3000182,10,15,7,103.0,3660.086127715643,0.2304504000057932
negative,318,15,15,True,15,0,0,1,30.0,239.65999484109383,109,545.0,2871.8999226164083,51,67,0,True,21,45.0,3,0.22936689999187365,19,15,joint_route,3000182,10,15,7,103.0,3594.8999226164074,0.22946890001185238
default,262,11,11,True,11,0,0,1,22.0,312.7883204289594,124,620.0,2650.6715247185534,0,0,0,True,9,33.0,3,0.17580899999302346,15,10,joint_route,3000183,2,11,7,115.0,3440.6715247185534,0.1758720999932848
negative,250,11,11,True,11,0,0,1,22.0,302.5261910767779,123,615.0,2542.788101844557,62,93,0,True,9,33.0,3,0.16049209999619052,15,10,joint_route,3000183,2,11,7,115.0,3327.788101844557,0.1605654000013601
default,343,15,15,True,15,0,0,0,30.0,240.68034955527793,100,500.0,2944.2052433291688,0,0,0,True,13,45.0,3,0.23430909999297,19,15,joint_route,3000184,1,15,7,91.0,3610.2052433291688,0.23436889999720734
negative,331,15,15,True,15,0,0,0,30.0,233.38933484632358,99,495.0,2839.840022694854,48,57,0,True,13,45.0,3,0.2346209999959683,19,15,joint_route,3000184,1,15,7,91.0,3500.840022694854,0.23469189999741502
default,296,14,14,True,14,0,0,0,28.0,247.1982753954216,113,565.0,2717.7758555359023,0,0,0,True,14,42.0,3,0.19859600000199862,19,14,joint_route,3000185,3,14,7,108.0,3460.7758555359023,0.1986517999903299
negative,308,14,14,True,14,0,0,0,28.0,246.9955432699508,114,570.0,2709.937605779311,69,75,0,True,14,42.0,3,0.21687910000036936,19,13,joint_route,3000185,3,14,7,108.0,3457.937605779311,0.21694949999800883
default,297,14,14,True,14,0,0,5,28.0,271.4437802962946,113,565.0,3060.2129241481243,0,0,0,True,24,42.0,3,0.22655009999289177,15,13,joint_route,3000186,10,14,7,105.0,3800.2129241481243,0.22661529999459162
negative,297,14,14,True,14,0,0,5,28.0,272.2034427556035,113,565.0,3070.848198578449,71,69,0,True,24,42.0,3,0.23166679999849293,15,13,joint_route,3000186,10,14,7,105.0,3810.848198578449,0.2317357000138145
default,322,13,13,True,13,0,0,1,26.0,292.1291767067069,124,620.0,2998.67929718719,0,0,0,True,11,39.0,3,0.22246209999138955,16,12,joint_route,3000187,3,13,7,114.0,3797.67929718719,0.22252179999486543
negative,334,13,13,True,13,0,0,1,26.0,296.0127405530165,125,625.0,3044.165627189215,111,84,0,True,11,39.0,3,0.24144200001319405,16,13,joint_route,3000187,3,13,7,114.0,3848.165627189215,0.24151370000618044
default,216,10,10,True,10,0,0,0,20.0,333.86169339546825,117,585.0,2592.616933954682,0,0,0,True,8,30.0,3,0.1454479999956675,15,10,joint_route,3000188,2,10,7,111.0,3338.6169339546823,0.14550230000168085
negative,216,10,10,True,10,0,0,0,20.0,333.86169339546825,117,585.0,2592.616933954682,36,90,0,True,8,30.0,3,0.14827849999710452,15,10,joint_route,3000188,2,10,7,111.0,3338.6169339546823,0.1483477000001585
default,239,11,11,True,11,0,0,2,22.0,342.53235286205097,120,600.0,2999.85588148256,0,0,0,True,11,33.0,3,0.16092709999065846,12,10,joint_route,3000189,3,11,7,113.0,3767.8558814825606,0.16098109999438748
negative,239,11,11,True,11,0,0,2,22.0,335.9992646551443,120,600.0,2927.9919112065872,43,89,0,True,11,33.0,3,0.1634498000057647,12,10,joint_route,3000189,3,11,7,113.0,3695.9919112065877,0.16351640000357293
default,230,10,10,True,10,0,0,0,20.0,342.47546813709937,115,575.0,2691.7546813709932,0,0,0,True,12,30.0,3,0.16487330000381917,13,10,joint_route,3000190,0,10,7,108.0,3424.7546813709937,0.1649258999968879
negative,230,10,10,True,10,0,0,0,20.0,342.54640326496354,115,575.0,2692.464032649635,35,83,0,True,12,30.0,3,0.16780369999469258,13,10,joint_route,3000190,0,10,7,108.0,3425.4640326496356,0.16787100001238286
default,311,13,13,True,13,0,0,4,26.0,286.49351461356014,126,630.0,2913.415689976282,0,0,0,True,20,39.0,3,0.2171807999984594,15,13,joint_route,3000191,8,13,7,116.0,3724.4156899762816,0.21724389999872074
negative,275,13,13,True,13,0,0,4,26.0,269.36101945472194,123,615.0,2705.6932529113856,79,85,0,True,20,39.0,3,0.1971625000005588,15,13,joint_route,3000191,8,13,7,116.0,3501.693252911385,0.19723000000522006
default,249,11,11,True,11,0,0,1,22.0,324.84994821100327,120,600.0,2805.349430321036,0,0,0,True,14,33.0,3,0.1682660000078613,15,10,joint_route,3000192,3,11,7,113.0,3573.349430321036,0.16832730000896845
negative,237,11,11,True,11,0,0,1,22.0,314.1817180672341,119,595.0,2692.998898739575,57,88,0,True,14,33.0,3,0.16404760000295937,15,10,joint_route,3000192,3,11,7,113.0,3455.998898739575,0.16411820000212174
default,340,14,14,True,14,0,0,3,28.0,280.3433143926334,122,610.0,3132.8064014968672,0,0,0,True,10,42.0,3,0.21445280000625644,15,13,joint_route,3000193,4,14,7,112.0,3924.8064014968672,0.214510199992219
negative,364,14,14,True,14,0,0,3,28.0,281.06111797898944,124,620.0,3132.8556517058532,105,84,0,True,10,42.0,3,0.2329936999885831,15,13,joint_route,3000193,4,14,7,112.0,3934.8556517058523,0.2330638999992516
default,355,15,15,True,15,0,0,3,30.0,260.1548217180074,119,595.0,3122.3223257701106,0,0,0,True,21,45.0,3,0.2553666999883717,18,15,joint_route,3000194,3,15,7,110.0,3902.3223257701106,0.25542470000800677
negative,355,15,15,True,15,0,0,3,30.0,260.1548217180074,119,595.0,3122.3223257701106,114,72,0,True,21,45.0,3,0.26297559999511577,18,15,joint_route,3000194,3,15,7,110.0,3902.3223257701106,0.26304720000189263
default,321,13,13,True,13,0,0,3,26.0,277.4053690050859,120,600.0,2831.2697970661175,0,0,0,True,16,39.0,3,0.21721410000463948,16,12,joint_route,3000195,2,13,7,110.0,3606.269797066117,0.21727999999711756
negative,309,13,13,True,13,0,0,3,26.0,266.23970894017333,119,595.0,2691.1162162222527,80,80,0,True,16,39.0,3,0.21606599999358878,16,12,joint_route,3000195,2,13,7,110.0,3461.116216222253,0.21615469999960624
default,250,10,10,True,10,0,0,0,20.0,352.52959613365454,131,655.0,2698.295961336545,0,0,0,True,9,30.0,3,0.1544929000083357,15,10,joint_route,3000196,1,10,7,122.0,3525.2959613365456,0.15454990000580437
negative,274,10,10,True,10,0,0,0,20.0,347.61345313823625,133,665.0,2639.134531382362,92,103,0,True,9,30.0,3,0.17490369999723043,15,10,joint_route,3000196,1,10,7,122.0,3476.1345313823626,0.17497459999867715
default,414,16,16,True,16,0,0,0,32.0,221.14709861072316,105,525.0,2842.3535777715715,0,0,0,True,18,48.0,3,0.28738850000081584,19,16,joint_route,3000197,2,16,6,91.0,3538.3535777715706,0.2874512999987928
negative,378,16,16,True,16,0,0,0,32.0,209.53874521376247,102,510.0,2671.6199234202004,82,52,0,True,18,48.0,3,0.2831789000047138,19,16,joint_route,3000197,2,16,6,91.0,3352.6199234201995,0.2832543000113219
default,263,12,12,True,12,0,0,0,24.0,312.39912455534665,112,560.0,3022.78949466416,0,0,0,True,16,36.0,3,0.20972369999799412,17,12,joint_route,3000198,2,12,7,106.0,3748.78949466416,0.20978699999977835
negative,263,12,12,True,12,0,0,0,24.0,314.30580686040275,112,560.0,3045.6696823248326,43,77,0,True,16,36.0,3,0.2019129999971483,17,12,joint_route,3000198,2,12,7,106.0,3771.669682324833,0.2019832999940263
default,264,12,12,True,12,0,0,3,24.0,299.37365077316343,114,570.0,2856.483809277961,0,0,0,True,18,36.0,3,0.200977900007274,15,11,joint_route,3000199,8,12,7,106.0,3592.483809277961,0.2010662999964552
negative,264,12,12,True,12,0,0,3,24.0,298.2528782596389,114,570.0,2843.0345391156675,52,76,0,True,18,36.0,3,0.2095265000098152,15,11,joint_route,3000199,8,12,7,106.0,3579.034539115667,0.20964319999620784
default,287,13,13,True,13,0,0,4,26.0,267.87909109256714,122,610.0,2692.428184203373,0,0,0,True,25,39.0,3,0.2046189999964554,15,12,joint_route,3000200,6,13,7,115.0,3482.428184203373,0.20468319999054074
negative,287,13,13,True,13,0,0,4,26.0,267.6583587190555,122,610.0,2689.558663347722,74,84,0,True,25,39.0,3,0.202053100001649,15,12,joint_route,3000200,6,13,7,115.0,3479.558663347722,0.20212200000241864
default,240,10,10,True,10,0,0,0,20.0,334.1126778940853,120,600.0,2579.126778940853,0,0,0,True,5,30.0,3,0.15895589999854565,13,10,joint_route,3000201,0,10,7,112.0,3341.126778940853,0.15901030000532046
negative,240,10,10,True,10,0,0,0,20.0,333.38541677375434,120,600.0,2571.8541677375433,49,91,0,True,5,30.0,3,0.1599002000002656,13,9,joint_route,3000201,0,10,7,112.0,3333.8541677375433,0.159962199992151
default,409,16,16,True,16,0,0,0,32.0,233.329910412528,110,550.0,3004.2785666004484,0,0,0,True,12,48.0,3,0.26611229999980424,20,16,joint_route,3000202,2,16,6,99.0,3733.278566600448,0.2661736000009114
negative,421,16,16,True,16,0,0,0,32.0,233.00515407479404,111,555.0,2994.0824651967055,114,64,0,True,12,48.0,3,0.2911050999973668,20,15,joint_route,3000202,2,16,6,99.0,3728.0824651967046,0.29117650000262074
default,218,10,10,True,10,0,0,0,20.0,316.72901422237743,117,585.0,2422.290142223774,0,0,0,True,11,30.0,3,0.1534626000066055,14,10,joint_route,3000203,1,10,7,110.0,3167.290142223774,0.15351689999806695
negative,218,10,10,True,10,0,0,0,20.0,316.53594100660314,117,585.0,2420.3594100660316,43,88,0,True,11,30.0,3,0.1543245999928331,14,10,joint_route,3000203,1,10,7,110.0,3165.359410066031,0.15438859999994747
default,242,11,11,True,11,0,0,2,22.0,282.93611371025605,119,595.0,2350.2972508128164,0,0,0,True,14,33.0,3,0.17784229999233503,15,11,joint_route,3000204,7,11,7,112.0,3112.297250812817,0.17789900000207126
negative,242,11,11,True,11,0,0,2,22.0,282.93611371025605,119,595.0,2350.2972508128164,58,85,0,True,14,33.0,3,0.18194570000923704,15,11,joint_route,3000204,7,11,7,112.0,3112.297250812817,0.18203890000586398
default,319,12,12,True,12,0,0,0,24.0,323.54312591450787,112,560.0,3161.517510974095,0,0,0,True,6,36.0,3,0.2120169999980135,15,12,joint_route,3000205,0,12,7,101.0,3882.5175109740944,0.21207649999996647
negative,307,12,12,True,12,0,0,0,24.0,310.01936496663023,111,555.0,3004.2323795995635,50,76,0,True,6,36.0,3,0.20982930000172928,15,12,joint_route,3000205,0,12,7,101.0,3720.2323795995626,0.20993509999243543
default,352,14,14,True,14,0,0,0,28.0,259.06055808052537,119,595.0,2853.847813127356,0,0,0,True,5,42.0,3,0.21239479999348987,17,13,joint_route,3000206,1,14,7,108.0,3626.8478131273555,0.21245390000694897
negative,376,14,14,True,14,0,0,0,28.0,259.8848158003327,121,605.0,2855.387421204658,110,80,0,True,5,42.0,3,0.23249529999156948,17,12,joint_route,3000206,1,14,7,108.0,3638.387421204658,0.23256770000443794
default,253,12,12,True,12,0,0,2,24.0,290.4729782622897,122,610.0,2699.675739147476,0,0,0,True,24,36.0,3,0.17455020001216326,16,9,joint_route,3000207,4,12,7,116.0,3485.675739147476,0.17460460000438616
negative,253,12,12,True,12,0,0,2,24.0,290.4729782622897,122,610.0,2699.675739147476,74,86,0,True,24,36.0,3,0.18226449999201577,16,9,joint_route,3000207,4,12,7,116.0,3485.675739147476,0.18233530000725295
default,332,15,15,True,15,0,0,1,30.0,254.03291998750382,113,565.0,3067.493799812558,0,0,0,True,22,45.0,3,0.24057429999811575,19,15,joint_route,3000208,6,15,7,103.0,3810.4937998125574,0.24063569999998435
negative,332,15,15,True,15,0,0,1,30.0,254.03291998750382,113,565.0,3067.493799812558,77,66,0,True,22,45.0,3,0.24817190000612754,19,15,joint_route,3000208,6,15,7,103.0,3810.4937998125574,0.24825459999556188
default,355,14,14,True,14,0,0,4,28.0,259.5348555848393,119,595.0,2860.4879781877494,0,0,0,True,18,42.0,3,0.24011319999408443,16,14,joint_route,3000209,9,14,7,108.0,3633.4879781877503,0.24017790000652894
negative,355,14,14,True,14,0,0,4,28.0,256.51983887098237,119,595.0,2818.277744193752,95,75,0,True,18,42.0,3,0.24927039998874534,16,14,joint_route,3000209,9,14,7,108.0,3591.277744193753,0.2493438000092283
default,296,12,12,True,12,0,0,0,24.0,294.96153812800907,116,580.0,2792.538457536109,0,0,0,True,8,36.0,3,0.19132350001018494,17,12,joint_route,3000210,2,12,7,107.0,3539.5384575361086,0.19138219999149442
negative,296,12,12,True,12,0,0,0,24.0,278.7690413175927,116,580.0,2598.2284958111127,54,82,0,True,8,36.0,3,0.19138800000655465,17,12,joint_route,3000210,2,12,7,107.0,3345.2284958111127,0.19146070000715554
default,307,13,13,True,13,0,0,3,26.0,264.768397121676,116,580.0,2689.9891625817877,0,0,0,True,11,39.0,3,0.19934459999785759,16,12,joint_route,3000211,9,13,7,107.0,3441.989162581788,0.1994035000097938
negative,319,13,13,True,13,0,0,3,26.0,264.0008711223126,117,585.0,2675.0113245900634,64,79,0,True,11,39.0,3,0.20653139999194536,16,12,joint_route,3000211,9,13,7,107.0,3432.011324590064,0.20660239999415353
default,271,13,13,True,13,0,0,1,26.0,268.718263925772,121,605.0,2708.337431035036,0,0,0,True,11,39.0,3,0.17756489999010228,17,12,joint_route,3000212,3,13,7,115.0,3493.337431035036,0.17762660000880715
negative,283,13,13,True,13,0,0,1,26.0,267.4350066735048,122,610.0,2686.6550867555625,73,88,0,True,11,39.0,3,0.18108290000236593,17,12,joint_route,3000212,3,13,7,115.0,3476.6550867555625,0.18115240000770427
default,355,15,15,True,15,0,0,0,30.0,253.4395685342038,108,540.0,3087.5935280130575,0,0,0,True,20,45.0,3,0.23629149999760557,20,14,joint_route,3000213,2,15,7,99.0,3801.593528013057,0.23635249999642838
negative,367,15,15,True,15,0,0,0,30.0,251.36877848897717,109,545.0,3051.531677334659,71,63,0,True,20,45.0,3,0.24926279998908285,20,14,joint_route,3000213,2,15,7,99.0,3770.5316773346576,0.24933330000203568
default,264,11,11,True,11,0,0,0,22.0,306.6280647885276,123,615.0,2587.9087126738027,0,0,0,True,16,33.0,3,0.1717652000079397,16,10,joint_route,3000214,4,11,7,115.0,3372.908712673803,0.17182590000447817
negative,264,11,11,True,11,0,0,0,22.0,306.6280647885276,123,615.0,2587.9087126738027,60,90,0,True,16,33.0,3,0.17996999999741092,16,10,joint_route,3000214,4,11,7,115.0,3372.908712673803,0.1800360999914119
default,340,15,15,True,15,0,0,2,30.0,240.9210755731328,121,605.0,2821.816133596992,0,0,0,True,11,45.0,3,0.21945669999695383,17,15,joint_route,3000215,1,15,7,112.0,3613.816133596992,0.21951629999966826
negative,340,15,15,True,15,0,0,2,30.0,234.89162903328105,121,605.0,2731.374435499216,96,80,0,True,11,45.0,3,0.22420729999430478,17,15,joint_route,3000215,1,15,7,112.0,3523.374435499216,0.22427690000040457
default,297,13,13,True,13,0,0,2,26.0,272.6956525379236,116,580.0,2792.0434829930064,0,0,0,True,14,39.0,3,0.20201349999115337,17,13,joint_route,3000216,6,13,7,108.0,3545.043482993007,0.2020722999877762
negative,297,13,13,True,13,0,0,2,26.0,267.7786938251209,116,580.0,2728.1230197265713,67,78,0,True,14,39.0,3,0.21346169999742415,17,13,joint_route,3000216,6,13,7,108.0,3481.123019726572,0.213539899996249
default,207,10,10,True,10,0,0,1,20.0,316.15569588719814,122,610.0,2385.556958871981,0,0,0,True,17,30.0,3,0.1514545999962138,14,9,joint_route,3000217,6,10,7,116.0,3161.5569588719814,0.15151339999283664
negative,207,10,10,True,10,0,0,1,20.0,317.85785035574423,122,610.0,2402.578503557442,39,92,0,True,17,30.0,3,0.15200019998883363,14,9,joint_route,3000217,6,10,7,116.0,3178.578503557442,0.1520693000056781
default,309,13,13,True,13,0,0,0,26.0,261.9389915330405,114,570.0,2664.2068899295273,0,0,0,True,18,39.0,3,0.2085774000006495,18,13,joint_route,3000218,11,13,7,106.0,3405.206889929527,0.2086323999974411
negative,309,13,13,True,13,0,0,0,26.0,261.9389915330405,114,570.0,2664.2068899295273,64,76,0,True,18,39.0,3,0.2145399000000907,18,13,joint_route,3000218,11,13,7,106.0,3405.206889929527,0.21460690000094473
default,262,13,13,True,13,0,0,0,26.0,271.54931903550425,110,550.0,2811.141147461556,0,0,0,True,19,39.0,3,0.19514389999676496,18,12,joint_route,3000219,2,13,7,104.0,3530.141147461555,0.19520089999423362
negative,274,13,13,True,13,0,0,0,26.0,272.20477186020554,111,555.0,2814.662034182673,52,72,0,True,19,39.0,3,0.21115350000036415,18,12,joint_route,3000219,2,13,7,104.0,3538.662034182672,0.21121969999512658
default,354,15,15,True,15,0,0,1,30.0,247.06777051705058,110,550.0,2980.0165577557586,0,0,0,True,21,45.0,3,0.24754210001265164,20,15,joint_route,3000220,10,15,7,101.0,3706.0165577557586,0.24760639999294654
negative,354,15,15,True,15,0,0,1,30.0,246.88939838512727,110,550.0,2977.340975776909,77,66,0,True,21,45.0,3,0.24163059999409597,20,15,joint_route,3000220,10,15,7,101.0,3703.340975776909,0.24174460000358522
default,296,12,12,True,12,0,0,0,24.0,299.0362332168873,109,545.0,2883.434798602647,0,0,0,True,11,36.0,3,0.18277169999782927,15,11,joint_route,3000221,2,12,7,100.0,3588.4347986026473,0.1828769999992801
negative,296,12,12,True,12,0,0,0,24.0,297.14986259805835,109,545.0,2860.7983511766997,47,74,0,True,11,36.0,3,0.18484129999706056,15,10,joint_route,3000221,2,12,7,100.0,3565.7983511767,0.1849099999963073
default,287,12,12,True,12,0,0,2,24.0,307.175025459713,114,570.0,2951.100305516556,0,0,0,True,14,36.0,3,0.19823349999205675,16,11,joint_route,3000222,4,12,7,105.0,3686.1003055165565,0.1983060999918962
negative,287,12,12,True,12,0,0,2,24.0,293.1343250451432,114,570.0,2782.6119005417186,54,78,0,True,14,36.0,3,0.1934274999948684,16,11,joint_route,3000222,4,12,7,105.0,3517.6119005417186,0.19350300000223797
default,330,15,15,True,15,0,0,2,30.0,237.14422640615157,112,560.0,2817.163396092273,0,0,0,True,7,45.0,3,0.21864660001301672,15,15,joint_route,3000223,0,15,7,105.0,3557.1633960922736,0.218712100002449
negative,330,15,15,True,15,0,0,2,30.0,233.7768762338481,112,560.0,2766.653143507721,78,71,0,True,7,45.0,3,0.2169339999963995,15,15,joint_route,3000223,0,15,7,105.0,3506.6531435077213,0.2170044000085909
default,253,12,12,True,12,0,0,0,24.0,262.1638469764046,113,565.0,2412.9661637168547,0,0,0,True,18,36.0,3,0.18416289999731816,17,12,joint_route,3000224,1,12,7,108.0,3145.966163716855,0.18422719999216497
negative,241,12,12,True,12,0,0,0,24.0,252.7675100790826,112,560.0,2305.210120948991,39,78,0,True,18,36.0,3,0.1850661000062246,17,12,joint_route,3000224,1,12,7,108.0,3033.210120948991,0.18513509999320377
default,367,14,14,True,14,0,0,1,28.0,285.9553595538362,126,630.0,3190.3750337537076,0,0,0,True,12,42.0,3,0.2373348000110127,16,13,joint_route,3000225,0,14,7,113.0,4003.375033753707,0.23739690000365954
negative,343,14,14,True,14,0,0,1,28.0,258.1982713324122,124,620.0,2811.7757986537717,108,82,0,True,12,42.0,3,0.22774000000208616,16,13,joint_route,3000225,0,14,7,113.0,3614.7757986537713,0.22786449998966418
default,295,13,13,True,13,0,0,2,26.0,273.25030726731364,112,560.0,2823.2539944750774,0,0,0,True,15,39.0,3,0.20929440000327304,17,13,joint_route,3000226,3,13,7,104.0,3552.2539944750774,0.20935640000971034
negative,307,13,13,True,13,0,0,2,26.0,269.61907942315736,113,565.0,2771.0480325010444,63,74,0,True,15,39.0,3,0.21870209999906365,17,13,joint_route,3000226,3,13,7,104.0,3505.0480325010453,0.21884520001185592
default,236,10,10,True,10,0,0,0,20.0,330.9974729188696,118,590.0,2558.974729188696,0,0,0,True,7,30.0,3,0.14023969999107067,14,9,joint_route,3000227,2,10,7,111.0,3309.974729188696,0.14029159999336116
negative,236,10,10,True,10,0,0,0,20.0,331.12015490409306,118,590.0,2560.20154904093,44,92,0,True,7,30.0,3,0.14545169999473728,14,10,joint_route,3000227,2,10,7,111.0,3311.201549040931,0.14551349999965169
default,251,10,10,True,10,0,0,1,20.0,341.60037409991224,132,660.0,2584.003740999122,0,0,0,True,1,30.0,3,0.15205839999543969,10,9,joint_route,3000228,0,10,7,122.0,3416.0037409991223,0.15211540000746027
negative,263,10,10,True,10,0,0,1,20.0,338.72789228967247,133,665.0,2550.2789228967245,97,103,0,True,1,30.0,3,0.16653709999809507,10,9,joint_route,3000228,0,10,7,122.0,3387.278922896725,0.1666071999934502
default,388,16,16,True,16,0,0,2,32.0,251.91672095779012,116,580.0,3265.6675353246414,0,0,0,True,18,48.0,3,0.25417290000768844,20,16,joint_route,3000229,5,16,7,105.0,4030.667535324642,0.25423120000050403
negative,400,16,16,True,16,0,0,2,32.0,246.8489046729352,117,585.0,3179.582474766963,105,69,0,True,18,48.0,3,0.26781309999933,20,15,joint_route,3000229,5,16,7,105.0,3949.582474766963,0.2678843999892706
default,331,16,16,True,16,0,0,6,32.0,239.75000716554618,105,525.0,3134.0001146487393,0,0,0,True,18,48.0,3,0.25247169999056496,16,16,joint_route,3000230,22,16,7,97.0,3836.000114648739,0.25253659998998046
negative,331,16,16,True,16,0,0,6,32.0,236.41884066437504,105,525.0,3080.701450630001,54,56,0,True,18,48.0,3,0.25172549999842886,16,16,joint_route,3000230,22,16,7,97.0,3782.7014506300006,0.2517968000029214
default,271,11,11,True,11,0,0,0,22.0,315.2760529148338,113,565.0,2744.0365820631723,0,0,0,True,12,33.0,3,0.16479800001252443,15,10,joint_route,3000231,2,11,7,104.0,3468.0365820631723,0.16484880000643898
negative,271,11,11,True,11,0,0,0,22.0,313.7908972085302,113,565.0,2727.6998692938323,40,83,0,True,12,33.0,3,0.17226099999970756,15,10,joint_route,3000231,2,11,7,104.0,3451.6998692938323,0.17231970001012087
default,229,11,11,True,11,0,0,0,22.0,328.35716299286867,115,575.0,2873.928792921555,0,0,0,True,19,33.0,3,0.16222829998878296,16,11,joint_route,3000232,4,11,7,108.0,3611.928792921555,0.16228090001095552
negative,241,11,11,True,11,0,0,0,22.0,327.77255731006267,116,580.0,2862.4981304106896,58,83,0,True,19,33.0,3,0.1737206999969203,16,11,joint_route,3000232,4,11,7,108.0,3605.4981304106896,0.17379459999210667
default,295,13,13,True,13,0,0,1,26.0,247.67075606685725,112,560.0,2490.7198288691443,0,0,0,True,3,39.0,3,0.17966040001192596,14,13,joint_route,3000233,0,13,7,104.0,3219.7198288691443,0.17976009999983944
negative,307,13,13,True,13,0,0,1,26.0,242.63946193054045,113,565.0,2420.313005097026,53,77,0,True,3,39.0,3,0.1917267999961041,14,13,joint_route,3000233,0,13,7,104.0,3154.313005097026,0.19179719999374356
default,265,12,12,True,12,0,0,1,24.0,295.23127018151007,120,600.0,2770.77524217812,0,0,0,True,19,36.0,3,0.1877735999878496,16,11,joint_route,3000234,4,12,7,112.0,3542.775242178121,0.1878331000043545
negative,265,12,12,True,12,0,0,1,24.0,290.9800594041041,120,600.0,2719.7607128492496,59,84,0,True,19,36.0,3,0.19754100000136532,16,11,joint_route,3000234,4,12,7,112.0,3491.7607128492496,0.1976100000028964
default,331,14,14,True,14,0,0,2,28.0,274.01149540071043,117,585.0,3073.1609356099457,0,0,0,True,20,42.0,3,0.2137321000045631,18,13,joint_route,3000235,7,14,7,108.0,3836.1609356099457,0.2137912000034703
negative,343,14,14,True,14,0,0,2,28.0,269.8447910287316,118,590.0,3009.8270744022416,88,77,0,True,20,42.0,3,0.22139890000107698,18,13,joint_route,3000235,7,14,7,108.0,3777.8270744022425,0.22147199999017175
default,342,13,13,True,13,0,0,1,26.0,297.72502546570644,118,590.0,3109.425331054185,0,0,0,True,2,39.0,3,0.21529629999713507,14,13,joint_route,3000236,0,13,7,106.0,3870.425331054184,0.21535619998758193
negative,330,13,13,True,13,0,0,1,26.0,283.1615430274059,117,585.0,2925.100059356277,82,80,0,True,2,39.0,3,0.21547409999766387,14,12,joint_route,3000236,0,13,7,106.0,3681.1000593562767,0.2155532999895513
default,340,15,15,True,15,0,0,0,30.0,244.31342831146873,111,555.0,2930.701424672031,0,0,0,True,14,45.0,3,0.23196960000495892,19,15,joint_route,3000237,2,15,7,104.0,3664.701424672031,0.23202840000158176
negative,352,15,15,True,15,0,0,0,30.0,246.91112111759332,112,560.0,2964.6668167639,85,69,0,True,14,45.0,3,0.24214329999813344,19,14,joint_route,3000237,2,15,7,104.0,3703.6668167639,0.24221229999966454
default,304,14,14,True,14,0,0,0,28.0,261.71908803710284,105,525.0,2971.067232519439,0,0,0,True,15,42.0,3,0.19241699999838602,18,14,joint_route,3000238,4,14,7,98.0,3664.0672325194396,0.19247069999983069
negative,328,14,14,True,14,0,0,0,28.0,256.15828501444736,107,535.0,2883.2159902022627,55,70,0,True,15,42.0,3,0.21730039999238215,18,14,joint_route,3000238,4,14,7,98.0,3586.2159902022627,0.2173659999971278
default,284,10,10,True,10,0,0,1,20.0,364.66303827544135,124,620.0,2864.6303827544134,0,0,0,True,12,30.0,3,0.1818931000016164,15,9,joint_route,3000239,4,10,7,112.0,3646.6303827544134,0.18195050000213087
negative,284,10,10,True,10,0,0,1,20.0,364.32012867755714,124,620.0,2861.201286775572,59,93,0,True,12,30.0,3,0.19125159998657182,15,9,joint_route,3000239,4,10,7,112.0,3643.2012867755716,0.19132009999884758
default,420,16,16,True,16,0,0,1,32.0,275.1432950527797,115,575.0,3645.2927208444753,0,0,0,True,29,48.0,3,0.2775251999992179,21,15,joint_route,3000240,6,16,7,102.0,4402.292720844475,0.27758199999516364
negative,375,16,16,True,16,0,0,1,32.0,267.07493452116404,112,560.0,3531.198952338624,88,66,0,True,29,48.0,3,0.2540102999919327,21,16,joint_route,3000240,6,16,7,102.0,4273.198952338625,0.2540764000004856
default,354,15,15,True,15,0,0,5,30.0,256.43017643962935,123,615.0,3043.4526465944405,0,0,0,True,27,45.0,3,0.2517968999891309,16,15,joint_route,3000241,6,15,7,113.0,3846.4526465944405,0.2518607000092743
negative,330,15,15,True,15,0,0,5,30.0,253.43434009174638,121,605.0,3008.5151013761956,95,77,0,True,27,45.0,3,0.24049060000106692,16,15,joint_route,3000241,6,15,7,113.0,3801.5151013761956,0.2405700999952387
default,281,13,13,True,13,0,0,0,26.0,256.3548370861359,107,535.0,2631.6128821197667,0,0,0,True,5,39.0,3,0.17184830000041984,17,13,joint_route,3000242,0,13,7,101.0,3332.6128821197667,0.1719044999917969
negative,281,13,13,True,13,0,0,0,26.0,250.63477615509157,107,535.0,2557.2520900161903,43,75,0,True,5,39.0,3,0.17055989999789745,17,13,joint_route,3000242,0,13,7,101.0,3258.2520900161903,0.17062399999122135
default,214,10,10,True,10,0,0,0,20.0,349.43004622246747,120,600.0,2732.300462224675,0,0,0,True,10,30.0,3,0.13117639999836683,15,10,joint_route,3000243,1,10,7,112.0,3494.300462224675,0.13123080000514165
negative,238,10,10,True,10,0,0,0,20.0,352.88201995343445,122,610.0,2756.820199534344,54,95,0,True,10,30.0,3,0.147194799996214,15,9,joint_route,3000243,1,10,7,112.0,3528.8201995343443,0.14725690000341274
default,285,11,11,True,11,0,0,0,22.0,323.9598802492797,121,605.0,2792.558682742077,0,0,0,True,14,33.0,3,0.18549099999654572,16,10,joint_route,3000244,3,11,7,111.0,3563.558682742077,0.18554479999875184
negative,285,11,11,True,11,0,0,0,22.0,311.7194596847134,121,605.0,2657.914056531848,64,88,0,True,14,33.0,3,0.1943660999968415,16,10,joint_route,3000244,3,11,7,111.0,3428.9140565318476,0.19443439999304246
default,354,15,15,True,15,0,0,0,30.0,273.20417898692904,114,570.0,3348.062684803936,0,0,0,True,20,45.0,3,0.2589635000040289,19,14,joint_route,3000245,1,15,7,105.0,4098.062684803936,0.25902230000065174
negative,378,15,15,True,15,0,0,0,30.0,270.54578666299744,116,580.0,3298.186799944962,89,67,0,True,20,45.0,3,0.2865716000087559,19,14,joint_route,3000245,1,15,7,105.0,4058.186799944962,0.286703599995235
default,262,12,12,True,12,0,0,5,24.0,325.2451656042295,129,645.0,3075.9419872507533,0,0,0,True,21,36.0,3,0.1902115999982925,13,12,joint_route,3000246,4,12,7,122.0,3902.9419872507538,0.19027329998789355
negative,262,12,12,True,12,0,0,5,24.0,315.52928310899125,129,645.0,2959.3513973078943,82,93,0,True,21,36.0,3,0.20067289999860805,13,12,joint_route,3000246,4,12,7,122.0,3786.351397307895,0.2007417999993777
default,249,10,10,True,10,0,0,1,20.0,333.0771421170571,128,640.0,2521.771421170572,0,0,0,True,16,30.0,3,0.15761470000143163,13,10,joint_route,3000247,3,10,7,119.0,3330.771421170571,0.15766979999898467
negative,249,10,10,True,10,0,0,1,20.0,331.5238315122015,128,640.0,2506.238315122015,67,99,0,True,16,30.0,3,0.1635071000055177,13,10,joint_route,3000247,3,10,7,119.0,3315.238315122015,0.16358089999994263
default,342,14,14,True,14,0,0,2,28.0,253.66810206988762,113,565.0,2813.3534289784266,0,0,0,True,11,42.0,3,0.23008120000304189,18,13,joint_route,3000248,3,14,7,103.0,3551.3534289784266,0.23014250000414904
negative,342,14,14,True,14,0,0,2,28.0,246.88204670949193,113,565.0,2718.348653932887,78,72,0,True,11,42.0,3,0.23619460000190884,18,13,joint_route,3000248,3,14,7,103.0,3456.348653932887,0.2362725999992108
default,228,11,11,True,11,0,0,0,22.0,303.9659663543622,117,585.0,2591.6256298979843,0,0,0,True,12,33.0,3,0.16343529999721795,16,11,joint_route,3000249,2,11,7,112.0,3343.6256298979843,0.16349459999764804
negative,228,11,11,True,11,0,0,0,22.0,303.9659663543622,117,585.0,2591.6256298979843,52,87,0,True,12,33.0,3,0.16508449999673758,16,11,joint_route,3000249,2,11,7,112.0,3343.6256298979843,0.16515839999192394
default,398,15,15,True,15,0,0,1,30.0,247.9694531384672,108,540.0,3008.5417970770072,0,0,0,True,9,45.0,3,0.23920969999744557,18,14,joint_route,3000250,3,15,7,96.0,3719.541797077008,0.23927429999457672
negative,398,15,15,True,15,0,0,1,30.0,247.9694531384672,108,540.0,3008.5417970770072,72,64,0,True,9,45.0,3,0.24218970000219997,18,14,joint_route,3000250,3,15,7,96.0,3719.541797077008,0.2422583999868948
default,194,10,10,True,10,0,0,0,20.0,325.3755641393246,117,585.0,2507.7556413932443,0,0,0,True,12,30.0,3,0.14567349999560975,13,10,joint_route,3000251,2,10,7,111.0,3253.7556413932457,0.14572680000856053
negative,206,10,10,True,10,0,0,0,20.0,325.632866529055,118,590.0,2505.328665290549,55,88,0,True,12,30.0,3,0.1670602000085637,13,9,joint_route,3000251,2,10,7,111.0,3256.32866529055,0.1671269999933429
default,384,16,16,True,16,0,0,0,32.0,234.6736626228036,104,520.0,3058.7786019648574,0,0,0,True,23,48.0,3,0.2689142000017455,21,16,joint_route,3000252,8,16,6,96.0,3754.7786019648574,0.2689733999868622
negative,396,16,16,True,16,0,0,0,32.0,233.79138765303037,105,525.0,3039.6622024484864,83,60,0,True,23,48.0,3,0.2571054000000004,21,15,joint_route,3000252,8,16,6,96.0,3740.662202448486,0.2571792000089772
default,342,15,15,True,15,0,0,1,30.0,232.96267306553364,110,550.0,2768.4400959830045,0,0,0,True,14,45.0,3,0.2249123000074178,20,15,joint_route,3000253,3,15,7,101.0,3494.4400959830045,0.2249730999901658
negative,342,15,15,True,15,0,0,1,30.0,232.96267306553364,110,550.0,2768.4400959830045,81,68,0,True,14,45.0,3,0.23354070000641514,20,15,joint_route,3000253,3,15,7,101.0,3494.4400959830045,0.23361239999940153
default,229,10,10,True,10,0,0,1,20.0,353.47364835324095,133,665.0,2694.7364835324097,0,0,0,True,16,30.0,3,0.16478010000719223,14,10,joint_route,3000254,3,10,7,125.0,3534.7364835324097,0.16483950000838377
negative,217,10,10,True,10,0,0,1,20.0,343.44137337735293,132,660.0,2599.413733773529,67,103,0,True,16,30.0,3,0.163802900002338,14,10,joint_route,3000254,3,10,7,125.0,3434.413733773529,0.16387040000699926
default,363,15,15,True,15,0,0,2,30.0,254.5756252903534,109,545.0,3099.6343793553006,0,0,0,True,7,45.0,3,0.22683890000917017,19,14,joint_route,3000255,6,15,7,99.0,3818.634379355301,0.22689730000274722
negative,363,15,15,True,15,0,0,2,30.0,250.39983590290632,109,545.0,3036.9975385435946,85,68,0,True,7,45.0,3,0.2332812999957241,19,14,joint_route,3000255,6,15,7,99.0,3755.9975385435946,0.23335679998854175
default,259,12,12,True,12,0,0,0,24.0,288.73685716329675,119,595.0,2696.8422859595617,0,0,0,True,7,36.0,3,0.15891820000251755,15,12,joint_route,3000256,0,12,7,113.0,3464.8422859595607,0.1589760000060778
negative,283,12,12,True,12,0,0,0,24.0,290.10071075921115,121,605.0,2703.2085291105336,83,89,0,True,7,36.0,3,0.1780127999954857,15,12,joint_route,3000256,0,12,7,113.0,3481.2085291105336,0.17807929999253247
default,345,13,13,True,13,0,0,0,26.0,288.3626854828774,120,600.0,2974.7149112774073,0,0,0,True,22,39.0,3,0.23861780000152066,18,13,joint_route,3000257,4,13,7,109.0,3748.7149112774064,0.23867549998976756
negative,321,13,13,True,13,0,0,0,26.0,269.99803830704406,118,590.0,2745.9744979915736,89,78,0,True,22,39.0,3,0.23018709999450948,18,13,joint_route,3000257,4,13,7,109.0,3509.9744979915727,0.23025930000585504
default,410,15,15,True,15,0,0,0,30.0,253.16897290339784,113,565.0,3057.534593550967,0,0,0,True,7,45.0,3,0.24136640000506304,19,12,joint_route,3000258,1,15,7,100.0,3797.5345935509677,0.24142520000168588
negative,422,15,15,True,15,0,0,0,30.0,250.6935184506866,114,570.0,3015.4027767602984,89,69,0,True,7,45.0,3,0.2666165999980876,19,13,joint_route,3000258,1,15,7,100.0,3760.4027767602993,0.2666923000069801
default,238,10,10,True,10,0,0,1,20.0,336.4313842326404,124,620.0,2579.3138423264045,0,0,0,True,5,30.0,3,0.1490373999986332,12,10,joint_route,3000259,1,10,7,115.0,3364.3138423264045,0.14909239999542478
negative,226,10,10,True,10,0,0,1,20.0,319.46167157984274,123,615.0,2414.6167157984273,49,97,0,True,5,30.0,3,0.14281750000372995,12,10,joint_route,3000259,1,10,7,115.0,3194.6167157984273,0.14289050000661518
default,387,15,15,True,15,0,0,1,30.0,240.84454460201422,114,570.0,2865.6681690302134,0,0,0,True,5,45.0,3,0.24031920000561513,16,14,joint_route,3000260,0,15,7,102.0,3612.6681690302134,0.24037610000232235
negative,375,15,15,True,15,0,0,1,30.0,233.80005445047343,113,565.0,2765.000816757101,67,71,0,True,5,45.0,3,0.23614730000554118,16,14,joint_route,3000260,0,15,7,102.0,3507.0008167571013,0.23622120000072755
default,228,10,10,True,10,0,0,3,20.0,337.1047582369778,126,630.0,2573.0475823697784,0,0,0,True,15,30.0,3,0.16247860000294168,13,10,joint_route,3000261,6,10,7,118.0,3371.047582369778,0.1625389999971958
negative,228,10,10,True,10,0,0,3,20.0,336.8917259925085,126,630.0,2570.917259925086,82,98,0,True,15,30.0,3,0.15738790000614244,13,9,joint_route,3000261,6,10,7,118.0,3368.917259925085,0.1574589000083506
default,240,12,12,True,12,0,0,1,24.0,315.8137559016796,116,580.0,3038.7650708201563,0,0,0,True,16,36.0,3,0.17373579999548383,15,12,joint_route,3000262,3,12,7,111.0,3789.7650708201554,0.1737888999923598
negative,240,12,12,True,12,0,0,1,24.0,306.683949554891,116,580.0,2929.207394658693,50,83,0,True,16,36.0,3,0.17357660000561737,15,11,joint_route,3000262,3,12,7,111.0,3680.207394658692,0.17364789999555796
default,289,13,13,True,13,0,0,6,26.0,282.1216076657453,124,620.0,2867.580899654688,0,0,0,True,21,39.0,3,0.21803620000719093,13,13,joint_route,3000263,12,13,7,115.0,3667.580899654689,0.21809410001151264
negative,289,13,13,True,13,0,0,6,26.0,282.41846517282636,124,620.0,2871.440047246743,90,82,0,True,21,39.0,3,0.22710259999439586,13,13,joint_route,3000263,12,13,7,115.0,3671.440047246743,0.22717360001115594
default,285,12,12,True,12,0,0,1,24.0,290.57476893547704,116,580.0,2740.8972272257247,0,0,0,True,5,36.0,3,0.1870963999972446,14,12,joint_route,3000264,1,12,7,106.0,3486.8972272257247,0.18715280000469647
negative,273,12,12,True,12,0,0,1,24.0,282.41808410344214,115,575.0,2648.0170092413055,49,82,0,True,5,36.0,3,0.1806259000004502,14,12,joint_route,3000264,1,12,7,106.0,3389.0170092413055,0.18069129998912103
default,332,16,16,True,16,0,0,3,32.0,239.13079953854938,109,545.0,3102.0927926167906,0,0,0,True,22,48.0,3,0.23371480000787415,19,15,joint_route,3000265,4,16,7,99.0,3826.09279261679,0.23377399999299087
negative,320,16,16,True,16,0,0,3,32.0,229.03248778760633,108,540.0,2945.5198046017013,58,61,0,True,22,48.0,3,0.23097689999849536,19,15,joint_route,3000265,4,16,7,99.0,3664.5198046017013,0.23104470000544097
default,319,13,13,True,13,0,0,2,26.0,290.6146491366492,121,605.0,2997.990438776439,0,0,0,True,9,39.0,3,0.19841890000679996,16,13,joint_route,3000266,1,13,7,110.0,3777.990438776439,0.19849030001205392
negative,307,13,13,True,13,0,0,2,26.0,281.06609012539496,120,600.0,2878.859171630135,67,84,0,True,9,39.0,3,0.19351369999640156,16,12,joint_route,3000266,1,13,7,110.0,3653.859171630135,0.1935836000047857
default,390,16,16,True,16,0,0,2,32.0,254.5489118272019,115,575.0,3312.7825892352303,0,0,0,True,23,48.0,3,0.2677144000044791,20,16,joint_route,3000267,10,16,7,105.0,4072.7825892352303,0.26777629999560304
negative,390,16,16,True,16,0,0,2,32.0,253.3673434973701,115,575.0,3293.877495957922,94,66,0,True,23,48.0,3,0.2758990000002086,20,16,joint_route,3000267,10,16,7,105.0,4053.8774959579214,0.27597119999700226
default,340,14,14,True,14,0,0,1,28.0,276.3431107045261,110,550.0,3148.803549863366,0,0,0,True,9,42.0,3,0.2072075999894878,18,13,joint_route,3000268,2,14,7,100.0,3868.803549863366,0.20726619999913964
negative,328,14,14,True,14,0,0,1,28.0,266.4644603234659,109,545.0,3015.502444528523,61,72,0,True,9,42.0,3,0.21084329999575857,18,13,joint_route,3000268,2,14,7,100.0,3730.502444528523,0.21090849999745842
default,250,12,12,True,12,0,0,1,24.0,282.2599462026925,123,615.0,2595.119354432311,0,0,0,True,11,36.0,3,0.16980709999916144,15,12,joint_route,3000269,3,12,7,117.0,3387.11935443231,0.16986150000593625
negative,262,12,12,True,12,0,0,1,24.0,282.9959009990831,124,620.0,2598.950811988998,73,90,0,True,11,36.0,3,0.1796502000070177,15,12,joint_route,3000269,3,12,7,117.0,3395.9508119889974,0.17972360001294874
default,275,11,11,True,11,0,0,1,22.0,295.68190643880416,121,605.0,2482.5009708268462,0,0,0,True,9,33.0,3,0.1795305000123335,15,10,joint_route,3000270,1,11,7,110.0,3252.500970826846,0.17958619999990333
negative,275,11,11,True,11,0,0,1,22.0,287.4539336966798,121,605.0,2391.993270663479,65,88,0,True,9,33.0,3,0.18096180001157336,15,9,joint_route,3000270,1,11,7,110.0,3161.993270663478,0.18103329998848494
default,342,15,15,True,15,0,0,3,30.0,246.02958086505353,121,605.0,2897.4437129758035,0,0,0,True,16,45.0,3,0.22488170000724494,18,14,joint_route,3000271,3,15,7,113.0,3690.443712975803,0.22494410000217613
negative,342,15,15,True,15,0,0,3,30.0,242.66252462626414,121,605.0,2846.9378693939625,90,78,0,True,16,45.0,3,0.23527399999147747,18,14,joint_route,3000271,3,15,7,113.0,3639.937869393962,0.23534710000967607
default,364,15,15,True,15,0,0,0,30.0,250.91544221778886,112,560.0,3026.731633266833,0,0,0,True,9,45.0,3,0.2413747999962652,19,15,joint_route,3000272,4,15,7,102.0,3763.731633266833,0.24143280000134837
negative,364,15,15,True,15,0,0,0,30.0,250.74029542779587,112,560.0,3024.104431416938,84,70,0,True,9,45.0,3,0.23888499999884516,19,15,joint_route,3000272,4,15,7,102.0,3761.104431416938,0.23895610000181478
default,399,16,16,True,16,0,0,3,32.0,246.74549216944033,110,550.0,3217.9278747110457,0,0,0,True,22,48.0,3,0.2655070000037085,19,15,joint_route,3000273,7,16,7,100.0,3947.927874711045,0.2655704000062542
negative,399,16,16,True,16,0,0,3,32.0,245.12872250715301,110,550.0,3192.0595601144487,84,62,0,True,22,48.0,3,0.2697476000030292,19,15,joint_route,3000273,7,16,7,100.0,3922.0595601144482,0.2698243999911938
default,229,11,11,True,11,0,0,1,22.0,310.48643368137584,113,565.0,2688.3507704951344,0,0,0,True,15,33.0,3,0.17112669999187347,16,11,joint_route,3000274,6,11,7,107.0,3415.3507704951344,0.17119029999594204
negative,229,11,11,True,11,0,0,1,22.0,305.8198432887809,113,565.0,2637.0182761765896,47,82,0,True,15,33.0,3,0.16681049999897368,16,11,joint_route,3000274,6,11,7,107.0,3364.0182761765896,0.16688290001184214
default,401,16,16,True,16,0,0,2,32.0,245.13549534101097,110,550.0,3193.1679254561755,0,0,0,True,20,48.0,3,0.2664943999989191,20,16,joint_route,3000275,8,16,7,99.0,3922.1679254561755,0.2665592999983346
negative,401,16,16,True,16,0,0,2,32.0,245.13549534101097,110,550.0,3193.1679254561755,87,62,0,True,20,48.0,3,0.2731904999964172,20,16,joint_route,3000275,8,16,7,99.0,3922.1679254561755,0.2732625999924494
default,252,11,11,True,11,0,0,1,22.0,306.5020938586971,119,595.0,2610.523032445668,0,0,0,True,13,33.0,3,0.17408549999527168,16,10,joint_route,3000276,4,11,7,111.0,3371.523032445668,0.17414039999130182
negative,252,11,11,True,11,0,0,1,22.0,306.5020938586971,119,595.0,2610.523032445668,62,85,0,True,13,33.0,3,0.18295349999971222,16,10,joint_route,3000276,4,11,7,111.0,3371.523032445668,0.18302219999895897
default,241,11,11,True,11,0,0,2,22.0,314.54591244314156,123,615.0,2674.005036874557,0,0,0,True,13,33.0,3,0.1771339000115404,15,10,joint_route,3000277,2,11,7,116.0,3460.005036874557,0.17719339999894146
negative,229,11,11,True,11,0,0,2,22.0,305.3514897618507,122,610.0,2577.866387380359,73,90,0,True,13,33.0,3,0.18044039999949746,15,11,joint_route,3000277,2,11,7,116.0,3358.866387380358,0.18051419999392238
default,240,11,11,True,11,0,0,1,22.0,322.23682139456474,116,580.0,2801.605035340212,0,0,0,True,10,33.0,3,0.16549130000930745,12,11,joint_route,3000278,0,11,7,108.0,3544.6050353402125,0.16554690001066774
negative,228,11,11,True,11,0,0,1,22.0,312.05008889780095,115,575.0,2694.55097787581,36,85,0,True,10,33.0,3,0.1606477999885101,12,11,joint_route,3000278,0,11,7,108.0,3432.5509778758105,0.16071339999325573
default,403,16,16,True,16,0,0,0,32.0,216.3172814734602,105,525.0,2761.0765035753634,0,0,0,True,36,48.0,3,0.27986880000389647,21,16,joint_route,3000279,7,16,6,95.0,3461.0765035753634,0.2799273000127869
negative,391,16,16,True,16,0,0,0,32.0,209.8650241045759,104,520.0,2662.840385673214,78,54,0,True,36,48.0,3,0.27593220000562724,21,16,joint_route,3000279,7,16,6,95.0,3357.8403856732143,0.27600430000165943
default,228,10,10,True,10,0,0,1,20.0,330.32257148881297,123,615.0,2523.2257148881295,0,0,0,True,10,30.0,3,0.1528542999876663,13,9,joint_route,3000280,2,10,7,115.0,3303.2257148881295,0.1529080000036629
negative,240,10,10,True,10,0,0,1,20.0,327.0148696165394,124,620.0,2485.1486961653936,68,94,0,True,10,30.0,3,0.16144669998902828,13,9,joint_route,3000280,2,10,7,115.0,3270.148696165394,0.16151629999512807
default,286,15,15,True,15,0,0,5,30.0,246.89686473032089,113,565.0,2960.452970954814,0,0,0,True,18,45.0,3,0.21108290000120178,16,15,joint_route,3000281,16,15,7,103.0,3703.4529709548133,0.21114089999173302
negative,286,15,15,True,15,0,0,5,30.0,246.89686473032089,113,565.0,2960.452970954814,86,69,0,True,18,45.0,3,0.21769960000528954,16,15,joint_route,3000281,16,15,7,103.0,3703.4529709548133,0.21776899999531452
default,316,14,14,True,14,0,0,0,28.0,265.71804258777917,105,525.0,3028.052596228909,0,0,0,True,7,42.0,3,0.19642509998811875,17,14,joint_route,3000282,5,14,7,97.0,3720.0525962289084,0.19648460000462364
negative,304,14,14,True,14,0,0,0,28.0,257.45898164762775,104,520.0,2917.425743066789,41,69,0,True,7,42.0,3,0.19128579999960493,17,14,joint_route,3000282,5,14,7,97.0,3604.4257430667885,0.19135899998946115
default,285,14,14,True,14,0,0,2,28.0,260.11982670271107,107,535.0,2937.6775738379547,0,0,0,True,16,42.0,3,0.20691269999952056,17,14,joint_route,3000283,2,14,7,99.0,3641.6775738379547,0.20696979999775067
negative,285,14,14,True,14,0,0,2,28.0,255.26761159661433,107,535.0,2869.7465623526004,46,68,0,True,16,42.0,3,0.21177890000399202,17,14,joint_route,3000283,2,14,7,99.0,3573.7465623526004,0.2118497000046773
default,308,13,13,True,13,0,0,2,26.0,263.32103019447936,113,565.0,2690.173392528231,0,0,0,True,9,39.0,3,0.20259799998893868,16,13,joint_route,3000284,2,13,7,103.0,3423.1733925282315,0.2026612999907229
negative,296,13,13,True,13,0,0,2,26.0,251.36597609812986,112,560.0,2539.757689275688,44,75,0,True,9,39.0,3,0.20134889999462757,16,13,joint_route,3000284,2,13,7,103.0,3267.7576892756883,0.20142759999725968
default,225,10,10,True,10,0,0,1,20.0,377.91612469703534,119,595.0,3023.1612469703537,0,0,0,True,7,30.0,3,0.1407282000000123,13,10,joint_route,3000285,1,10,7,111.0,3779.1612469703537,0.14078450000670273
negative,225,10,10,True,10,0,0,1,20.0,362.4475338995922,119,595.0,2868.4753389959214,50,93,0,True,7,30.0,3,0.14269570000760723,13,10,joint_route,3000285,1,10,7,111.0,3624.475338995922,0.1427698000043165
default,401,16,16,True,16,0,0,0,32.0,230.63669599335444,110,550.0,2960.1871358936705,0,0,0,True,23,48.0,3,0.262513100009528,21,16,joint_route,3000286,4,16,6,100.0,3690.187135893671,0.2625804999988759
negative,401,16,16,True,16,0,0,0,32.0,227.5105598651525,110,550.0,2910.1689578424393,98,61,0,True,23,48.0,3,0.2677671999990707,21,16,joint_route,3000286,4,16,6,100.0,3640.16895784244,0.26785440000821836
default,331,14,14,True,14,0,0,0,28.0,276.40773291903866,113,565.0,3130.7082608665405,0,0,0,True,20,42.0,3,0.2233262000081595,19,14,joint_route,3000287,5,14,7,104.0,3869.708260866541,0.22339610000199173
negative,331,14,14,True,14,0,0,0,28.0,275.85637064111813,113,565.0,3122.9891889756536,74,72,0,True,20,42.0,3,0.22807369999645744,19,14,joint_route,3000287,5,14,7,104.0,3861.989188975654,0.22814239999570418
default,319,14,14,True,14,0,0,0,28.0,266.0052752856378,111,555.0,2997.073853998929,0,0,0,True,17,42.0,3,0.21733390000008512,18,13,joint_route,3000288,2,14,7,102.0,3724.0738539989297,0.2173923999944236
negative,307,14,14,True,14,0,0,0,28.0,259.27047261303727,110,550.0,2907.7866165825217,57,70,0,True,17,42.0,3,0.20932639999955427,18,14,joint_route,3000288,2,14,7,102.0,3629.786616582522,0.20939740000176243
default,389,15,15,True,15,0,0,0,30.0,252.6281840794964,108,540.0,3077.422761192446,0,0,0,True,17,45.0,3,0.25676580000435933,19,15,joint_route,3000289,1,15,7,97.0,3789.422761192446,0.2568239999964135
negative,377,15,15,True,15,0,0,0,30.0,250.43122577913525,107,535.0,3049.4683866870287,68,63,0,True,17,45.0,3,0.2500414000096498,19,15,joint_route,3000289,1,15,7,97.0,3756.4683866870287,0.25010910000128206
default,344,13,13,True,13,0,0,5,26.0,300.5557587665213,116,580.0,3158.224863964778,0,0,0,True,16,39.0,3,0.22463559999596328,14,13,joint_route,3000290,11,13,7,104.0,3907.2248639647773,0.22469760000240058
negative,320,13,13,True,13,0,0,5,26.0,292.53512237422376,114,570.0,3063.9565908649097,65,76,0,True,16,39.0,3,0.21221349999541417,14,13,joint_route,3000290,11,13,7,104.0,3802.9565908649092,0.2122858999937307
default,171,10,10,True,10,0,0,0,20.0,307.72855625466434,117,585.0,2327.2855625466445,0,0,0,True,21,30.0,3,0.13233279999985825,15,10,joint_route,3000291,4,10,7,115.0,3077.2855625466436,0.13238479998835828
negative,171,10,10,True,10,0,0,0,20.0,307.80717886409445,117,585.0,2328.0717886409457,37,91,0,True,21,30.0,3,0.1378448000032222,15,10,joint_route,3000291,4,10,7,115.0,3078.0717886409448,0.13790649999282323
default,262,10,10,True,10,0,0,0,20.0,314.935185962286,126,630.0,2352.35185962286,0,0,0,True,12,30.0,3,0.1689646000013454,15,9,joint_route,3000292,4,10,7,117.0,3149.35185962286,0.16901890000735875
negative,262,10,10,True,10,0,0,0,20.0,314.0450488090801,126,630.0,2343.4504880908003,63,96,0,True,12,30.0,3,0.1687831000017468,15,9,joint_route,3000292,4,10,7,117.0,3140.4504880908007,0.16885269999329466
default,239,11,11,True,11,0,0,1,22.0,333.73394793696355,115,575.0,2934.073427306598,0,0,0,True,10,33.0,3,0.15891409998585004,16,11,joint_route,3000293,3,11,7,107.0,3671.073427306599,0.1589741000061622
negative,251,11,11,True,11,0,0,1,22.0,325.3395800377391,116,580.0,2836.7353804151303,53,85,0,True,10,33.0,3,0.17277689999900758,16,11,joint_route,3000293,3,11,7,107.0,3578.7353804151303,0.17284359999757726
default,298,12,12,True,12,0,0,4,24.0,285.7553651840261,126,630.0,2625.064382208313,0,0,0,True,19,36.0,3,0.19993160000012722,14,11,joint_route,3000294,3,12,7,114.0,3429.0643822083134,0.19999259999895003
negative,298,12,12,True,12,0,0,4,24.0,286.2964030555424,126,630.0,2631.5568366665075,91,89,0,True,19,36.0,3,0.20333340000070166,14,11,joint_route,3000294,3,12,7,114.0,3435.5568366665084,0.20340179999766406
default,354,13,13,True,13,0,0,2,26.0,276.3531104741143,129,645.0,2765.5904361634857,0,0,0,True,15,39.0,3,0.21539209999900777,16,10,joint_route,3000295,3,13,7,117.0,3592.590436163486,0.2154589000128908
negative,354,13,13,True,13,0,0,2,26.0,276.68850118488893,129,645.0,2769.950515403556,110,89,0,True,15,39.0,3,0.22562630000174977,16,11,joint_route,3000295,3,13,7,117.0,3596.9505154035564,0.22570099998847581
default,375,16,16,True,16,0,0,2,32.0,241.5241542151268,111,555.0,3128.3864674420292,0,0,0,True,11,48.0,3,0.2387964999943506,19,16,joint_route,3000296,1,16,7,101.0,3864.386467442029,0.23885810001229402
negative,375,16,16,True,16,0,0,2,32.0,237.7274187825155,111,555.0,3067.6387005202487,70,67,0,True,11,48.0,3,0.250512600003276,19,16,joint_route,3000296,1,16,7,101.0,3803.638700520248,0.25058500000159256
default,369,15,15,True,15,0,0,1,30.0,246.23264129737035,114,570.0,2945.4896194605553,0,0,0,True,24,45.0,3,0.25900750000437256,19,15,joint_route,3000297,6,15,7,103.0,3693.4896194605553,0.25906909999321215
negative,357,15,15,True,15,0,0,1,30.0,235.4523644728204,113,565.0,2788.7854670923057,86,67,0,True,24,45.0,3,0.259421900002053,19,15,joint_route,3000297,6,15,7,103.0,3531.7854670923057,0.2594988999917405
default,330,12,12,True,12,0,0,0,24.0,309.5402460884224,122,610.0,2934.482953061068,0,0,0,True,7,36.0,3,0.20700559999386314,15,11,joint_route,3000298,0,12,7,110.0,3714.4829530610687,0.20706459999200888
negative,330,12,12,True,12,0,0,0,24.0,309.5402460884224,122,610.0,2934.482953061068,87,86,0,True,7,36.0,3,0.20236100000329316,15,11,joint_route,3000298,0,12,7,110.0,3714.4829530610687,0.20243099999788683
default,412,16,16,True,16,0,0,4,32.0,257.3994836290788,126,630.0,3296.391738065261,0,0,0,True,23,48.0,3,0.2723227000096813,18,16,joint_route,3000299,4,16,7,112.0,4118.391738065261,0.272391599995899
negative,400,16,16,True,16,0,0,4,32.0,247.20975851473492,125,625.0,3138.3561362357586,117,76,0,True,23,48.0,3,0.27316979999886826,18,16,joint_route,3000299,4,16,7,112.0,3955.3561362357586,0.27324500000395346
default,275,13,13,True,13,0,0,0,26.0,264.4500500350325,113,565.0,2700.8506504554225,0,0,0,True,21,39.0,3,0.1920523000007961,17,13,joint_route,3000300,2,13,7,107.0,3437.8506504554225,0.19213139999192208
negative,275,13,13,True,13,0,0,0,26.0,264.4500500350325,113,565.0,2700.8506504554225,56,76,0,True,21,39.0,3,0.19541680000838824,17,13,joint_route,3000300,2,13,7,107.0,3437.8506504554225,0.19548530000611208
default,229,10,10,True,10,0,0,5,20.0,355.32678516344856,119,595.0,2797.267851634486,0,0,0,True,7,30.0,3,0.15930649999063462,11,10,joint_route,3000301,14,10,7,111.0,3553.2678516344854,0.15936049999436364
negative,229,10,10,True,10,0,0,5,20.0,355.32678516344856,119,595.0,2797.267851634486,46,89,0,True,7,30.0,3,0.16180390000226907,11,10,joint_route,3000301,14,10,7,111.0,3553.2678516344854,0.16187389999686275
default,385,16,16,True,16,0,0,1,32.0,231.39715061325114,103,515.0,3014.354409812018,0,0,0,True,23,48.0,3,0.24913159999414347,20,16,joint_route,3000302,3,16,7,93.0,3702.3544098120183,0.24919419999059755
negative,373,16,16,True,16,0,0,1,32.0,231.88778436364177,102,510.0,3027.2045498182674,60,58,0,True,23,48.0,3,0.24757690000114962,20,16,joint_route,3000302,3,16,7,93.0,3710.2045498182683,0.24764919999870472
default,241,11,11,True,11,0,0,2,22.0,319.9015173886355,123,615.0,2733.9166912749906,0,0,0,True,14,33.0,3,0.16653770000266377,12,11,joint_route,3000303,0,11,7,115.0,3518.9166912749906,0.1665999999968335
negative,241,11,11,True,11,0,0,2,22.0,311.6582658292294,123,615.0,2643.240924121523,65,90,0,True,14,33.0,3,0.17254899999534246,12,11,joint_route,3000303,0,11,7,115.0,3428.240924121523,0.17262409999966621
default,399,15,15,True,15,0,0,1,30.0,274.51942157562354,113,565.0,3378.791323634353,0,0,0,True,18,45.0,3,0.2553082000085851,20,15,joint_route,3000304,7,15,7,99.0,4117.791323634353,0.2553702000004705
negative,399,15,15,True,15,0,0,1,30.0,274.50104695333533,113,565.0,3378.51570430003,97,66,0,True,18,45.0,3,0.2592411999939941,20,15,joint_route,3000304,7,15,7,99.0,4117.51570430003,0.25931339999078773
default,216,11,11,True,11,0,0,1,22.0,304.8654487213399,123,615.0,2566.519935934739,0,0,0,True,14,33.0,3,0.15478619998611975,15,11,joint_route,3000305,3,11,7,117.0,3353.5199359347384,0.1548490999994101
negative,228,11,11,True,11,0,0,1,22.0,286.3560959767242,124,620.0,2357.9170557439666,47,93,0,True,14,33.0,3,0.16289140000299085,15,11,joint_route,3000305,3,11,7,117.0,3149.917055743966,0.16296390000206884
default,262,10,10,True,10,0,0,3,20.0,365.03314555958434,132,660.0,2820.3314555958436,0,0,0,True,14,30.0,3,0.1703583000053186,13,10,joint_route,3000306,4,10,7,120.0,3650.3314555958436,0.17041789999348111
negative,238,10,10,True,10,0,0,3,20.0,345.0531941968256,130,650.0,2630.5319419682564,65,103,0,True,14,30.0,3,0.15300800000841264,13,10,joint_route,3000306,4,10,7,120.0,3450.531941968256,0.1530810999975074
default,252,12,12,True,12,0,0,3,24.0,299.70525963449217,127,635.0,2782.463115613906,0,0,0,True,23,36.0,3,0.18562660001043696,15,12,joint_route,3000307,3,12,7,119.0,3596.4631156139058,0.18568750000849832
negative,240,12,12,True,12,0,0,3,24.0,290.6259951853783,126,630.0,2678.5119422245402,66,91,0,True,23,36.0,3,0.1798247000115225,15,12,joint_route,3000307,3,12,7,119.0,3487.51194222454,0.17990080000890885
default,215,11,11,True,11,0,0,0,22.0,310.4921111823592,119,595.0,2651.4132230059527,0,0,0,True,14,33.0,3,0.14962570001080167,15,11,joint_route,3000308,2,11,7,114.0,3415.4132230059517,0.1496830999967642
negative,215,11,11,True,11,0,0,0,22.0,305.4724034429612,119,595.0,2596.196437872574,41,90,0,True,14,33.0,3,0.14543429999321233,15,11,joint_route,3000308,2,11,7,114.0,3360.1964378725734,0.14549690000421833
default,364,16,16,True,16,0,0,4,32.0,249.51468221233,113,565.0,3242.234915397279,0,0,0,True,30,48.0,3,0.2437116000073729,18,15,joint_route,3000309,5,16,7,105.0,3992.23491539728,0.24376940001093317
negative,352,16,16,True,16,0,0,4,32.0,242.48538208094567,112,560.0,3134.7661132951307,86,67,0,True,30,48.0,3,0.24418059999879915,18,15,joint_route,3000309,5,16,7,105.0,3879.7661132951307,0.24425460000929888
default,205,11,11,True,11,0,0,1,22.0,292.37140843139935,117,585.0,2464.085492745393,0,0,0,True,12,33.0,3,0.1528476999956183,15,11,joint_route,3000310,3,11,7,112.0,3216.085492745393,0.1529065999930026
negative,217,11,11,True,11,0,0,1,22.0,292.0787023867675,118,590.0,2455.8657262544416,41,86,0,True,12,33.0,3,0.15974840000853874,15,11,joint_route,3000310,3,11,7,112.0,3212.865726254442,0.1598188000061782
default,239,11,11,True,11,0,0,0,22.0,305.14148447978664,117,585.0,2606.5563292776533,0,0,0,True,14,33.0,3,0.17780399999173824,16,11,joint_route,3000311,1,11,7,110.0,3356.5563292776533,0.17786080000223592
negative,239,11,11,True,11,0,0,0,22.0,305.14148447978664,117,585.0,2606.5563292776533,46,84,0,True,14,33.0,3,0.17762090000906028,16,11,joint_route,3000311,1,11,7,110.0,3356.5563292776533,0.17768530000466853
default,294,12,12,True,12,0,0,4,24.0,327.5968985246529,128,640.0,3112.162782295834,0,0,0,True,16,36.0,3,0.18747099999745842,14,11,joint_route,3000312,8,12,7,119.0,3931.1627822958344,0.18753160000778735
negative,318,12,12,True,12,0,0,4,24.0,326.37922374174235,130,650.0,3087.550684900909,102,94,0,True,16,36.0,3,0.21269780000147875,14,12,joint_route,3000312,8,12,7,119.0,3916.550684900908,0.2127734999958193
default,375,16,16,True,16,0,0,0,32.0,227.21971808960197,107,535.0,2923.515489433632,0,0,0,True,14,48.0,3,0.24400079999759328,21,16,joint_route,3000313,1,16,6,97.0,3635.5154894336315,0.24406270000326913
negative,363,16,16,True,16,0,0,0,32.0,222.74909101120937,106,530.0,2856.98545617935,73,63,0,True,14,48.0,3,0.23385370000323746,21,16,joint_route,3000313,1,16,6,97.0,3563.98545617935,0.233929399997578
default,275,11,11,True,11,0,0,0,22.0,323.86850645003426,124,620.0,2772.5535709503765,0,0,0,True,11,33.0,3,0.1921239999937825,14,11,joint_route,3000314,1,11,7,115.0,3562.553570950377,0.1921816999965813
negative,275,11,11,True,11,0,0,0,22.0,310.07464818418896,124,620.0,2620.821130026078,70,89,0,True,11,33.0,3,0.19705400000384543,14,11,joint_route,3000314,1,11,7,115.0,3410.8211300260787,0.1971291000081692
default,250,12,12,True,12,0,0,1,24.0,297.306482081257,121,605.0,2788.677784975085,0,0,0,True,22,36.0,3,0.18139820000214968,16,12,joint_route,3000315,5,12,7,114.0,3567.6777849750843,0.18145279999589548
negative,250,12,12,True,12,0,0,1,24.0,295.5782564304946,121,605.0,2767.939077165936,68,86,0,True,22,36.0,3,0.18436559999827296,16,12,joint_route,3000315,5,12,7,114.0,3546.9390771659355,0.18442980000691023
default,229,11,11,True,11,0,0,5,22.0,327.26771617162666,116,580.0,2854.944877887893,0,0,0,True,18,33.0,3,0.167237199988449,12,10,joint_route,3000316,14,11,7,110.0,3599.944877887893,0.16729319999285508
negative,229,11,11,True,11,0,0,5,22.0,321.1124180188211,116,580.0,2787.236598207032,41,84,0,True,18,33.0,3,0.17225639999378473,12,10,joint_route,3000316,14,11,7,110.0,3532.236598207032,0.17232399999920744
default,274,13,13,True,13,0,0,4,26.0,273.2859611362956,122,610.0,2761.717494771843,0,0,0,True,13,39.0,3,0.18119909999950323,15,13,joint_route,3000317,8,13,7,116.0,3552.7174947718427,0.1812632999935886
negative,274,13,13,True,13,0,0,4,26.0,269.84284156494925,122,610.0,2716.9569403443406,68,86,0,True,13,39.0,3,0.1916343000048073,15,13,joint_route,3000317,8,13,7,116.0,3507.95694034434,0.1917031000048155
default,356,16,16,True,16,0,0,5,32.0,243.02387732595528,112,560.0,3144.3820372152845,0,0,0,True,30,48.0,3,0.26566550000279676,17,15,joint_route,3000318,13,16,7,104.0,3888.3820372152845,0.26573159999679774
negative,356,16,16,True,16,0,0,5,32.0,236.98537958347148,112,560.0,3047.7660733355447,85,62,0,True,30,48.0,3,0.27362590000848286,17,16,joint_route,3000318,13,16,7,104.0,3791.7660733355438,0.27370049999444745
default,298,12,12,True,12,0,0,1,24.0,315.2412610888581,115,575.0,3041.8951330662976,0,0,0,True,20,36.0,3,0.19672819999686908,17,12,joint_route,3000319,6,12,7,106.0,3782.895133066297,0.19678539999586064
negative,298,12,12,True,12,0,0,1,24.0,317.75923825937355,115,575.0,3072.1108591124826,57,78,0,True,20,36.0,3,0.20113259999197908,17,12,joint_route,3000319,6,12,7,106.0,3813.1108591124826,0.20120880000467878
default,260,10,10,True,10,0,0,1,20.0,363.94337474012053,131,655.0,2814.4337474012054,0,0,0,True,1,30.0,3,0.15347940000356175,10,10,joint_route,3000320,0,10,7,120.0,3639.4337474012054,0.15354059998935554
negative,248,10,10,True,10,0,0,1,20.0,352.4795467525546,130,650.0,2704.795467525546,89,103,0,True,1,30.0,3,0.15462010000192095,10,10,joint_route,3000320,0,10,7,120.0,3524.795467525546,0.1546894000057364
default,227,11,11,True,11,0,0,0,22.0,291.44294685835325,117,585.0,2453.8724154418865,0,0,0,True,18,33.0,3,0.15152369999850634,16,11,joint_route,3000321,3,11,7,112.0,3205.872415441886,0.15158590000646655
negative,227,11,11,True,11,0,0,0,22.0,291.00650952781086,117,585.0,2449.07160480592,39,88,0,True,18,33.0,3,0.15124750000541098,16,11,joint_route,3000321,3,11,7,112.0,3201.0716048059194,0.15131620000465773
default,218,10,10,True,10,0,0,1,20.0,356.6597881966637,127,635.0,2761.597881966637,0,0,0,True,25,30.0,3,0.15726659999927506,14,10,joint_route,3000322,6,10,7,120.0,3566.5978819666375,0.15732670000579674
negative,194,10,10,True,10,0,0,1,20.0,341.27797702375665,125,625.0,2617.779770237566,43,97,0,True,25,30.0,3,0.14122869999846444,14,10,joint_route,3000322,6,10,7,120.0,3412.7797702375665,0.14129439998941962
default,216,10,10,True,10,0,0,2,20.0,351.3077172332941,124,620.0,2725.0771723329412,0,0,0,True,9,30.0,3,0.1464883999869926,13,10,joint_route,3000323,1,10,7,118.0,3513.0771723329412,0.1465508000110276
negative,216,10,10,True,10,0,0,2,20.0,344.5297994780665,124,620.0,2657.297994780665,51,96,0,True,9,30.0,3,0.14638489999924786,13,10,joint_route,3000323,1,10,7,118.0,3445.297994780665,0.14645329999621026
default,327,15,15,True,15,0,0,0,30.0,252.1564248129136,107,535.0,3071.346372193704,0,0,0,True,14,45.0,3,0.20129630000155885,20,15,joint_route,3000324,2,15,7,101.0,3782.346372193704,0.20139390000258572
negative,339,15,15,True,15,0,0,0,30.0,248.61391289361194,108,540.0,3013.208693404179,55,69,0,True,14,45.0,3,0.20886590000009164,20,15,joint_route,3000324,2,15,7,101.0,3729.208693404179,0.20893930000602268
default,345,15,15,True,15,0,0,1,30.0,243.2705300630642,118,590.0,2876.057950945963,0,0,0,True,17,45.0,3,0.2375352999952156,20,14,joint_route,3000325,3,15,7,108.0,3649.057950945963,0.23760020000918303
negative,357,15,15,True,15,0,0,1,30.0,241.86028740262446,119,595.0,2849.904311039367,100,73,0,True,17,45.0,3,0.24441139999544248,20,13,joint_route,3000325,3,15,7,108.0,3627.904311039367,0.24449399999866728
default,390,15,15,True,15,0,0,0,30.0,238.1254205142183,106,530.0,2872.8813077132736,0,0,0,True,14,45.0,3,0.2491411000082735,18,14,joint_route,3000326,3,15,7,94.0,3571.8813077132745,0.249194299991359
negative,390,15,15,True,15,0,0,0,30.0,238.1254205142183,106,530.0,2872.8813077132736,78,59,0,True,14,45.0,3,0.25015689998690505,18,14,joint_route,3000326,3,15,7,94.0,3571.8813077132745,0.2502517999964766
default,343,15,15,True,15,0,0,1,30.0,235.94974589670443,119,595.0,2758.246188450566,0,0,0,True,24,45.0,3,0.23936849999881815,19,13,joint_route,3000327,1,15,7,111.0,3539.2461884505665,0.2394270999939181
negative,355,15,15,True,15,0,0,1,30.0,234.42620372957953,120,600.0,2730.393055943693,96,74,0,True,24,45.0,3,0.25401760000386275,19,14,joint_route,3000327,1,15,7,111.0,3516.393055943693,0.2540760000119917
default,366,16,16,True,16,0,0,2,32.0,229.07166173374952,111,555.0,2929.1465877399924,0,0,0,True,17,48.0,3,0.2603532999928575,20,16,joint_route,3000328,10,16,7,101.0,3665.1465877399924,0.2604140000039479
negative,378,16,16,True,16,0,0,2,32.0,227.91336708194342,112,560.0,2905.6138733110943,97,64,0,True,17,48.0,3,0.26814800000283867,20,16,joint_route,3000328,10,16,7,101.0,3646.6138733110947,0.26822479999100324
default,378,14,14,True,14,0,0,1,28.0,287.82405498452846,122,610.0,3240.5367697833985,0,0,0,True,8,42.0,3,0.24002569999720436,17,13,joint_route,3000329,0,14,7,109.0,4029.5367697833985,0.2401160000008531
negative,330,14,14,True,14,0,0,1,28.0,259.16790419112846,118,590.0,2859.3506586757994,80,78,0,True,8,42.0,3,0.22493529999337625,17,14,joint_route,3000329,0,14,7,109.0,3628.3506586757985,0.22501299998839386
default,385,16,16,True,16,0,0,0,32.0,200.99423213496715,106,530.0,2508.9077141594744,0,0,0,True,11,48.0,3,0.23255719999724533,21,14,joint_route,3000330,2,16,6,97.0,3215.9077141594744,0.23266470000089612
negative,397,16,16,True,16,0,0,0,32.0,198.46840015318344,107,535.0,2463.494402450936,77,63,0,True,11,48.0,3,0.2519268000032753,21,14,joint_route,3000330,2,16,6,97.0,3175.494402450935,0.25199599999177735
default,215,10,10,True,10,0,0,3,20.0,359.483136335396,125,625.0,2801.83136335396,0,0,0,True,3,30.0,3,0.13058890000684187,8,10,joint_route,3000331,0,10,7,118.0,3594.83136335396,0.13064489999669604
negative,227,10,10,True,10,0,0,3,20.0,345.9120519760218,126,630.0,2661.120519760218,61,99,0,True,3,30.0,3,0.14024459999927785,8,9,joint_route,3000331,0,10,7,118.0,3459.120519760218,0.1403201000066474
default,239,10,10,True,10,0,0,0,20.0,337.5409030556994,124,620.0,2588.4090305569935,0,0,0,True,17,30.0,3,0.166724399998202,15,10,joint_route,3000332,5,10,7,117.0,3375.409030556994,0.16678080000565387
negative,239,10,10,True,10,0,0,0,20.0,329.77772825071213,124,620.0,2510.7772825071215,65,95,0,True,17,30.0,3,0.1688906999916071,15,9,joint_route,3000332,5,10,7,117.0,3297.7772825071215,0.16896189999533817
default,332,14,14,True,14,0,0,3,28.0,251.30370340538386,114,570.0,2773.2518476753735,0,0,0,True,23,42.0,3,0.227216999992379,17,13,joint_route,3000333,5,14,7,105.0,3518.251847675374,0.2272776000027079
negative,332,14,14,True,14,0,0,3,28.0,251.30370340538386,114,570.0,2773.2518476753735,72,71,0,True,23,42.0,3,0.23850320000201464,17,13,joint_route,3000333,5,14,7,105.0,3518.251847675374,0.23857739999948535
default,218,10,10,True,10,0,0,0,20.0,355.13590335780015,121,605.0,2781.359033578002,0,0,0,True,19,30.0,3,0.15802519999851938,15,10,joint_route,3000334,6,10,7,115.0,3551.3590335780013,0.1580851999897277
negative,218,10,10,True,10,0,0,0,20.0,355.13590335780015,121,605.0,2781.359033578002,46,91,0,True,19,30.0,3,0.16631020000204444,15,10,joint_route,3000334,6,10,7,115.0,3551.3590335780013,0.16637910000281408
default,305,13,13,True,13,0,0,0,26.0,256.8140237382105,116,580.0,2585.5823085967363,0,0,0,True,11,39.0,3,0.1954721999936737,16,13,joint_route,3000335,3,13,7,108.0,3338.5823085967363,0.19552890000340994
negative,305,13,13,True,13,0,0,0,26.0,253.90779797438032,116,580.0,2547.801373666944,73,82,0,True,11,39.0,3,0.19448299999930896,16,13,joint_route,3000335,3,13,7,108.0,3300.801373666944,0.1945521000016015
default,340,15,15,True,15,0,0,1,30.0,241.94330273030226,114,570.0,2880.1495409545337,0,0,0,True,9,45.0,3,0.21000469999853522,19,14,joint_route,3000336,2,15,7,104.0,3629.149540954534,0.21006369999668095
negative,340,15,15,True,15,0,0,1,30.0,231.31888738767677,114,570.0,2720.7833108151517,79,74,0,True,9,45.0,3,0.21947710000677034,19,14,joint_route,3000336,2,15,7,104.0,3469.7833108151517,0.21955090000119526
default,410,16,16,True,16,0,0,0,32.0,222.78620886793487,109,545.0,2841.5793418869584,0,0,0,True,12,48.0,3,0.3032849000010174,18,16,joint_route,3000337,0,16,6,98.0,3564.579341886958,0.3033469999936642
negative,410,16,16,True,16,0,0,0,32.0,223.83277310440195,109,545.0,2858.3243696704317,94,61,0,True,12,48.0,3,0.2733060000027763,18,16,joint_route,3000337,0,16,6,98.0,3581.324369670431,0.2733871999953408
default,343,15,15,True,15,0,0,0,30.0,240.24051684337874,112,560.0,2863.607752650681,0,0,0,True,26,45.0,3,0.23837979999370873,20,14,joint_route,3000338,12,15,7,105.0,3603.607752650681,0.23843620000116061
negative,343,15,15,True,15,0,0,0,30.0,238.55375426791275,112,560.0,2838.3063140186914,74,68,0,True,26,45.0,3,0.23762800000258721,20,14,joint_route,3000338,12,15,7,105.0,3578.3063140186914,0.2377000999986194
default,421,16,16,True,16,0,0,2,32.0,226.3798277820246,116,580.0,2858.0772445123926,0,0,0,True,13,48.0,3,0.25327059999108315,19,13,joint_route,3000339,6,16,7,104.0,3622.0772445123935,0.2533306999976048
negative,421,16,16,True,16,0,0,2,32.0,221.91561282798656,116,580.0,2786.649805247785,89,69,0,True,13,48.0,3,0.25612160000309814,19,13,joint_route,3000339,6,16,7,104.0,3550.649805247785,0.2561993999988772
default,274,11,11,True,11,0,0,0,22.0,310.71649226561533,120,600.0,2651.8814149217687,0,0,0,True,4,33.0,3,0.16485820000525564,13,9,joint_route,3000340,0,11,7,111.0,3417.8814149217687,0.16491409999434836
negative,274,11,11,True,11,0,0,0,22.0,305.0002187435385,120,600.0,2589.0024061789236,55,87,0,True,4,33.0,3,0.17348199999833014,13,9,joint_route,3000340,0,11,7,111.0,3355.002406178923,0.1735469999985071
default,310,15,15,True,15,0,0,1,30.0,240.7898518177616,107,535.0,2899.847777266424,0,0,0,True,28,45.0,3,0.22168829999282025,20,14,joint_route,3000341,10,15,7,102.0,3611.8477772664237,0.22175179999612737
negative,310,15,15,True,15,0,0,1,30.0,240.7898518177616,107,535.0,2899.847777266424,59,64,0,True,28,45.0,3,0.2241749999957392,20,14,joint_route,3000341,10,15,7,102.0,3611.8477772664237,0.2242843999993056
default,271,13,13,True,13,0,0,1,26.0,284.0909899408885,122,610.0,2902.1828692315507,0,0,0,True,12,39.0,3,0.1740191999997478,17,10,joint_route,3000342,1,13,7,116.0,3693.1828692315507,0.17408219999924768
negative,283,13,13,True,13,0,0,1,26.0,278.99554401269006,123,615.0,2830.942072164971,71,87,0,True,12,39.0,3,0.1792808000027435,17,10,joint_route,3000342,1,13,7,116.0,3626.942072164971,0.17935279999801423
default,388,15,15,True,15,0,0,2,30.0,244.3876944053256,114,570.0,2918.8154160798845,0,0,0,True,12,45.0,3,0.23891569999977946,19,14,joint_route,3000343,4,15,7,102.0,3665.815416079884,0.23898039999767207
negative,388,15,15,True,15,0,0,2,30.0,244.3876944053256,114,570.0,2918.8154160798845,102,70,0,True,12,45.0,3,0.2500110999972094,19,14,joint_route,3000343,4,15,7,102.0,3665.815416079884,0.2500900000013644
default,239,11,11,True,11,0,0,0,22.0,285.8648921117193,120,600.0,2375.513813228912,0,0,0,True,20,33.0,3,0.16512199999124277,16,11,joint_route,3000344,5,11,7,114.0,3144.5138132289126,0.16518019999784883
negative,227,11,11,True,11,0,0,0,22.0,285.4771995404629,119,595.0,2376.2491949450914,49,88,0,True,20,33.0,3,0.1625575999933062,16,11,joint_route,3000344,5,11,7,114.0,3140.249194945092,0.16262489999644458
default,389,15,15,True,15,0,0,0,30.0,260.58912399123363,121,605.0,3118.8368598685042,0,0,0,True,21,45.0,3,0.26141029999416787,20,15,joint_route,3000345,3,15,7,110.0,3908.8368598685042,0.2614688999892678
negative,365,15,15,True,15,0,0,0,30.0,259.40045568997164,119,595.0,3111.006835349575,102,76,0,True,21,45.0,3,0.2396048999944469,20,14,joint_route,3000345,3,15,7,110.0,3891.006835349575,0.2396768000035081
default,400,16,16,True,16,0,0,1,32.0,230.58211684164718,112,560.0,2947.313869466354,0,0,0,True,27,48.0,3,0.2713352999999188,20,16,joint_route,3000346,8,16,7,102.0,3689.313869466355,0.2714124000049196
negative,376,16,16,True,16,0,0,1,32.0,224.9548390792581,110,550.0,2867.2774252681293,80,64,0,True,27,48.0,3,0.2609684000053676,20,16,joint_route,3000346,8,16,7,102.0,3599.2774252681297,0.2610543000046164
default,253,10,10,True,10,0,0,2,20.0,352.692900648255,122,610.0,2754.9290064825486,0,0,0,True,9,30.0,3,0.1702826999971876,14,10,joint_route,3000347,6,10,7,112.0,3526.92900648255,0.1703501000010874
negative,253,10,10,True,10,0,0,2,20.0,352.692900648255,122,610.0,2754.9290064825486,60,91,0,True,9,30.0,3,0.16955829999642447,14,10,joint_route,3000347,6,10,7,112.0,3526.92900648255,0.1696343999938108
default,262,12,12,True,12,0,0,1,24.0,271.92443013922997,126,630.0,2454.09316167076,0,0,0,True,13,36.0,3,0.18900379999831785,16,12,joint_route,3000348,1,12,7,119.0,3263.09316167076,0.18906259999494068
negative,262,12,12,True,12,0,0,1,24.0,273.72865765688556,126,630.0,2475.743891882627,70,91,0,True,13,36.0,3,0.19167359999846667,16,12,joint_route,3000348,1,12,7,119.0,3284.743891882627,0.1917466000013519
default,321,12,12,True,12,0,0,0,24.0,266.5864725799238,120,600.0,2431.037670959086,0,0,0,True,15,36.0,3,0.203918999992311,16,12,joint_route,3000349,5,12,7,108.0,3199.0376709590855,0.2039785000088159
negative,321,12,12,True,12,0,0,0,24.0,267.56941149082996,120,600.0,2442.83293788996,81,83,0,True,15,36.0,3,0.2166782999993302,16,12,joint_route,3000349,5,12,7,108.0,3210.83293788996,0.21674780000466853
default,264,12,12,True,12,0,0,1,24.0,283.06908665323635,121,605.0,2618.8290398388363,0,0,0,True,14,36.0,3,0.180683600003249,16,11,joint_route,3000350,5,12,7,113.0,3396.8290398388363,0.18074080000224058
negative,252,12,12,True,12,0,0,1,24.0,275.27100387190694,120,600.0,2530.2520464628833,64,86,0,True,14,36.0,3,0.17913999999291264,16,11,joint_route,3000350,5,12,7,113.0,3303.2520464628833,0.17921080000814982
default,318,13,13,True,13,0,0,0,26.0,273.2112603491959,125,625.0,2745.7463845395473,0,0,0,True,11,39.0,3,0.20103959999687504,18,13,joint_route,3000351,2,13,7,116.0,3551.7463845395473,0.20109899999806657
negative,306,13,13,True,13,0,0,0,26.0,265.28479389558936,124,620.0,2647.7023206426616,86,89,0,True,11,39.0,3,0.2033817000046838,18,13,joint_route,3000351,2,13,7,116.0,3448.7023206426616,0.20345280000765342
default,254,11,11,True,11,0,0,0,22.0,273.4753805368091,118,590.0,2253.2291859048996,0,0,0,True,20,33.0,3,0.18384490000607911,16,10,joint_route,3000352,4,11,7,110.0,3008.2291859049,0.18390169998747297
negative,254,11,11,True,11,0,0,0,22.0,273.4753805368091,118,590.0,2253.2291859048996,54,84,0,True,20,33.0,3,0.18416809999325778,16,10,joint_route,3000352,4,11,7,110.0,3008.2291859049,0.18423339999571908
default,332,14,14,True,14,0,0,3,28.0,274.91820122483244,119,595.0,3073.8548171476546,0,0,0,True,21,42.0,3,0.22389039999688976,17,13,joint_route,3000353,5,14,7,110.0,3848.8548171476546,0.22394709999207407
negative,332,14,14,True,14,0,0,3,28.0,274.3307632413892,119,595.0,3065.630685379449,78,78,0,True,21,42.0,3,0.22540279998793267,17,13,joint_route,3000353,5,14,7,110.0,3840.6306853794486,0.2254803000105312
default,265,12,12,True,12,0,0,2,24.0,310.25771020472604,125,625.0,2921.092522456713,0,0,0,True,20,36.0,3,0.1882091000006767,15,12,joint_route,3000354,5,12,7,117.0,3723.0925224567127,0.18827020000026096
negative,289,12,12,True,12,0,0,2,24.0,307.89174698021355,127,635.0,2882.700963762562,94,89,0,True,20,36.0,3,0.20914629999606404,15,12,joint_route,3000354,5,12,7,117.0,3694.700963762563,0.20921719999751076
default,386,15,15,True,15,0,0,2,30.0,255.3869340153719,110,550.0,3108.8040102305777,0,0,0,True,4,45.0,3,0.23041840000951197,15,15,joint_route,3000355,0,15,7,97.0,3830.8040102305786,0.23047809999843594
negative,386,15,15,True,15,0,0,2,30.0,247.67556161542618,110,550.0,2993.133424231392,74,68,0,True,4,45.0,3,0.22683230000257026,15,15,joint_route,3000355,0,15,7,97.0,3715.133424231393,0.2269057000085013
default,320,14,14,True,14,0,0,0,28.0,256.5437324767311,106,530.0,2895.612254674236,0,0,0,True,11,42.0,3,0.22417679999489337,18,14,joint_route,3000356,1,14,7,96.0,3591.6122546742354,0.22423569999227766
negative,320,14,14,True,14,0,0,0,28.0,256.4013906421459,106,530.0,2893.6194689900426,56,64,0,True,11,42.0,3,0.22311419999459758,18,14,joint_route,3000356,1,14,7,96.0,3589.619468990042,0.22318050000467338
default,276,12,12,True,12,0,0,1,24.0,299.9821494616986,120,600.0,2827.7857935403836,0,0,0,True,25,36.0,3,0.19185160000051837,16,12,joint_route,3000357,5,12,7,112.0,3599.7857935403836,0.19191009999485686
negative,264,12,12,True,12,0,0,1,24.0,291.3587062351696,119,595.0,2729.3044748220354,55,84,0,True,25,36.0,3,0.18537479999940842,16,12,joint_route,3000357,5,12,7,112.0,3496.3044748220354,0.18544689999544062
default,375,15,15,True,15,0,0,0,30.0,242.99461659632533,100,500.0,2979.91924894488,0,0,0,True,7,45.0,3,0.23293259998899885,18,15,joint_route,3000358,0,15,7,90.0,3644.91924894488,0.23300340000423603
negative,363,15,15,True,15,0,0,0,30.0,236.17188245897657,99,495.0,2882.5782368846485,39,57,0,True,7,45.0,3,0.23388739999791142,18,15,joint_route,3000358,0,15,7,90.0,3542.5782368846485,0.23396880000655074
default,296,14,14,True,14,0,0,1,28.0,270.1362313199162,106,530.0,3082.907238478827,0,0,0,True,21,42.0,3,0.20057079999241978,18,14,joint_route,3000359,12,14,7,99.0,3781.907238478827,0.20063320000190288
negative,284,14,14,True,14,0,0,1,28.0,252.16567968218035,105,525.0,2836.319515550525,52,67,0,True,21,42.0,3,0.2001250000030268,18,14,joint_route,3000359,12,14,7,99.0,3530.319515550525,0.20019789999059867
default,377,16,16,True,16,0,0,0,32.0,222.92186744563716,110,550.0,2836.7498791301946,0,0,0,True,17,48.0,3,0.24683309999818448,21,16,joint_route,3000360,2,16,6,100.0,3566.7498791301946,0.2468938999954844
negative,377,16,16,True,16,0,0,0,32.0,222.92186744563716,110,550.0,2836.7498791301946,93,63,0,True,17,48.0,3,0.2570947999920463,21,16,joint_route,3000360,2,16,6,100.0,3566.7498791301946,0.25717359999543987
default,386,16,16,True,16,0,0,4,32.0,244.81699099938913,119,595.0,3135.0718559902257,0,0,0,True,15,48.0,3,0.24598159999004565,18,16,joint_route,3000361,4,16,7,107.0,3917.071855990226,0.24604689999250695
negative,386,16,16,True,16,0,0,4,32.0,244.81699099938913,119,595.0,3135.0718559902257,101,74,0,True,15,48.0,3,0.24746480000612792,18,16,joint_route,3000361,4,16,7,107.0,3917.071855990226,0.24753829999826849
default,252,11,11,True,11,0,0,4,22.0,334.2757469691082,132,660.0,2837.03321666019,0,0,0,True,14,33.0,3,0.17042399999627378,13,11,joint_route,3000362,2,11,7,125.0,3677.03321666019,0.17048299999441952
negative,228,11,11,True,11,0,0,4,22.0,310.2222404312006,130,650.0,2582.4446447432074,77,99,0,True,14,33.0,3,0.16712260000349488,13,11,joint_route,3000362,2,11,7,125.0,3412.4446447432065,0.16719469999952707
default,273,12,12,True,12,0,0,2,24.0,302.5817453309976,122,610.0,2847.980943971971,0,0,0,True,7,36.0,3,0.17014709999784827,13,10,joint_route,3000363,1,12,7,113.0,3630.980943971971,0.17021580001164693
negative,261,12,12,True,12,0,0,2,24.0,293.30234422593,121,605.0,2741.6281307111603,67,89,0,True,7,36.0,3,0.16574940001009963,13,10,joint_route,3000363,1,12,7,113.0,3519.6281307111603,0.16581990000850055
default,284,12,12,True,12,0,0,2,24.0,299.3638808549229,117,585.0,2838.3665702590747,0,0,0,True,10,36.0,3,0.19712380001146812,16,12,joint_route,3000364,7,12,7,109.0,3592.3665702590747,0.19718050000665244
negative,296,12,12,True,12,0,0,2,24.0,299.35587660994344,118,590.0,2833.270519319321,68,81,0,True,10,36.0,3,0.2085944999998901,16,11,joint_route,3000364,7,12,7,109.0,3592.270519319321,0.2086697000049753
default,353,14,14,True,14,0,0,0,28.0,262.9773878218543,115,575.0,2931.6834295059602,0,0,0,True,6,42.0,3,0.22430299999541603,17,13,joint_route,3000365,0,14,7,105.0,3681.6834295059602,0.2243640999950003
negative,353,14,14,True,14,0,0,0,28.0,262.0534417326279,115,575.0,2918.748184256791,78,74,0,True,6,42.0,3,0.22783099999651313,17,13,joint_route,3000365,0,14,7,105.0,3668.748184256791,0.22790420000092126
default,321,13,13,True,13,0,0,0,26.0,270.73350742803314,120,600.0,2743.5355965644303,0,0,0,True,20,39.0,3,0.2130349000071874,18,13,joint_route,3000366,4,13,7,111.0,3519.5355965644308,0.2130965000105789
negative,321,13,13,True,13,0,0,0,26.0,270.5727256915069,120,600.0,2741.4454339895888,92,80,0,True,20,39.0,3,0.22232879999501165,18,13,joint_route,3000366,4,13,7,111.0,3517.445433989589,0.222411299997475
default,306,12,12,True,12,0,0,3,24.0,309.6116787866919,119,595.0,2951.3401454403033,0,0,0,True,10,36.0,3,0.18702660000417382,15,12,joint_route,3000367,6,12,7,109.0,3715.3401454403033,0.18708459999470506
negative,318,12,12,True,12,0,0,3,24.0,297.1060186111092,120,600.0,2796.27222333331,64,85,0,True,10,36.0,3,0.2019021000014618,15,11,joint_route,3000367,6,12,7,109.0,3565.2722233333106,0.20197499998903368
default,363,16,16,True,16,0,0,1,32.0,233.42246801131287,108,540.0,3014.7594881810064,0,0,0,True,16,48.0,3,0.22722659999271855,19,16,joint_route,3000368,3,16,7,100.0,3734.759488181006,0.22728579999238718
negative,375,16,16,True,16,0,0,1,32.0,233.9238210275947,109,545.0,3017.7811364415156,74,65,0,True,16,48.0,3,0.2453215999994427,19,16,joint_route,3000368,3,16,7,100.0,3742.781136441515,0.2453932999924291
default,363,16,16,True,16,0,0,2,32.0,263.0651003723232,118,590.0,3430.0416059571708,0,0,0,True,14,48.0,3,0.2332985999964876,19,15,joint_route,3000369,1,16,7,109.0,4209.041605957171,0.23335579999547917
negative,375,16,16,True,16,0,0,2,32.0,254.66678078246764,119,595.0,3290.6684925194822,103,74,0,True,14,48.0,3,0.25457920000189915,19,15,joint_route,3000369,1,16,7,109.0,4074.6684925194822,0.25465109999640845
default,309,14,14,True,14,0,0,2,28.0,265.963709452837,121,605.0,2935.4919323397176,0,0,0,True,16,42.0,3,0.21151500000269152,16,14,joint_route,3000370,2,14,7,113.0,3723.491932339718,0.21157150001090486
negative,309,14,14,True,14,0,0,2,28.0,251.7348312970858,121,605.0,2736.2876381592014,85,81,0,True,16,42.0,3,0.21044350000738632,16,13,joint_route,3000370,2,14,7,113.0,3524.2876381592014,0.21057660000224132
default,376,14,14,True,14,0,0,4,28.0,273.9784240724388,130,650.0,2999.6979370141435,0,0,0,True,19,42.0,3,0.23189340000681113,16,13,joint_route,3000371,4,14,7,116.0,3835.6979370141435,0.23195690001011826
negative,364,14,14,True,14,0,0,4,28.0,272.71730572992516,129,645.0,2987.042280218952,122,88,0,True,19,42.0,3,0.22902040000190027,16,13,joint_route,3000371,4,14,7,116.0,3818.042280218952,0.22910139999294188
default,354,14,14,True,14,0,0,1,28.0,257.99751457021114,114,570.0,2868.9652039829552,0,0,0,True,13,42.0,3,0.22741259999747854,19,14,joint_route,3000372,5,14,7,103.0,3611.965203982956,0.22746779999579303
negative,354,14,14,True,14,0,0,1,28.0,257.99751457021114,114,570.0,2868.9652039829552,80,73,0,True,13,42.0,3,0.2300016999943182,19,14,joint_route,3000372,5,14,7,103.0,3611.965203982956,0.23007150000194088
default,274,12,12,True,12,0,0,0,24.0,284.7419881859862,116,580.0,2668.903858231834,0,0,0,True,11,36.0,3,0.17891069999313913,16,12,joint_route,3000373,4,12,7,108.0,3416.9038582318344,0.17896879999898374
negative,286,12,12,True,12,0,0,0,24.0,283.4651762925488,117,585.0,2648.5821155105855,64,81,0,True,11,36.0,3,0.18815580000227783,16,12,joint_route,3000373,4,12,7,108.0,3401.5821155105855,0.18822130000626203
default,353,15,15,True,15,0,0,0,30.0,245.54037284502542,107,535.0,2974.105592675381,0,0,0,True,16,45.0,3,0.20590919999813195,20,13,joint_route,3000374,7,15,7,99.0,3683.105592675381,0.20595940000202972
negative,353,15,15,True,15,0,0,0,30.0,240.97607489323906,107,535.0,2905.641123398586,75,65,0,True,16,45.0,3,0.20650929999828804,20,13,joint_route,3000374,7,15,7,99.0,3614.641123398586,0.20657169999321923
default,197,10,10,True,10,0,0,2,20.0,336.96096444561624,121,605.0,2598.609644456162,0,0,0,True,18,30.0,3,0.14329690000158735,14,10,joint_route,3000375,3,10,7,116.0,3369.6096444561626,0.1433477000100538
negative,197,10,10,True,10,0,0,2,20.0,336.96096444561624,121,605.0,2598.609644456162,45,90,0,True,18,30.0,3,0.17701359999773558,14,10,joint_route,3000375,3,10,7,116.0,3369.6096444561626,0.17708790001051966
default,344,14,14,True,14,0,0,1,28.0,277.75889004742174,110,550.0,3169.624460663905,0,0,0,True,11,42.0,3,0.23087820000364445,16,12,joint_route,3000376,1,14,7,99.0,3888.6244606639043,0.23093920000246726
negative,332,14,14,True,14,0,0,1,28.0,274.04843559666983,109,545.0,3122.6780983533777,70,68,0,True,11,42.0,3,0.2232574000081513,16,13,joint_route,3000376,1,14,7,99.0,3836.6780983533777,0.22333290000096895
default,283,12,12,True,12,0,0,0,24.0,302.81367489886816,118,590.0,2873.764098786419,0,0,0,True,10,36.0,3,0.17549389999476261,17,12,joint_route,3000377,3,12,7,110.0,3633.764098786418,0.17555200000060722
negative,271,12,12,True,12,0,0,0,24.0,292.06900159748847,117,585.0,2749.8280191698614,58,86,0,True,10,36.0,3,0.17622290000144858,17,12,joint_route,3000377,3,12,7,110.0,3504.8280191698614,0.17629879999731202
default,298,13,13,True,13,0,0,2,26.0,274.21657370127417,118,590.0,2801.8154581165645,0,0,0,True,17,39.0,3,0.21010969999770168,17,12,joint_route,3000378,5,13,7,108.0,3564.8154581165645,0.21016790000430774
negative,286,13,13,True,13,0,0,2,26.0,273.57825791131734,117,585.0,2798.5173528471246,68,78,0,True,17,39.0,3,0.20802639999601524,17,12,joint_route,3000378,5,13,7,108.0,3556.517352847125,0.20810180000262335
default,379,16,16,True,16,0,0,0,32.0,206.7959173733108,109,545.0,2582.734677972973,0,0,0,True,26,48.0,3,0.2620045000076061,21,15,joint_route,3000379,4,16,6,101.0,3308.734677972973,0.2620628000004217
negative,379,16,16,True,16,0,0,0,32.0,206.78987279546672,109,545.0,2582.6379647274675,82,59,0,True,26,48.0,3,0.2645389000099385,21,15,joint_route,3000379,4,16,6,101.0,3308.6379647274675,0.26460989999759477
default,307,14,14,True,14,0,0,0,28.0,244.9382118739379,104,520.0,2742.1349662351295,0,0,0,True,19,42.0,3,0.19735170000058133,19,14,joint_route,3000380,6,14,7,97.0,3429.1349662351304,0.19741390000854153
negative,331,14,14,True,14,0,0,0,28.0,240.31175661553442,106,530.0,2667.3645926174813,64,66,0,True,19,42.0,3,0.225597700002254,19,14,joint_route,3000380,6,14,7,97.0,3364.364592617482,0.2256714999966789
default,388,16,16,True,16,0,0,2,32.0,240.78194571981425,108,540.0,3135.511131517027,0,0,0,True,18,48.0,3,0.27180309999675956,20,16,joint_route,3000381,5,16,7,97.0,3852.511131517028,0.27186530000471976
negative,388,16,16,True,16,0,0,2,32.0,238.37617196499374,108,540.0,3097.018751439899,79,59,0,True,18,48.0,3,0.27220319998741616,20,16,joint_route,3000381,5,16,7,97.0,3814.0187514399,0.27227709999715444
default,284,13,13,True,13,0,0,1,26.0,263.45511916428535,118,590.0,2659.9165491357094,0,0,0,True,8,39.0,3,0.18281300000671763,17,13,joint_route,3000382,0,13,7,110.0,3424.9165491357094,0.18287340000097174
negative,284,13,13,True,13,0,0,1,26.0,257.9156006774939,118,590.0,2587.902808807421,70,82,0,True,8,39.0,3,0.19052289999672212,17,13,joint_route,3000382,0,13,7,110.0,3352.902808807421,0.19059759999800008
default,251,11,11,True,11,0,0,1,22.0,305.6337598258097,122,610.0,2583.9713580839066,0,0,0,True,6,33.0,3,0.1547759999957634,14,10,joint_route,3000383,2,11,7,113.0,3361.9713580839066,0.15483219998714048
negative,239,11,11,True,11,0,0,1,22.0,291.63848406796393,121,605.0,2435.0233247476035,55,91,0,True,6,33.0,3,0.15487739999662153,14,10,joint_route,3000383,2,11,7,113.0,3208.0233247476035,0.15494420001050457
default,238,12,12,True,12,0,0,3,24.0,298.9206984970079,117,585.0,2831.0483819640954,0,0,0,True,7,36.0,3,0.15920510000432841,15,12,joint_route,3000384,7,12,7,111.0,3587.048381964095,0.15926190000027418
negative,238,12,12,True,12,0,0,3,24.0,299.34984219168945,117,585.0,2836.1981063002736,47,86,0,True,7,36.0,3,0.16230219999852125,15,12,joint_route,3000384,7,12,7,111.0,3592.1981063002736,0.16237409999303054
default,321,14,14,True,14,0,0,1,28.0,257.1614818275039,122,610.0,2807.2607455850543,0,0,0,True,20,42.0,3,0.22258359999977984,18,13,joint_route,3000385,6,14,7,113.0,3600.2607455850543,0.22264259999792557
negative,333,14,14,True,14,0,0,1,28.0,254.54605038151524,123,615.0,2765.6447053412135,98,80,0,True,20,42.0,3,0.24048740000580437,18,13,joint_route,3000385,6,14,7,113.0,3563.6447053412135,0.2405646999977762
default,333,13,13,True,13,0,0,1,26.0,284.10237610995546,123,615.0,2901.3308894294205,0,0,0,True,16,39.0,3,0.22139140000217594,17,12,joint_route,3000386,2,13,7,112.0,3693.330889429421,0.22144769999431446
negative,321,13,13,True,13,0,0,1,26.0,274.9563016006612,122,610.0,2787.4319208085954,87,82,0,True,16,39.0,3,0.21535909999511205,17,12,joint_route,3000386,2,13,7,112.0,3574.431920808596,0.21543969999765977
default,254,11,11,True,11,0,0,1,22.0,317.4640941678567,124,620.0,2702.1050358464236,0,0,0,True,16,33.0,3,0.18080570000165608,15,11,joint_route,3000387,2,11,7,115.0,3492.1050358464236,0.18086249999760184
negative,254,11,11,True,11,0,0,1,22.0,316.6768772562238,124,620.0,2693.445649818462,76,90,0,True,16,33.0,3,0.17726389999734238,15,11,joint_route,3000387,2,11,7,115.0,3483.445649818462,0.17732499999692664
default,374,16,16,True,16,0,0,2,32.0,239.58215872217707,115,575.0,3071.3145395548327,0,0,0,True,27,48.0,3,0.22445429999788757,20,14,joint_route,3000388,5,16,7,107.0,3833.314539554833,0.2245112000091467
negative,374,16,16,True,16,0,0,2,32.0,235.72416658930229,115,575.0,3009.5866654288366,95,70,0,True,27,48.0,3,0.23043569999572355,20,14,joint_route,3000388,5,16,7,107.0,3771.5866654288366,0.23051239999767859
default,333,14,14,True,14,0,0,0,28.0,261.7843938262769,111,555.0,2938.9815135678778,0,0,0,True,19,42.0,3,0.2272069000027841,18,14,joint_route,3000389,7,14,7,101.0,3664.981513567877,0.22726240000338294
negative,333,14,14,True,14,0,0,0,28.0,261.33854478526035,111,555.0,2932.7396269936457,67,67,0,True,19,42.0,3,0.23571350000565872,18,14,joint_route,3000389,7,14,7,101.0,3658.739626993645,0.23578360000101384
default,206,10,10,True,10,0,0,0,20.0,363.55728115436455,118,590.0,2884.5728115436464,0,0,0,True,18,30.0,3,0.1415992000111146,15,10,joint_route,3000390,5,10,7,111.0,3635.5728115436455,0.14165180000418331
negative,206,10,10,True,10,0,0,0,20.0,360.4660638307505,118,590.0,2853.660638307505,39,89,0,True,18,30.0,3,0.14292739999655169,15,10,joint_route,3000390,5,10,7,111.0,3604.660638307505,0.14299049999681301
default,387,16,16,True,16,0,0,1,32.0,240.81643195680775,116,580.0,3088.062911308924,0,0,0,True,13,48.0,3,0.23667260000365786,20,16,joint_route,3000391,3,16,7,105.0,3853.062911308924,0.23673420000704937
negative,375,16,16,True,16,0,0,1,32.0,231.21043604436161,115,575.0,2939.3669767097863,90,71,0,True,13,48.0,3,0.23312209999130573,20,16,joint_route,3000391,3,16,7,105.0,3699.366976709786,0.23319749999791384
default,343,13,13,True,13,0,0,4,26.0,294.0108861480637,120,600.0,3049.141519924828,0,0,0,True,23,39.0,3,0.21312360001320485,15,11,joint_route,3000392,9,13,7,108.0,3822.141519924828,0.21318330000212882
negative,343,13,13,True,13,0,0,4,26.0,293.3933483905684,120,600.0,3041.113529077389,84,78,0,True,23,39.0,3,0.22334100000443868,15,13,joint_route,3000392,9,13,7,108.0,3814.1135290773896,0.22341649999725632
default,307,13,13,True,13,0,0,2,26.0,265.7813266184344,117,585.0,2698.157246039647,0,0,0,True,10,39.0,3,0.19234100000176113,17,13,joint_route,3000393,3,13,7,107.0,3455.157246039647,0.19239959999686107
negative,307,13,13,True,13,0,0,2,26.0,263.96749093627824,117,585.0,2674.577382171617,71,79,0,True,10,39.0,3,0.1990209999930812,17,13,joint_route,3000393,3,13,7,107.0,3431.577382171617,0.1990935000067111
default,283,12,12,True,12,0,0,1,24.0,330.50287478378726,124,620.0,3172.034497405447,0,0,0,True,8,36.0,3,0.1754813000006834,16,12,joint_route,3000394,5,12,7,114.0,3966.034497405447,0.17553969999426045
negative,283,12,12,True,12,0,0,1,24.0,327.44106183269474,124,620.0,3135.2927419923362,77,90,0,True,8,36.0,3,0.17966020001040306,16,12,joint_route,3000394,5,12,7,114.0,3929.292741992337,0.17972529999678954
default,205,10,10,True,10,0,0,2,20.0,321.1325543065379,123,615.0,2431.3255430653785,0,0,0,True,6,30.0,3,0.1347578999993857,14,10,joint_route,3000395,3,10,7,115.0,3211.325543065379,0.13480880000861362
negative,205,10,10,True,10,0,0,2,20.0,319.217823851958,123,615.0,2412.1782385195797,52,96,0,True,6,30.0,3,0.13607570000749547,14,10,joint_route,3000395,3,10,7,115.0,3192.1782385195797,0.1361489000119036
default,340,13,13,True,13,0,0,0,26.0,295.1238704351624,121,605.0,3056.610315657112,0,0,0,True,3,39.0,3,0.18736809999973048,14,13,joint_route,3000396,0,13,7,110.0,3836.6103156571116,0.18742100000963546
negative,304,13,13,True,13,0,0,0,26.0,276.52938265233036,118,590.0,2829.881974480295,70,85,0,True,3,39.0,3,0.1720636999962153,14,13,joint_route,3000396,0,13,7,110.0,3594.881974480295,0.17213390000688378
default,343,15,15,True,15,0,0,2,30.0,231.46744738196838,103,515.0,2789.0117107295255,0,0,0,True,12,45.0,3,0.21792190000996925,17,14,joint_route,3000397,2,15,7,93.0,3472.011710729526,0.21797749999677762
negative,343,15,15,True,15,0,0,2,30.0,231.46744738196838,103,515.0,2789.0117107295255,57,60,0,True,12,45.0,3,0.2211128000053577,17,14,joint_route,3000397,2,15,7,93.0,3472.011710729526,0.2211812000023201
default,378,16,16,True,16,0,0,0,32.0,220.92299306906853,106,530.0,2827.7678891050964,0,0,0,True,30,48.0,3,0.23954900000535417,21,14,joint_route,3000398,6,16,6,97.0,3534.7678891050964,0.23960390000138432
negative,378,16,16,True,16,0,0,0,32.0,218.4476358255661,106,530.0,2788.162173209057,84,58,0,True,30,48.0,3,0.24651749999611638,21,14,joint_route,3000398,6,16,6,97.0,3495.1621732090575,0.24658709998766426
default,297,13,13,True,13,0,0,4,26.0,295.6110568483522,110,550.0,3125.9437390285784,0,0,0,True,17,39.0,3,0.19059970001399051,15,13,joint_route,3000399,16,13,7,102.0,3842.9437390285784,0.19066839999868535
negative,273,13,13,True,13,0,0,4,26.0,279.2676663838628,108,540.0,2923.4796629902157,38,73,0,True,17,39.0,3,0.17676529999880586,15,13,joint_route,3000399,16,13,7,102.0,3630.4796629902157,0.17683240000042133
default,240,11,11,True,11,0,0,1,22.0,332.9530923334927,127,635.0,2852.4840156684195,0,0,0,True,15,33.0,3,0.1565336999919964,16,11,joint_route,3000400,2,11,7,120.0,3662.4840156684195,0.15658569999504834
negative,240,11,11,True,11,0,0,1,22.0,321.3101770653295,127,635.0,2724.411947718624,75,95,0,True,15,33.0,3,0.16563060000771657,16,11,joint_route,3000400,2,11,7,120.0,3534.411947718625,0.16569999999774154
default,320,15,15,True,15,0,0,5,30.0,243.4942110047074,117,585.0,2881.4131650706117,0,0,0,True,29,45.0,3,0.23033969999232795,16,14,joint_route,3000401,11,15,7,111.0,3652.4131650706113,0.23040089999267366
negative,320,15,15,True,15,0,0,5,30.0,235.69363967957048,117,585.0,2764.4045951935577,77,72,0,True,29,45.0,3,0.2330733999988297,16,14,joint_route,3000401,11,15,7,111.0,3535.4045951935573,0.23314319999190047
default,320,14,14,True,14,0,0,0,28.0,261.160967906124,111,555.0,2928.2535506857357,0,0,0,True,15,42.0,3,0.20087459999194834,19,13,joint_route,3000402,2,14,7,103.0,3656.2535506857357,0.20136490000004414
negative,332,14,14,True,14,0,0,0,28.0,258.3297868029764,112,560.0,2883.61701524167,73,71,0,True,15,42.0,3,0.2143928000004962,19,13,joint_route,3000402,2,14,7,103.0,3616.6170152416694,0.21446390000346582
default,217,10,10,True,10,0,0,0,20.0,347.67984610857553,122,610.0,2700.798461085755,0,0,0,True,8,30.0,3,0.14348129999416415,14,10,joint_route,3000403,1,10,7,116.0,3476.798461085755,0.14353079999273177
negative,217,10,10,True,10,0,0,0,20.0,347.67984610857553,122,610.0,2700.798461085755,48,93,0,True,8,30.0,3,0.14719209999020677,14,10,joint_route,3000403,1,10,7,116.0,3476.798461085755,0.14725160000671167
default,299,14,14,True,14,0,0,2,28.0,260.40232246076397,112,560.0,2910.6325144506955,0,0,0,True,29,42.0,3,0.21447679999982938,18,14,joint_route,3000404,7,14,7,105.0,3645.6325144506955,0.21453270000347402
negative,299,14,14,True,14,0,0,2,28.0,260.06377707501343,112,560.0,2905.892879050188,68,69,0,True,29,42.0,3,0.22009100001014303,18,14,joint_route,3000404,7,14,7,105.0,3640.892879050188,0.22016240000084508
default,261,11,11,True,11,0,0,1,22.0,313.3131642227738,122,610.0,2668.4448064505123,0,0,0,True,1,33.0,3,0.1403998000023421,11,9,joint_route,3000405,0,11,7,113.0,3446.4448064505123,0.1404529999999795
negative,261,11,11,True,11,0,0,1,22.0,303.8094944098337,122,610.0,2563.9044385081706,55,92,0,True,1,33.0,3,0.1515301999897929,11,9,joint_route,3000405,0,11,7,113.0,3341.9044385081706,0.1515951000037603
default,309,11,11,True,11,0,0,0,22.0,329.1771521242207,131,655.0,2791.9486733664266,0,0,0,True,25,33.0,3,0.19393120000313502,16,11,joint_route,3000406,6,11,7,119.0,3620.9486733664276,0.19398399999772664
negative,288,11,11,True,11,0,0,0,22.0,325.4351686482156,130,650.0,2755.7868551303714,93,95,0,True,25,33.0,3,0.18904950001160614,16,11,joint_route,3000406,6,11,7,119.0,3579.786855130372,0.18911179999122396
default,399,16,16,True,16,0,0,0,32.0,214.00035927543553,106,530.0,2718.0057484069675,0,0,0,True,24,48.0,3,0.23707879999710713,21,14,joint_route,3000407,9,16,6,96.0,3424.0057484069685,0.23713240001234226
negative,399,16,16,True,16,0,0,0,32.0,213.55875048752625,106,530.0,2710.940007800419,78,60,0,True,24,48.0,3,0.24240930000087246,21,14,joint_route,3000407,9,16,6,96.0,3416.94000780042,0.24248000000079628
default,241,11,11,True,11,0,0,0,22.0,303.5731450522755,124,620.0,2546.3045955750313,0,0,0,True,20,33.0,3,0.1627705999999307,16,11,joint_route,3000408,3,11,7,118.0,3339.3045955750304,0.16282199999841396
negative,241,11,11,True,11,0,0,0,22.0,303.7563900871409,124,620.0,2548.3202909585502,68,92,0,True,20,33.0,3,0.15807080001104623,16,11,joint_route,3000408,3,11,7,118.0,3341.32029095855,0.15813189999607857
default,354,15,15,True,15,0,0,0,30.0,260.6320443666569,111,555.0,3176.480665499853,0,0,0,True,21,45.0,3,0.21772580000106245,20,14,joint_route,3000409,4,15,7,103.0,3909.480665499853,0.21777869999641553
negative,342,15,15,True,15,0,0,0,30.0,258.7520443568055,110,550.0,3153.280665352083,65,68,0,True,21,45.0,3,0.21794969998882152,20,14,joint_route,3000409,4,15,7,103.0,3881.280665352083,0.21801899999263696
default,334,14,14,True,14,0,0,3,28.0,264.0612126726609,115,575.0,2945.8569774172524,0,0,0,True,28,42.0,3,0.23824690000037663,17,13,joint_route,3000410,5,14,7,106.0,3696.8569774172524,0.2383033000078285
negative,334,14,14,True,14,0,0,3,28.0,264.71034496090004,115,575.0,2954.9448294526005,76,67,0,True,28,42.0,3,0.24665099999401718,17,13,joint_route,3000410,5,14,7,106.0,3705.9448294526005,0.24672239999927115
default,296,12,12,True,12,0,0,1,24.0,319.779966460015,128,640.0,3019.3595975201797,0,0,0,True,11,36.0,3,0.17986150000069756,16,12,joint_route,3000411,2,12,7,118.0,3837.3595975201797,0.1799236000078963
negative,332,12,12,True,12,0,0,1,24.0,317.50904293735175,131,655.0,2977.108515248221,109,94,0,True,11,36.0,3,0.20170669999788515,16,12,joint_route,3000411,2,12,7,118.0,3810.108515248221,0.20176850000279956
default,331,14,14,True,14,0,0,0,28.0,258.3263642020252,118,590.0,2846.569098828353,0,0,0,True,13,42.0,3,0.2099898000014946,19,13,joint_route,3000412,2,14,7,110.0,3616.5690988283527,0.21004289999837056
negative,331,14,14,True,14,0,0,0,28.0,258.3263642020252,118,590.0,2846.569098828353,81,77,0,True,13,42.0,3,0.21224069999880157,19,13,joint_route,3000412,2,14,7,110.0,3616.5690988283527,0.2123079000011785
default,261,12,12,True,12,0,0,1,24.0,290.5415285501304,107,535.0,2793.4983426015638,0,0,0,True,10,36.0,3,0.16384439999819733,16,12,joint_route,3000413,2,12,7,98.0,3486.4983426015647,0.16389719999278896
negative,273,12,12,True,12,0,0,1,24.0,285.96581941964047,108,540.0,2733.5898330356854,39,75,0,True,10,36.0,3,0.17521590000251308,16,12,joint_route,3000413,2,12,7,98.0,3431.5898330356854,0.17528379999566823
default,378,15,15,True,15,0,0,0,30.0,242.77152687942433,110,550.0,2917.572903191364,0,0,0,True,20,45.0,3,0.2325620999909006,20,15,joint_route,3000414,17,15,7,99.0,3641.5729031913647,0.23261550000461284
negative,366,15,15,True,15,0,0,0,30.0,235.034708098109,109,545.0,2806.520621471635,76,65,0,True,20,45.0,3,0.23040909999690484,20,15,joint_route,3000414,17,15,7,99.0,3525.520621471635,0.230480099999113
default,296,13,13,True,13,0,0,1,26.0,262.1197645395638,107,535.0,2709.556939014329,0,0,0,True,11,39.0,3,0.18273230000340845,17,13,joint_route,3000415,2,13,7,98.0,3407.5569390143296,0.18278830000781454
negative,296,13,13,True,13,0,0,1,26.0,262.1197645395638,107,535.0,2709.556939014329,47,71,0,True,11,39.0,3,0.1874909000034677,17,13,joint_route,3000415,2,13,7,98.0,3407.5569390143296,0.18755319999763742
default,251,11,11,True,11,0,0,0,22.0,306.60307275064594,122,610.0,2592.633800257106,0,0,0,True,14,33.0,3,0.155801100001554,16,11,joint_route,3000416,1,11,7,115.0,3372.6338002571056,0.15585160000773612
negative,239,11,11,True,11,0,0,0,22.0,303.8257085353818,121,605.0,2567.0827938892003,60,91,0,True,14,33.0,3,0.15210410000872798,16,11,joint_route,3000416,1,11,7,115.0,3342.0827938892,0.15216209999925923
default,250,10,10,True,10,0,0,0,20.0,374.68965776474636,124,620.0,2962.896577647464,0,0,0,True,14,30.0,3,0.15496890000940766,15,10,joint_route,3000417,3,10,7,114.0,3746.896577647464,0.1550165999942692
negative,250,10,10,True,10,0,0,0,20.0,372.79976409768744,124,620.0,2943.997640976874,72,94,0,True,14,30.0,3,0.15432449999207165,15,9,joint_route,3000417,3,10,7,114.0,3727.997640976874,0.15438420001009945
default,331,14,14,True,14,0,0,8,28.0,287.8353101924951,128,640.0,3201.694342694932,0,0,0,True,39,42.0,3,0.23573349999787752,12,14,joint_route,3000418,10,14,7,118.0,4029.694342694932,0.23595709999790415
negative,319,14,14,True,14,0,0,8,28.0,283.6974220221113,127,635.0,3148.7639083095587,94,80,0,True,39,42.0,3,0.23784089999389835,12,14,joint_route,3000418,10,14,7,118.0,3971.7639083095587,0.23791369999526069
default,249,10,10,True,10,0,0,0,20.0,332.0365652044523,120,600.0,2559.365652044522,0,0,0,True,6,30.0,3,0.13585919998877216,15,9,joint_route,3000419,3,10,7,111.0,3320.365652044523,0.1359082999988459
negative,249,10,10,True,10,0,0,0,20.0,331.9821865642788,120,600.0,2558.821865642787,52,93,0,True,6,30.0,3,0.13985230000980664,15,9,joint_route,3000419,3,10,7,111.0,3319.8218656427875,0.13991310000710655
default,228,11,11,True,11,0,0,2,22.0,312.70111954228247,124,620.0,2647.712314965107,0,0,0,True,13,33.0,3,0.1482759999926202,13,11,joint_route,3000420,3,11,7,117.0,3439.712314965107,0.14833149999321904
negative,228,11,11,True,11,0,0,2,22.0,307.99319048340107,124,620.0,2595.925095317412,59,94,0,True,13,33.0,3,0.14961040001071524,13,11,joint_route,3000420,3,11,7,117.0,3387.925095317412,0.14967539999634027
default,411,16,16,True,16,0,0,0,32.0,217.15965936139276,104,520.0,2781.554549782284,0,0,0,True,20,48.0,3,0.2627183000004152,21,15,joint_route,3000421,11,16,6,93.0,3474.554549782284,0.2627734999987297
negative,387,16,16,True,16,0,0,0,32.0,210.5598047276923,102,510.0,2685.9568756430767,63,54,0,True,20,48.0,3,0.26599480000732,21,15,joint_route,3000421,11,16,6,93.0,3368.9568756430767,0.26606409999658354
default,217,10,10,True,10,0,0,0,20.0,340.1181487417078,119,595.0,2643.1814874170773,0,0,0,True,10,30.0,3,0.14400499999464955,14,10,joint_route,3000422,1,10,7,113.0,3401.1814874170777,0.144052699994063
negative,205,10,10,True,10,0,0,0,20.0,324.72055973413404,118,590.0,2494.2055973413403,45,91,0,True,10,30.0,3,0.13845349999610335,14,10,joint_route,3000422,1,10,7,113.0,3247.2055973413403,0.1385230000014417
default,375,15,15,True,15,0,0,0,30.0,241.8932351506855,112,560.0,2891.398527260283,0,0,0,True,12,45.0,3,0.23010169999906793,19,15,joint_route,3000423,1,15,7,102.0,3628.3985272602827,0.2301580999919679
negative,375,15,15,True,15,0,0,0,30.0,241.8932351506855,112,560.0,2891.398527260283,83,69,0,True,12,45.0,3,0.23327759999665432,19,15,joint_route,3000423,1,15,7,102.0,3628.3985272602827,0.23334299999987707
default,242,11,11,True,11,0,0,1,22.0,296.94702496067714,122,610.0,2486.417274567448,0,0,0,True,21,33.0,3,0.16382770000200253,15,11,joint_route,3000424,5,11,7,115.0,3266.4172745674487,0.16388159999041818
negative,230,11,11,True,11,0,0,1,22.0,287.2980551249366,121,605.0,2385.2786063743024,56,88,0,True,21,33.0,3,0.1625973000045633,15,11,joint_route,3000424,5,11,7,115.0,3160.2786063743024,0.16266299999551848
default,364,15,15,True,15,0,0,1,30.0,245.19055585020504,115,575.0,2922.8583377530754,0,0,0,True,9,45.0,3,0.21551819999876898,19,15,joint_route,3000425,2,15,7,105.0,3677.858337753076,0.21557440000469796
negative,352,15,15,True,15,0,0,1,30.0,233.23124548869177,114,570.0,2748.468682330377,79,73,0,True,9,45.0,3,0.21187929999723565,19,15,joint_route,3000425,2,15,7,105.0,3498.4686823303764,0.21194870000181254
default,342,16,16,True,16,0,0,2,32.0,252.51705682257975,108,540.0,3320.272909161277,0,0,0,True,22,48.0,3,0.22268669999903068,18,16,joint_route,3000426,10,16,7,100.0,4040.272909161276,0.22274569999717642
negative,354,16,16,True,16,0,0,2,32.0,252.4112189447523,109,545.0,3313.579503116038,77,63,0,True,22,48.0,3,0.23471799999242648,18,15,joint_route,3000426,10,16,7,100.0,4038.579503116037,0.23479709999810439
default,274,13,13,True,13,0,0,1,26.0,269.0445761328455,119,595.0,2724.579489726992,0,0,0,True,19,39.0,3,0.185122599999886,17,13,joint_route,3000427,3,13,7,113.0,3497.579489726992,0.1851814999972703
negative,274,13,13,True,13,0,0,1,26.0,265.13958655976677,119,595.0,2673.814625276967,70,81,0,True,19,39.0,3,0.19409019999147858,17,13,joint_route,3000427,3,13,7,113.0,3446.814625276968,0.19415830000070855
default,238,12,12,True,12,0,0,1,24.0,257.1863644325161,120,600.0,2311.2363731901937,0,0,0,True,10,36.0,3,0.14700089998950716,15,11,joint_route,3000428,1,12,7,115.0,3086.2363731901933,0.14705610000237357
negative,238,12,12,True,12,0,0,1,24.0,254.53096530505613,120,600.0,2279.371583660674,62,89,0,True,10,36.0,3,0.1453423000057228,15,11,joint_route,3000428,1,12,7,115.0,3054.3715836606734,0.1454063999990467
default,332,14,14,True,14,0,0,0,28.0,257.6207988966527,117,585.0,2844.691184553138,0,0,0,True,19,42.0,3,0.20600150000245776,19,12,joint_route,3000429,3,14,7,107.0,3606.691184553137,0.2060531000024639
negative,332,14,14,True,14,0,0,0,28.0,257.6207988966527,117,585.0,2844.691184553138,83,74,0,True,19,42.0,3,0.20882939999864902,19,12,joint_route,3000429,3,14,7,107.0,3606.691184553137,0.20889559999341145
default,265,12,12,True,12,0,0,1,24.0,289.0059931291242,124,620.0,2671.0719175494905,0,0,0,True,22,36.0,3,0.17414950000238605,16,11,joint_route,3000430,4,12,7,117.0,3468.0719175494905,0.1742050000029849
negative,265,12,12,True,12,0,0,1,24.0,288.4450901533461,124,620.0,2664.341081840153,62,88,0,True,22,36.0,3,0.17689940000127535,16,11,joint_route,3000430,4,12,7,117.0,3461.341081840153,0.17696650000289083
default,284,13,13,True,13,0,0,1,26.0,277.58237797327644,113,565.0,2873.5709136525934,0,0,0,True,10,39.0,3,0.16940949999843724,17,12,joint_route,3000431,4,13,7,105.0,3608.570913652594,0.16946160000225063
negative,308,13,13,True,13,0,0,1,26.0,269.5336503497241,115,575.0,2758.937454546413,81,78,0,True,10,39.0,3,0.19356759999936912,17,12,joint_route,3000431,4,13,7,105.0,3503.937454546413,0.19363380000868347
default,242,10,10,True,10,0,0,1,20.0,312.4743009163541,119,595.0,2370.7430091635406,0,0,0,True,8,30.0,3,0.1600987999991048,15,10,joint_route,3000432,3,10,7,109.0,3124.7430091635406,0.16015290000359528
negative,242,10,10,True,10,0,0,1,20.0,312.4743009163541,119,595.0,2370.7430091635406,48,88,0,True,8,30.0,3,0.1656879999936791,15,10,joint_route,3000432,3,10,7,109.0,3124.7430091635406,0.1657549000083236
default,354,14,14,True,14,0,0,0,28.0,255.51327428240032,114,570.0,2835.185839953604,0,0,0,True,19,42.0,3,0.22645220000413246,19,14,joint_route,3000433,4,14,7,102.0,3577.1858399536045,0.22650619999330956
negative,366,14,14,True,14,0,0,0,28.0,256.2310904358302,115,575.0,2840.235266101623,93,71,0,True,19,42.0,3,0.24229409999679774,19,14,joint_route,3000433,4,14,7,102.0,3587.235266101623,0.2423625999945216
default,342,15,15,True,15,0,0,5,30.0,260.1611926328513,118,590.0,3127.4178894927686,0,0,0,True,27,45.0,3,0.2234898000024259,16,14,joint_route,3000434,8,15,7,110.0,3902.4178894927695,0.22364870000455994
negative,342,15,15,True,15,0,0,5,30.0,251.62921112179706,118,590.0,2999.438166826955,84,73,0,True,27,45.0,3,0.23634159998618998,16,14,joint_route,3000434,8,15,7,110.0,3774.4381668269557,0.2364118999976199
default,285,13,13,True,13,0,0,2,26.0,266.35783142628554,116,580.0,2708.6518085417124,0,0,0,True,12,39.0,3,0.18420550000155345,17,13,joint_route,3000435,3,13,7,109.0,3462.6518085417124,0.18425930000375956
negative,285,13,13,True,13,0,0,2,26.0,264.44495542490336,116,580.0,2683.784420523744,65,78,0,True,12,39.0,3,0.18879099999321625,17,13,joint_route,3000435,3,13,7,109.0,3437.784420523744,0.1888589000009233
default,308,15,15,True,15,0,0,5,30.0,233.41005480337438,130,650.0,2653.1508220506153,0,0,0,True,17,45.0,3,0.198831000001519,16,15,joint_route,3000436,0,15,7,123.0,3501.1508220506157,0.1988870999921346
negative,308,15,15,True,15,0,0,5,30.0,233.41005480337438,130,650.0,2653.1508220506153,102,88,0,True,17,45.0,3,0.20187529998656828,16,15,joint_route,3000436,0,15,7,123.0,3501.1508220506157,0.20194959999935236
default,259,12,12,True,12,0,0,1,24.0,287.7612297331383,116,580.0,2704.1347567976595,0,0,0,True,15,36.0,3,0.1553233999875374,15,11,joint_route,3000437,1,12,7,109.0,3453.1347567976595,0.15537749999202788
negative,247,12,12,True,12,0,0,1,24.0,278.61659422979994,115,575.0,2599.399130757599,46,84,0,True,15,36.0,3,0.15242610000132117,15,12,joint_route,3000437,1,12,7,109.0,3343.3991307575993,0.15248579999024514
default,352,16,16,True,16,0,0,3,32.0,248.94906069558178,115,575.0,3221.1849711293085,0,0,0,True,13,48.0,3,0.20865789998788387,17,15,joint_route,3000438,1,16,7,107.0,3983.1849711293085,0.20871059999626596
negative,364,16,16,True,16,0,0,3,32.0,233.93194481405297,116,580.0,2975.911117024847,95,72,0,True,13,48.0,3,0.22638439999718685,17,16,joint_route,3000438,1,16,7,107.0,3742.9111170248475,0.22645570000167936
default,340,16,16,True,16,0,0,2,32.0,214.45507982352427,114,570.0,2674.281277176389,0,0,0,True,20,48.0,3,0.21044999999867287,19,15,joint_route,3000439,2,16,7,107.0,3431.2812771763884,0.2105018000002019
negative,364,16,16,True,16,0,0,2,32.0,212.5485838499697,116,580.0,2633.7773415995157,90,72,0,True,20,48.0,3,0.231228500008001,19,15,joint_route,3000439,2,16,7,107.0,3400.7773415995152,0.23129270000208635
default,375,15,15,True,15,0,0,0,30.0,275.6806765998537,123,615.0,3334.2101489978054,0,0,0,True,24,45.0,3,0.21607089998724405,20,13,joint_route,3000440,4,15,7,111.0,4135.210148997806,0.21612480000476353
negative,363,15,15,True,15,0,0,0,30.0,267.59075939332996,122,610.0,3217.8613908999496,107,79,0,True,24,45.0,3,0.22328369999013375,20,13,joint_route,3000440,4,15,7,111.0,4013.8613908999496,0.2233546000061324
default,308,15,15,True,15,0,0,3,30.0,250.39874435144023,109,545.0,3035.9811652716035,0,0,0,True,20,45.0,3,0.21185049999621697,18,15,joint_route,3000441,9,15,7,100.0,3755.9811652716035,0.21192159999918658
negative,320,15,15,True,15,0,0,3,30.0,249.14721487501626,110,550.0,3012.208223125244,77,64,0,True,20,45.0,3,0.22533850000763778,18,14,joint_route,3000441,9,15,7,100.0,3737.208223125244,0.22540909999224823
default,261,11,11,True,11,0,0,1,22.0,322.429524504213,125,625.0,2749.724769546342,0,0,0,True,9,33.0,3,0.15983790000609588,15,10,joint_route,3000442,2,11,7,117.0,3546.724769546343,0.15989919999265112
negative,261,11,11,True,11,0,0,1,22.0,321.9445682803166,125,625.0,2744.390251083482,77,94,0,True,9,33.0,3,0.16149509999377187,15,10,joint_route,3000442,2,11,7,117.0,3541.390251083483,0.1615648000006331
default,305,13,13,True,13,0,0,0,26.0,267.57764618099657,112,560.0,2749.5094003529553,0,0,0,True,5,39.0,3,0.17003290000138804,16,12,joint_route,3000443,1,13,7,104.0,3478.5094003529553,0.1700873999943724
negative,305,13,13,True,13,0,0,0,26.0,263.2516545310205,112,560.0,2693.2715089032663,56,78,0,True,5,39.0,3,0.1734979999891948,16,12,joint_route,3000443,1,13,7,104.0,3422.2715089032663,0.17356920000747778
default,364,15,15,True,15,0,0,4,30.0,271.2453564464107,121,605.0,3277.6803466961605,0,0,0,True,23,45.0,3,0.2218286999996053,17,13,joint_route,3000444,2,15,7,111.0,4068.6803466961605,0.22188939999614377
negative,364,15,15,True,15,0,0,4,30.0,271.104607679367,121,605.0,3275.5691151905057,127,77,0,True,23,45.0,3,0.22669239999959245,17,14,joint_route,3000444,2,15,7,111.0,4066.5691151905053,0.22676160000264645
default,310,13,13,True,13,0,0,1,26.0,276.84531256416807,111,555.0,2876.989063334185,0,0,0,True,9,39.0,3,0.1965621999988798,15,12,joint_route,3000445,2,13,7,102.0,3598.989063334185,0.19661420000193175
negative,310,13,13,True,13,0,0,1,26.0,276.84531256416807,111,555.0,2876.989063334185,61,72,0,True,9,39.0,3,0.19975610000255983,15,12,joint_route,3000445,2,13,7,102.0,3598.989063334185,0.1998193000035826
default,352,13,13,True,13,0,0,0,26.0,271.5843653376639,122,610.0,2744.5967493896305,0,0,0,True,8,39.0,3,0.1967966000083834,16,12,joint_route,3000446,1,13,7,111.0,3530.5967493896305,0.19685259999823757
negative,340,13,13,True,13,0,0,0,26.0,262.8211445030101,121,605.0,2635.674878539131,99,83,0,True,8,39.0,3,0.20055520000460092,16,12,joint_route,3000446,1,13,7,111.0,3416.6748785391314,0.20062100001086947
default,264,11,11,True,11,0,0,0,22.0,299.3205974015263,113,565.0,2567.526571416788,0,0,0,True,7,33.0,3,0.1700243999948725,14,11,joint_route,3000447,0,11,7,105.0,3292.526571416789,0.17007639999792445
negative,264,11,11,True,11,0,0,0,22.0,287.868298610318,113,565.0,2441.551284713497,41,80,0,True,7,33.0,3,0.16849010001169518,14,11,joint_route,3000447,0,11,7,105.0,3166.551284713498,0.1685501000029035
default,309,13,13,True,13,0,0,0,26.0,270.63597765846026,116,580.0,2765.2677095599834,0,0,0,True,12,39.0,3,0.19089220000023488,18,13,joint_route,3000448,4,13,7,108.0,3518.2677095599834,0.19094440000480972
negative,309,13,13,True,13,0,0,0,26.0,266.08075617537884,116,580.0,2706.049830279924,61,78,0,True,12,39.0,3,0.19304499999270774,18,13,joint_route,3000448,4,13,7,108.0,3459.0498302799247,0.19311500000185333
default,375,16,16,True,16,0,0,1,32.0,244.49853269474804,110,550.0,3182.9765231159686,0,0,0,True,18,48.0,3,0.22319380000408273,21,16,joint_route,3000449,6,16,7,99.0,3911.9765231159686,0.2233715000038501
negative,375,16,16,True,16,0,0,1,32.0,242.48674586354988,110,550.0,3150.787933816798,81,66,0,True,18,48.0,3,0.22635270000318997,21,16,joint_route,3000449,6,16,7,99.0,3879.787933816798,0.22642439999617636
default,271,11,11,True,11,0,0,1,22.0,355.69369716839196,128,640.0,3098.630668852311,0,0,0,True,10,33.0,3,0.15570010000374168,15,11,joint_route,3000450,3,11,7,119.0,3912.6306688523114,0.155753500002902
negative,259,11,11,True,11,0,0,1,22.0,339.88642008601147,127,635.0,2929.750620946127,77,98,0,True,10,33.0,3,0.15207830000144895,15,11,joint_route,3000450,3,11,7,119.0,3738.750620946126,0.15214150000247173
default,252,12,12,True,12,0,0,2,24.0,278.76808471385647,108,540.0,2647.2170165662774,0,0,0,True,13,36.0,3,0.16580959998827893,16,12,joint_route,3000451,7,12,7,98.0,3345.217016566278,0.16586010000901297
negative,252,12,12,True,12,0,0,2,24.0,278.76808471385647,108,540.0,2647.2170165662774,50,73,0,True,13,36.0,3,0.1687713999999687,16,12,joint_route,3000451,7,12,7,98.0,3345.217016566278,0.16883199999574572
default,383,16,16,True,16,0,0,4,32.0,249.76432261466968,113,565.0,3248.229161834715,0,0,0,True,15,48.0,3,0.2327901000098791,18,16,joint_route,3000452,3,16,7,103.0,3996.229161834715,0.2328482000011718
negative,395,16,16,True,16,0,0,4,32.0,248.32513088429093,114,570.0,3220.202094148654,104,68,0,True,15,48.0,3,0.25017440000374336,18,16,joint_route,3000452,3,16,7,103.0,3973.202094148655,0.25024730000586715
default,264,12,12,True,12,0,0,3,24.0,300.41799602330343,112,560.0,2886.0159522796403,0,0,0,True,14,36.0,3,0.1755921000003582,15,12,joint_route,3000453,13,12,7,99.0,3605.015952279641,0.17564760000095703
negative,264,12,12,True,12,0,0,3,24.0,300.41799602330343,112,560.0,2886.0159522796403,58,75,0,True,14,36.0,3,0.18054159999883268,15,12,joint_route,3000453,13,12,7,99.0,3605.015952279641,0.18060360000526998
default,251,13,13,True,13,0,0,1,26.0,273.73813781651455,112,560.0,2826.595791614688,0,0,0,True,18,39.0,3,0.1725482999900123,18,13,joint_route,3000454,5,13,7,107.0,3558.595791614689,0.17260170000372455
negative,251,13,13,True,13,0,0,1,26.0,273.73813781651455,112,560.0,2826.595791614688,53,76,0,True,18,39.0,3,0.1690595999971265,18,13,joint_route,3000454,5,13,7,107.0,3558.595791614689,0.1691218000050867
default,315,14,14,True,14,0,0,0,28.0,252.2007610270987,118,590.0,2759.810654379382,0,0,0,True,13,42.0,3,0.17267420000280254,19,13,joint_route,3000455,2,14,7,111.0,3530.810654379382,0.17272570000204723
negative,315,14,14,True,14,0,0,0,28.0,247.36436234009776,118,590.0,2692.1010727613684,80,83,0,True,13,42.0,3,0.18105949999880977,19,13,joint_route,3000455,2,14,7,111.0,3463.1010727613684,0.1811337000108324
default,354,15,15,True,15,0,0,1,30.0,244.70452925311918,109,545.0,2951.567938796788,0,0,0,True,11,45.0,3,0.21230350001133047,19,14,joint_route,3000456,2,15,7,99.0,3670.5679387967875,0.2123628999979701
negative,354,15,15,True,15,0,0,1,30.0,243.61207734405065,109,545.0,2935.1811601607596,68,66,0,True,11,45.0,3,0.21497259999159724,19,14,joint_route,3000456,2,15,7,99.0,3654.1811601607596,0.2150398999947356
default,263,12,12,True,12,0,0,1,24.0,278.0779125656725,120,600.0,2564.9349507880706,0,0,0,True,14,36.0,3,0.1660351000027731,15,11,joint_route,3000457,2,12,7,112.0,3336.9349507880697,0.1660903000010876
negative,251,12,12,True,12,0,0,1,24.0,268.9553289558344,119,595.0,2460.4639474700134,69,86,0,True,14,36.0,3,0.16346640000119805,15,11,joint_route,3000457,2,12,7,112.0,3227.4639474700125,0.16353360000357497
default,341,14,14,True,14,0,0,2,28.0,273.9718709041994,121,605.0,3049.6061926587913,0,0,0,True,10,42.0,3,0.20042470000043977,17,12,joint_route,3000458,2,14,7,111.0,3835.606192658792,0.2004830999940168
negative,329,14,14,True,14,0,0,2,28.0,263.04943995466476,120,600.0,2901.692159365307,83,82,0,True,10,42.0,3,0.19440410000970587,17,12,joint_route,3000458,2,14,7,111.0,3682.692159365307,0.1944760999904247
default,295,12,12,True,12,0,0,0,24.0,280.0145960226201,124,620.0,2565.1751522714403,0,0,0,True,4,36.0,3,0.18075420000241138,17,12,joint_route,3000459,1,12,7,115.0,3360.1751522714408,0.18081240000901744
negative,271,12,12,True,12,0,0,0,24.0,264.44447524858,122,610.0,2388.3337029829595,73,91,0,True,4,36.0,3,0.16112939998856746,17,12,joint_route,3000459,1,12,7,115.0,3173.3337029829595,0.16119549999712035
default,240,10,10,True,10,0,0,5,20.0,348.4061482050398,134,670.0,2640.0614820503984,0,0,0,True,21,30.0,3,0.147008799991454,11,9,joint_route,3000460,5,10,7,124.0,3484.061482050398,0.14706570000271313
negative,228,10,10,True,10,0,0,5,20.0,342.5344350775726,133,665.0,2586.344350775726,81,104,0,True,21,30.0,3,0.14441419999639038,11,9,joint_route,3000460,5,10,7,124.0,3425.344350775726,0.1444774999981746
default,340,14,14,True,14,0,0,2,28.0,275.1446456076069,123,615.0,3054.025038506497,0,0,0,True,14,42.0,3,0.20340020000003278,17,14,joint_route,3000461,4,14,7,113.0,3852.0250385064965,0.20345329999690875
negative,352,14,14,True,14,0,0,2,28.0,275.289939423382,124,620.0,3051.059151927348,94,84,0,True,14,42.0,3,0.21014239999931306,17,13,joint_route,3000461,4,14,7,113.0,3854.059151927348,0.21020839999255259
default,410,16,16,True,16,0,0,2,32.0,248.31575918218994,110,550.0,3244.0521469150385,0,0,0,True,23,48.0,3,0.24993710000126157,20,16,joint_route,3000462,11,16,7,99.0,3973.052146915039,0.24999310000566766
negative,410,16,16,True,16,0,0,2,32.0,248.35205523152587,110,550.0,3244.6328837044134,82,62,0,True,23,48.0,3,0.2622285999968881,20,16,joint_route,3000462,11,16,7,99.0,3973.632883704414,0.262299099995289
default,320,14,14,True,14,0,0,0,28.0,251.38655804946941,106,530.0,2820.4118126925728,0,0,0,True,14,42.0,3,0.21972350000578444,17,14,joint_route,3000463,4,14,7,99.0,3519.411812692572,0.2197814999963157
negative,332,14,14,True,14,0,0,0,28.0,251.5909572233742,107,535.0,2818.273401127239,53,63,0,True,14,42.0,3,0.2257405000127619,17,13,joint_route,3000463,4,14,7,99.0,3522.2734011272387,0.22580400000151712
default,264,12,12,True,12,0,0,0,24.0,264.17357195502376,114,570.0,2432.0828634602854,0,0,0,True,18,36.0,3,0.17503440000291448,17,11,joint_route,3000464,4,12,7,108.0,3170.082863460285,0.17508990000351332
negative,264,12,12,True,12,0,0,0,24.0,261.73994602103915,114,570.0,2402.87935225247,54,79,0,True,18,36.0,3,0.17525679999380372,17,11,joint_route,3000464,4,12,7,108.0,3140.8793522524697,0.1753214000054868
default,250,11,11,True,11,0,0,1,22.0,315.84120979654625,120,600.0,2707.2533077620083,0,0,0,True,10,33.0,3,0.14878619999217335,15,10,joint_route,3000465,3,11,7,112.0,3474.2533077620087,0.14884320000419393
negative,262,11,11,True,11,0,0,1,22.0,307.6429121592105,121,605.0,2612.0720337513153,64,90,0,True,10,33.0,3,0.1590649999998277,15,9,joint_route,3000465,3,11,7,112.0,3384.0720337513153,0.15913119999459013
default,330,13,13,True,13,0,0,1,26.0,274.1640282419929,118,590.0,2804.1323671459068,0,0,0,True,5,39.0,3,0.1910483999963617,18,12,joint_route,3000466,1,13,7,105.0,3564.1323671459077,0.19115090000559576
negative,330,13,13,True,13,0,0,1,26.0,268.9827015163665,118,590.0,2736.7751197127636,86,80,0,True,5,39.0,3,0.19818409999425057,18,12,joint_route,3000466,1,13,7,105.0,3496.7751197127645,0.19825269999273587
default,297,13,13,True,13,0,0,5,26.0,290.18974369249753,124,620.0,2971.466668002468,0,0,0,True,20,39.0,3,0.19369790000200737,14,12,joint_route,3000467,7,13,7,116.0,3772.466668002468,0.19375310000032187
negative,285,13,13,True,13,0,0,5,26.0,290.1940939407201,123,615.0,2976.5232212293618,92,84,0,True,20,39.0,3,0.19221830001333728,14,12,joint_route,3000467,7,13,7,116.0,3772.5232212293618,0.1922880000056466
default,296,11,11,True,11,0,0,0,22.0,340.73228253279007,122,610.0,2972.055107860691,0,0,0,True,19,33.0,3,0.1829784000001382,16,11,joint_route,3000468,4,11,7,111.0,3748.0551078606904,0.18303080000623595
negative,296,11,11,True,11,0,0,0,22.0,340.40188831030787,122,610.0,2968.4207714133863,71,88,0,True,19,33.0,3,0.18998439999995753,16,11,joint_route,3000468,4,11,7,111.0,3744.4207714133863,0.19004899999708869
default,249,10,10,True,10,0,0,3,20.0,354.6133976061818,139,695.0,2672.133976061818,0,0,0,True,0,30.0,3,0.13324130000546575,7,9,joint_route,3000469,0,10,7,129.0,3546.133976061818,0.1332957999984501
negative,261,10,10,True,10,0,0,3,20.0,335.26869294435755,140,700.0,2473.6869294435755,101,112,0,True,0,30.0,3,0.14289849999477156,7,8,joint_route,3000469,0,10,7,129.0,3352.6869294435755,0.1429651000071317
default,226,11,11,True,11,0,0,0,22.0,308.5241044034837,120,600.0,2622.76514843832,0,0,0,True,16,33.0,3,0.15228280000155792,16,11,joint_route,3000470,4,11,7,116.0,3393.7651484383205,0.152338800005964
negative,226,11,11,True,11,0,0,0,22.0,308.541193099458,120,600.0,2622.953124094037,42,89,0,True,16,33.0,3,0.15703209998901002,16,11,joint_route,3000470,4,11,7,116.0,3393.953124094038,0.15709539999079425
default,355,16,16,True,16,0,0,2,32.0,226.01912692696385,112,560.0,2872.3060308314225,0,0,0,True,21,48.0,3,0.23165689999586903,17,14,joint_route,3000471,0,16,7,104.0,3616.3060308314216,0.23172680000425316
negative,355,16,16,True,16,0,0,2,32.0,218.40921377253503,112,560.0,2750.5474203605613,82,64,0,True,21,48.0,3,0.23334530000283848,17,14,joint_route,3000471,0,16,7,104.0,3494.5474203605604,0.23341960000107065
default,272,11,11,True,11,0,0,1,22.0,330.2628893514527,112,560.0,2917.8917828659805,0,0,0,True,17,33.0,3,0.1658222999976715,16,10,joint_route,3000472,4,11,7,100.0,3632.89178286598,0.1658752000075765
negative,272,11,11,True,11,0,0,1,22.0,331.1649053625888,112,560.0,2927.8139589884768,43,80,0,True,17,33.0,3,0.18827549999696203,16,11,joint_route,3000472,4,11,7,100.0,3642.8139589884768,0.18834750000678468
default,271,13,13,True,13,0,0,1,26.0,281.44214602656115,120,600.0,2879.7478983452947,0,0,0,True,17,39.0,3,0.18385480000870302,17,13,joint_route,3000473,10,13,7,114.0,3658.7478983452947,0.18391519998840522
negative,283,13,13,True,13,0,0,1,26.0,279.9580479610946,121,605.0,2855.4546234942304,74,87,0,True,17,39.0,3,0.1761428000027081,17,13,joint_route,3000473,10,13,7,114.0,3639.4546234942304,0.17621869999857154
default,365,13,13,True,13,0,0,0,26.0,282.2270082209052,119,595.0,2902.9511068717675,0,0,0,True,10,39.0,3,0.19877810000616591,18,10,joint_route,3000474,5,13,7,106.0,3668.9511068717675,0.1988402999995742
negative,365,13,13,True,13,0,0,0,26.0,282.37142031504504,119,595.0,2904.8284640955853,89,80,0,True,10,39.0,3,0.20141290000174195,18,10,joint_route,3000474,5,13,7,106.0,3670.8284640955853,0.20148170000175014
default,364,16,16,True,16,0,0,1,32.0,233.57841253893295,108,540.0,3018.2546006229272,0,0,0,True,16,48.0,3,0.21906879999733064,20,16,joint_route,3000475,4,16,7,99.0,3737.2546006229272,0.21912480000173673
negative,376,16,16,True,16,0,0,1,32.0,221.02700410737413,109,545.0,2812.4320657179865,81,64,0,True,16,48.0,3,0.2266726999951061,20,14,joint_route,3000475,4,16,7,99.0,3536.432065717986,0.2267400999990059
default,418,15,15,True,15,0,0,0,30.0,275.4001038461142,123,615.0,3331.0015576917135,0,0,0,True,7,45.0,3,0.22457190000568517,20,15,joint_route,3000476,1,15,7,110.0,4131.001557691713,0.22462730000552256
negative,385,15,15,True,15,0,0,0,30.0,264.28374389111275,121,605.0,3174.256158366692,109,80,0,True,7,45.0,3,0.22158770001260564,20,15,joint_route,3000476,1,15,7,110.0,3964.2561583666916,0.22165599999425467
default,218,10,10,True,10,0,0,2,20.0,362.8805266006897,123,615.0,2846.8052660068965,0,0,0,True,16,30.0,3,0.1482520999998087,14,10,joint_route,3000477,7,10,7,117.0,3628.805266006897,0.14830419998907018
negative,218,10,10,True,10,0,0,2,20.0,362.393693285307,123,615.0,2841.9369328530697,58,92,0,True,16,30.0,3,0.15574370000103954,14,10,joint_route,3000477,7,10,7,117.0,3623.93693285307,0.15581050000037067
default,230,10,10,True,10,0,0,0,20.0,324.42805448813874,120,600.0,2481.2805448813874,0,0,0,True,12,30.0,3,0.148320699998294,15,9,joint_route,3000478,2,10,7,113.0,3244.2805448813874,0.14837209999677725
negative,230,10,10,True,10,0,0,0,20.0,324.42805448813874,120,600.0,2481.2805448813874,46,90,0,True,12,30.0,3,0.1593360999977449,15,9,joint_route,3000478,2,10,7,113.0,3244.2805448813874,0.15941059999749996
default,431,16,16,True,16,0,0,0,32.0,240.8421755840974,110,550.0,3125.4748093455582,0,0,0,True,19,48.0,3,0.24549190000107046,21,16,joint_route,3000479,9,16,6,98.0,3853.4748093455582,0.24555429999600165
negative,431,16,16,True,16,0,0,0,32.0,237.45345309343696,110,550.0,3071.255249494992,93,64,0,True,19,48.0,3,0.2548274000000674,21,16,joint_route,3000479,9,16,6,98.0,3799.2552494949914,0.25489360000938177
default,217,10,10,True,10,0,0,1,20.0,335.9585952433012,126,630.0,2560.585952433012,0,0,0,True,10,30.0,3,0.13552440000057686,14,9,joint_route,3000480,3,10,7,119.0,3359.585952433012,0.13557759999821428
negative,229,10,10,True,10,0,0,1,20.0,339.236546019829,127,635.0,2588.3654601982903,65,98,0,True,10,30.0,3,0.14750929998990614,14,9,joint_route,3000480,3,10,7,119.0,3392.36546019829,0.1475720000016736
default,307,14,14,True,14,0,0,1,28.0,267.8864291938095,115,575.0,2997.410008713332,0,0,0,True,21,42.0,3,0.19498610000300687,19,13,joint_route,3000481,6,14,7,108.0,3750.410008713333,0.19504069999675266
negative,307,14,14,True,14,0,0,1,28.0,267.3858436873508,115,575.0,2990.4018116229117,77,76,0,True,21,42.0,3,0.19459839999035466,19,13,joint_route,3000481,6,14,7,108.0,3743.4018116229117,0.1947060000093188
default,364,16,16,True,16,0,0,0,32.0,232.80030647920987,101,505.0,3046.8049036673588,0,0,0,True,19,48.0,3,0.23320760000206064,21,16,joint_route,3000482,3,16,6,93.0,3724.804903667358,0.23326360000646673
negative,376,16,16,True,16,0,0,0,32.0,228.4710648473165,102,510.0,2972.5370375570647,70,56,0,True,19,48.0,3,0.24338269999134354,21,16,joint_route,3000482,3,16,6,93.0,3655.537037557064,0.24345870000252035
default,407,16,16,True,16,0,0,0,32.0,243.76318969502034,111,555.0,3165.2110351203255,0,0,0,True,6,48.0,3,0.22736049999366514,21,16,joint_route,3000483,2,16,6,100.0,3900.2110351203255,0.227419100003317
negative,419,16,16,True,16,0,0,0,32.0,241.6404078388025,112,560.0,3126.246525420839,101,68,0,True,6,48.0,3,0.23886680000578053,21,16,joint_route,3000483,2,16,6,100.0,3866.24652542084,0.23894599999766797
default,378,14,14,True,14,0,0,0,28.0,247.10112222328456,112,560.0,2729.4157111259833,0,0,0,True,18,42.0,3,0.22544729999208357,19,13,joint_route,3000484,3,14,7,100.0,3459.4157111259838,0.22550539999792818
negative,366,14,14,True,14,0,0,0,28.0,244.7033911119109,111,555.0,2700.847475566752,84,69,0,True,18,42.0,3,0.21835460000147577,19,12,joint_route,3000484,3,14,7,100.0,3425.8474755667526,0.21841899999708403
default,330,15,15,True,15,0,0,0,30.0,271.78046561792377,119,595.0,3296.706984268857,0,0,0,True,15,45.0,3,0.2105050999962259,19,14,joint_route,3000485,3,15,7,110.0,4076.7069842688566,0.21056259999750182
negative,330,15,15,True,15,0,0,0,30.0,262.9981030406478,119,595.0,3164.971545609717,95,76,0,True,15,45.0,3,0.216489400001592,19,14,joint_route,3000485,3,15,7,110.0,3944.9715456097165,0.21656050000456162
default,250,11,11,True,11,0,0,1,22.0,319.2084245227455,121,605.0,2737.2926697502,0,0,0,True,19,33.0,3,0.16487329998926725,15,11,joint_route,3000486,2,11,7,114.0,3511.2926697502003,0.1649325000034878
negative,250,11,11,True,11,0,0,1,22.0,318.5398012921295,121,605.0,2729.9378142134233,65,89,0,True,19,33.0,3,0.16751460000523366,15,11,joint_route,3000486,2,11,7,114.0,3503.937814213424,0.16758709998975974
default,249,10,10,True,10,0,0,2,20.0,359.24188447684844,124,620.0,2810.4188447684837,0,0,0,True,0,30.0,3,0.1372494000097504,8,10,joint_route,3000487,0,10,7,112.0,3592.418844768484,0.13730430000578053
negative,237,10,10,True,10,0,0,2,20.0,353.490416694429,123,615.0,2757.90416694429,39,97,0,True,0,30.0,3,0.13265559999854304,8,10,joint_route,3000487,0,10,7,112.0,3534.90416694429,0.13273269998899195
default,309,13,13,True,13,0,0,0,26.0,267.73350773693164,117,585.0,2722.535600580111,0,0,0,True,19,39.0,3,0.18265959998825565,18,10,joint_route,3000488,4,13,7,108.0,3480.5356005801113,0.1827117999928305
negative,309,13,13,True,13,0,0,0,26.0,260.6114339545809,117,585.0,2629.9486414095504,78,79,0,True,19,39.0,3,0.19121170000289567,18,11,joint_route,3000488,4,13,7,108.0,3387.9486414095513,0.19127759999537375
default,252,11,11,True,11,0,0,0,22.0,319.46683111156256,116,580.0,2770.135142227188,0,0,0,True,15,33.0,3,0.17353430000366643,16,11,joint_route,3000489,5,11,7,109.0,3514.135142227188,0.17358609999064356
negative,252,11,11,True,11,0,0,0,22.0,318.9454985279912,116,580.0,2764.4004838079045,49,82,0,True,15,33.0,3,0.17441419999522623,16,11,joint_route,3000489,5,11,7,109.0,3508.4004838079036,0.17447850000462495
default,215,11,11,True,11,0,0,1,22.0,320.0001969708114,125,625.0,2720.0021666789244,0,0,0,True,10,33.0,3,0.13244410000334028,16,10,joint_route,3000490,3,11,7,120.0,3520.002166678925,0.1325005999970017
negative,215,11,11,True,11,0,0,1,22.0,314.07410341696743,125,625.0,2654.8151375866414,46,97,0,True,10,33.0,3,0.1348889000073541,16,10,joint_route,3000490,3,11,7,120.0,3454.815137586642,0.13495459999830928
default,262,11,11,True,11,0,0,1,22.0,314.84761207802694,118,590.0,2708.323732858297,0,0,0,True,15,33.0,3,0.15894579999439884,16,9,joint_route,3000491,5,11,7,110.0,3463.3237328582964,0.15899879999051336
negative,262,11,11,True,11,0,0,1,22.0,314.42819013327426,118,590.0,2703.710091466017,49,86,0,True,15,33.0,3,0.1608148999948753,16,9,joint_route,3000491,5,11,7,110.0,3458.710091466017,0.16096819999802392
default,330,14,14,True,14,0,0,2,28.0,287.80418473615657,118,590.0,3260.2585863061922,0,0,0,True,18,42.0,3,0.20459370000753552,17,13,joint_route,3000492,4,14,7,109.0,4029.2585863061922,0.20465400000102818
negative,354,14,14,True,14,0,0,2,28.0,280.73249207510366,120,600.0,3151.2548890514513,105,76,0,True,18,42.0,3,0.21835870000359137,17,12,joint_route,3000492,4,14,7,109.0,3930.2548890514513,0.21843120000266936
default,353,15,15,True,15,0,0,0,30.0,242.48382869136125,112,560.0,2898.2574303704196,0,0,0,True,14,45.0,3,0.2291510999930324,19,15,joint_route,3000493,8,15,7,104.0,3637.2574303704187,0.2293372999993153
negative,353,15,15,True,15,0,0,0,30.0,240.1663741387356,112,560.0,2863.495612081035,79,68,0,True,14,45.0,3,0.2275283000053605,19,15,joint_route,3000493,8,15,7,104.0,3602.495612081034,0.22759579999546986
default,389,16,16,True,16,0,0,0,32.0,231.18373157416863,98,490.0,3040.939705186698,0,0,0,True,19,48.0,3,0.24226170001202263,20,15,joint_route,3000494,1,16,6,88.0,3698.939705186698,0.2423168999957852
negative,389,16,16,True,16,0,0,0,32.0,230.89481251142848,98,490.0,3036.3170001828557,67,50,0,True,19,48.0,3,0.2519190000020899,20,15,joint_route,3000494,1,16,6,88.0,3694.3170001828557,0.25198570000065956
default,265,11,11,True,11,0,0,0,22.0,306.206652139287,114,570.0,2637.2731735321568,0,0,0,True,16,33.0,3,0.1861994000064442,15,11,joint_route,3000495,4,11,7,106.0,3368.2731735321568,0.1862529999925755
negative,265,11,11,True,11,0,0,0,22.0,302.8018411508449,114,570.0,2599.820252659293,35,76,0,True,16,33.0,3,0.19318729999940842,15,11,joint_route,3000495,4,11,7,106.0,3330.820252659294,0.1932478000089759
default,253,10,10,True,10,0,0,1,20.0,368.69128674704507,125,625.0,2898.91286747045,0,0,0,True,9,30.0,3,0.16944430000148714,12,9,joint_route,3000496,2,10,7,113.0,3686.9128674704507,0.16949849999218713
negative,241,10,10,True,10,0,0,1,20.0,356.8197281512571,124,620.0,2785.1972815125696,51,92,0,True,9,30.0,3,0.16737429999921005,12,9,joint_route,3000496,2,10,7,113.0,3568.197281512571,0.1674353999987943
default,411,16,16,True,16,0,0,0,32.0,216.1107780366171,109,545.0,2734.7724485858735,0,0,0,True,11,48.0,3,0.23906400000851136,19,16,joint_route,3000497,3,16,6,98.0,3457.7724485858735,0.2391217999975197
negative,411,16,16,True,16,0,0,0,32.0,212.11192409922108,109,545.0,2670.7907855875374,95,62,0,True,11,48.0,3,0.2502782999945339,19,16,joint_route,3000497,3,16,6,98.0,3393.7907855875374,0.2503504999913275
default,252,11,11,True,11,0,0,0,22.0,318.7505240699889,122,610.0,2726.2557647698777,0,0,0,True,16,33.0,3,0.16105539999261964,15,11,joint_route,3000498,2,11,7,115.0,3506.2557647698777,0.16110759999719448
negative,252,11,11,True,11,0,0,0,22.0,323.0528085216096,122,610.0,2773.5808937377055,61,90,0,True,16,33.0,3,0.16731119999894872,15,11,joint_route,3000498,2,11,7,115.0,3553.580893737706,0.16737270000157878
default,330,15,15,True,15,0,0,1,30.0,257.1687902361907,115,575.0,3099.5318535428605,0,0,0,True,26,45.0,3,0.22628470000927337,20,15,joint_route,3000499,8,15,7,108.0,3857.5318535428605,0.22633829999540467
negative,330,15,15,True,15,0,0,1,30.0,251.75466371005533,115,575.0,3018.3199556508303,77,71,0,True,26,45.0,3,0.22742710000602528,20,15,joint_route,3000499,8,15,7,108.0,3776.31995565083,0.22749130000011064
