absence_skipped_measurements,arm,candidate_evaluations,channels_certified_absent,clear,cleared,complete,coverage_sites_cancelled,deferred_targets,discovery_closed,discovery_closed_by_absence,failed_clear,fallback,forced_targets,laser_s,mean_time_s,measure,measure_s,move_s,normal_exit,opportunistic_measures,optical_s,paper_measurements_selected,problem,program_time_s,reschedule_bursts,reschedule_fallbacks,reschedule_steps,rescheduled_targets,route_replans,safe_clear_points,seed,skipped_known_measurements,small_region_probes,small_region_successes,sources,stations_visited,switch_s,virtual_time_s,wall_s
0,default,27,0,11,10,True,0,10,0,0,1,1,0,20.0,671.1496034274352,367,1835.0,4484.4960342743525,True,0,33.0,0,4,0.23553379999066237,0,0,0,0,35,3,3100000,19,6,6,10,25,339.0,6711.496034274352,0.25374790000205394
0,noclosure,27,0,11,10,True,0,10,0,0,1,1,0,20.0,671.1496034274352,367,1835.0,4484.4960342743525,True,0,33.0,0,4,0.24134649999905378,0,0,0,0,35,3,3100000,19,6,6,10,25,339.0,6711.496034274352,0.2575351999985287
0,step,14,0,11,10,True,0,10,0,0,1,1,0,20.0,670.554752154799,367,1835.0,4478.54752154799,True,0,33.0,0,4,0.23595899999781977,0,1,7,3,37,3,3100000,19,6,6,10,25,339.0,6705.547521547989,0.2523713999980828
0,default,25,0,12,12,True,0,12,0,0,0,0,0,24.0,518.3019077113918,310,1550.0,4323.6228925367,True,0,36.0,0,4,0.1330048999952851,0,0,0,0,37,5,3100001,31,7,7,12,25,286.0,6219.622892536701,0.15122400000109337
0,noclosure,25,0,12,12,True,0,12,0,0,0,0,0,24.0,518.3019077113918,310,1550.0,4323.6228925367,True,0,36.0,0,4,0.1316515999933472,0,0,0,0,37,5,3100001,31,7,7,12,25,286.0,6219.622892536701,0.14794379999511875
0,step,41,0,12,12,True,0,12,0,0,0,0,0,24.0,496.6691999210644,293,1465.0,4165.030399052773,True,0,36.0,0,4,0.15763800000422634,0,0,12,7,44,5,3100001,20,7,7,12,25,270.0,5960.030399052773,0.17424579999351408
0,default,75,0,11,10,True,0,10,0,0,1,0,0,20.0,642.9341855470755,355,1775.0,4268.341855470754,True,0,33.0,0,4,0.15706409999984317,0,0,0,0,35,6,3100002,47,5,4,10,25,333.0,6429.341855470755,0.17343919999257196
0,noclosure,75,0,11,10,True,0,10,0,0,1,0,0,20.0,642.9341855470755,355,1775.0,4268.341855470754,True,0,33.0,0,4,0.15674779999244493,0,0,0,0,35,6,3100002,47,5,4,10,25,333.0,6429.341855470755,0.17295630001171958
0,step,49,0,11,10,True,0,10,0,0,1,0,0,20.0,633.494365906533,354,1770.0,4178.943659065329,True,0,33.0,0,4,0.14277449999644887,0,0,14,8,43,6,3100002,47,5,4,10,25,333.0,6334.9436590653295,0.1588493000017479
0,default,0,0,11,11,True,0,11,0,0,0,0,0,22.0,578.9623131150879,329,1645.0,4362.585444265967,True,0,33.0,0,4,0.10221730000921525,0,0,0,0,36,6,3100003,32,5,5,11,25,306.0,6368.585444265967,0.11856879999686498
0,noclosure,0,0,11,11,True,0,11,0,0,0,0,0,22.0,578.9623131150879,329,1645.0,4362.585444265967,True,0,33.0,0,4,0.1059116999967955,0,0,0,0,36,6,3100003,32,5,5,11,25,306.0,6368.585444265967,0.12266310000268277
0,step,11,0,49,11,True,0,11,0,0,38,1,0,22.0,624.4996411893276,375,1875.0,4479.496053082618,True,0,147.0,0,4,0.25751160000800155,0,1,10,4,40,5,3100003,21,6,5,11,25,346.0,6869.496053082603,0.27370979999250267
0,default,51,0,13,12,True,0,12,0,0,1,0,0,24.0,534.520704669676,332,1660.0,4383.248456036112,True,0,39.0,0,4,0.15173899999354035,0,0,0,0,37,7,3100004,39,6,5,12,25,308.0,6414.248456036112,0.16784510000434238
0,noclosure,51,0,13,12,True,0,12,0,0,1,0,0,24.0,534.520704669676,332,1660.0,4383.248456036112,True,0,39.0,0,4,0.1513587999943411,0,0,0,0,37,7,3100004,39,6,5,12,25,308.0,6414.248456036112,0.16864040000655223
0,step,37,0,14,12,True,0,12,0,0,2,0,0,24.0,534.3125529472495,332,1660.0,4377.750635366993,True,0,42.0,0,4,0.1457024000119418,0,0,14,7,44,7,3100004,39,7,5,12,25,308.0,6411.750635366994,0.1628878000046825
0,default,127,0,14,12,True,0,12,0,0,2,0,0,24.0,533.0766765751655,340,1700.0,4315.920118901988,True,0,42.0,1,4,0.24484679999295622,0,0,0,0,37,9,3100005,75,5,3,12,25,315.0,6396.920118901986,0.26147060000221245
0,noclosure,127,0,14,12,True,0,12,0,0,2,0,0,24.0,533.0766765751655,340,1700.0,4315.920118901988,True,0,42.0,1,4,0.24537029999191873,0,0,0,0,37,9,3100005,75,5,3,12,25,315.0,6396.920118901986,0.26164280000375584
0,step,46,0,12,12,True,0,12,0,0,0,0,0,24.0,538.4514499994842,339,1695.0,4389.41739999381,True,0,36.0,1,4,0.18920100000104867,0,0,17,10,47,7,3100005,74,5,5,12,25,317.0,6461.417399993811,0.20647609999286942
0,default,71,0,15,15,True,0,15,0,0,0,0,0,30.0,415.6129699928718,273,1365.0,4547.194549893077,True,0,45.0,0,4,0.19695500000671018,0,0,0,0,40,11,3100006,38,4,4,15,25,247.0,6234.194549893077,0.21363850000489037
0,noclosure,71,0,15,15,True,0,15,0,0,0,0,0,30.0,415.6129699928718,273,1365.0,4547.194549893077,True,0,45.0,0,4,0.19922310000401922,0,0,0,0,40,11,3100006,38,4,4,15,25,247.0,6234.194549893077,0.21541219999198802
0,step,27,0,16,15,True,0,15,0,0,1,0,0,30.0,407.0862370900381,274,1370.0,4409.293556350571,True,0,48.0,0,4,0.19244260000414215,0,0,26,15,55,11,3100006,46,5,4,15,25,249.0,6106.293556350572,0.20944550000422169
0,default,54,0,15,15,True,0,15,0,0,0,0,0,30.0,428.2732388139283,297,1485.0,4593.098582208925,True,0,45.0,0,4,0.17895739999949,0,0,0,0,40,8,3100007,33,7,7,15,25,271.0,6424.098582208924,0.1950961999973515
0,noclosure,54,0,15,15,True,0,15,0,0,0,0,0,30.0,428.2732388139283,297,1485.0,4593.098582208925,True,0,45.0,0,4,0.18365750000521075,0,0,0,0,40,8,3100007,33,7,7,15,25,271.0,6424.098582208924,0.19996399999945424
0,step,0,0,15,15,True,0,15,0,0,0,0,0,30.0,408.62565729052284,295,1475.0,4305.384859357844,True,0,45.0,0,4,0.17179230001056567,0,0,22,14,54,8,3100007,28,7,7,15,25,274.0,6129.384859357842,0.18874439998762682
0,default,57,0,13,12,True,0,12,0,0,1,0,0,24.0,507.67109690219013,282,1410.0,4360.053162826281,True,0,39.0,2,4,0.1879525999975158,0,0,0,0,37,9,3100008,101,4,3,12,25,259.0,6092.053162826282,0.2045044999977108
0,noclosure,57,0,13,12,True,0,12,0,0,1,0,0,24.0,507.67109690219013,282,1410.0,4360.053162826281,True,0,39.0,2,4,0.1878675000043586,0,0,0,0,37,9,3100008,101,4,3,12,25,259.0,6092.053162826282,0.2043279000063194
0,step,13,0,13,12,True,0,12,0,0,1,0,0,24.0,489.46536960796124,269,1345.0,4217.584435295533,True,0,39.0,0,4,0.17118410000693984,0,0,21,11,48,10,3100008,34,3,2,12,25,248.0,5873.584435295535,0.1874171999952523
0,default,85,0,17,14,True,0,14,0,0,3,1,0,28.0,446.5993386443598,281,1405.0,4513.390741021039,True,0,51.0,1,4,0.281477199998335,0,0,0,0,39,9,3100009,51,5,4,14,25,255.0,6252.390741021038,0.2977367999992566
0,noclosure,85,0,17,14,True,0,14,0,0,3,1,0,28.0,446.5993386443598,281,1405.0,4513.390741021039,True,0,51.0,1,4,0.2871547999966424,0,0,0,0,39,9,3100009,51,5,4,14,25,255.0,6252.390741021038,0.30357000000367407
0,step,36,0,17,14,True,0,14,0,0,3,1,0,28.0,443.64284112461974,279,1395.0,4479.999775744677,True,0,51.0,0,4,0.24947799999790732,0,1,19,12,51,6,3100009,51,8,7,14,25,257.0,6210.999775744676,0.265447799989488
0,default,37,0,14,11,True,0,11,0,0,3,1,0,22.0,600.6612654339165,319,1595.0,4657.27391977308,True,0,42.0,0,4,0.14261709999118466,0,0,0,0,36,5,3100010,57,6,5,11,25,291.0,6607.273919773081,0.15903090000210796
0,noclosure,37,0,14,11,True,0,11,0,0,3,1,0,22.0,600.6612654339165,319,1595.0,4657.27391977308,True,0,42.0,0,4,0.14380829999572597,0,0,0,0,36,5,3100010,57,6,5,11,25,291.0,6607.273919773081,0.1600884999934351
0,step,53,0,12,11,True,0,11,0,0,1,0,0,22.0,572.8015167399227,312,1560.0,4396.816684139149,True,0,36.0,0,4,0.16962419998890255,0,0,14,9,43,5,3100010,53,7,6,11,25,286.0,6300.816684139149,0.1861670999933267
0,default,13,0,14,12,True,0,12,0,0,2,1,0,24.0,539.390835547192,306,1530.0,4594.690026566303,True,0,42.0,0,4,0.27797999999893364,0,0,0,0,37,7,3100011,41,6,4,12,25,282.0,6472.6900265663035,0.2938739999954123
0,noclosure,13,0,14,12,True,0,12,0,0,2,1,0,24.0,539.390835547192,306,1530.0,4594.690026566303,True,0,42.0,0,4,0.2744092999928398,0,0,0,0,37,7,3100011,41,6,4,12,25,282.0,6472.6900265663035,0.29066689999308437
0,step,13,0,13,12,True,0,12,0,0,1,1,0,24.0,528.5828809473996,307,1535.0,4460.994571368797,True,0,39.0,0,4,0.28522330000123475,0,1,11,4,41,6,3100011,41,6,5,12,25,284.0,6342.994571368796,0.30199419999553356
0,default,86,0,65,16,True,3,16,1,0,49,2,0,32.0,417.5735540880584,297,1485.0,4698.176865408935,True,0,195.0,0,4,0.4403201999957673,0,0,0,0,38,9,3100012,35,5,5,16,22,271.0,6681.176865408935,0.4573077000095509
0,noclosure,55,0,65,16,True,0,16,0,0,49,2,0,32.0,427.88012773704673,299,1495.0,4849.082043792748,True,0,195.0,0,4,0.4090204999956768,0,0,0,0,39,9,3100012,36,5,5,16,23,275.0,6846.082043792748,0.42638910000096075
0,step,16,0,63,16,True,3,16,1,0,47,2,0,32.0,416.1412809953653,294,1470.0,4698.260495925829,True,0,189.0,0,4,0.3997932999918703,0,2,16,9,41,5,3100012,38,9,9,16,22,269.0,6658.260495925845,0.4169878999964567
0,default,16,0,26,15,True,0,15,0,0,11,1,0,30.0,416.0399730781784,255,1275.0,4625.599596172675,True,0,78.0,0,4,0.27307090000249445,0,0,0,0,40,7,3100013,65,9,7,15,25,232.0,6240.599596172676,0.2895858000119915
0,noclosure,16,0,26,15,True,0,15,0,0,11,1,0,30.0,416.0399730781784,255,1275.0,4625.599596172675,True,0,78.0,0,4,0.2740395000000717,0,0,0,0,40,7,3100013,65,9,7,15,25,232.0,6240.599596172676,0.29098469999735244
0,step,0,0,26,15,True,0,15,0,0,11,1,0,30.0,415.30893389830163,255,1275.0,4613.634008474524,True,0,78.0,0,4,0.2605247000028612,0,1,13,6,46,6,3100013,65,10,8,15,25,233.0,6229.634008474524,0.2768163000000641
0,default,53,0,18,16,True,9,16,1,0,2,0,0,32.0,316.7974740493944,203,1015.0,3779.7595847903112,True,0,54.0,0,4,0.19566730000951793,0,0,0,0,32,12,3100014,34,6,4,16,16,188.0,5068.75958479031,0.21266109999851324
0,noclosure,53,0,18,16,True,0,16,0,0,2,0,0,32.0,394.0214787480396,245,1225.0,4769.343659968634,True,0,54.0,0,4,0.19679049999103881,0,0,0,0,41,12,3100014,51,6,4,16,25,224.0,6304.343659968634,0.21448319999035448
0,step,38,0,17,16,True,2,16,1,0,1,1,0,32.0,375.124182613645,233,1165.0,4541.98692181832,True,0,51.0,0,4,0.31805780000286177,0,1,23,13,48,9,3100014,119,6,6,16,23,212.0,6001.98692181832,0.33693429999402724
0,default,64,0,16,15,True,0,15,0,0,1,1,0,30.0,443.95441979568693,292,1460.0,4857.316296935304,True,0,48.0,2,4,0.38134020000870805,0,0,0,0,40,10,3100015,73,5,4,15,25,264.0,6659.316296935304,0.3977807000046596
0,noclosure,64,0,16,15,True,0,15,0,0,1,1,0,30.0,443.95441979568693,292,1460.0,4857.316296935304,True,0,48.0,2,4,0.3771934999967925,0,0,0,0,40,10,3100015,73,5,4,15,25,264.0,6659.316296935304,0.39376020000781864
0,step,30,0,16,15,True,0,15,0,0,1,1,0,30.0,437.4911507881363,292,1460.0,4761.367261822043,True,0,48.0,1,4,0.34436360000108834,0,1,18,10,50,7,3100015,71,8,7,15,25,263.0,6562.367261822044,0.3616118999925675
0,default,77,0,28,14,True,0,14,0,0,14,1,0,28.0,476.9118484264119,296,1480.0,4813.7658779697695,True,0,84.0,0,4,0.3709826999984216,0,0,0,0,39,8,3100016,77,6,5,14,25,271.0,6676.765877969767,0.38737070000206586
0,noclosure,77,0,28,14,True,0,14,0,0,14,1,0,28.0,476.9118484264119,296,1480.0,4813.7658779697695,True,0,84.0,0,4,0.36747680000553373,0,0,0,0,39,8,3100016,77,6,5,14,25,271.0,6676.765877969767,0.3852999000082491
0,step,73,0,15,14,True,0,14,0,0,1,0,0,28.0,453.7490977285888,308,1540.0,4463.487368200244,True,0,45.0,0,4,0.20416049999766983,0,0,21,14,53,7,3100016,49,8,7,14,25,276.0,6352.4873682002435,0.22163200000068173
0,default,15,0,16,14,True,0,14,0,0,2,0,0,28.0,436.508854326512,273,1365.0,4420.123960571168,True,0,48.0,0,4,0.14894769999955315,0,0,0,0,39,11,3100017,74,5,3,14,25,250.0,6111.123960571168,0.16575529999681748
0,noclosure,15,0,16,14,True,0,14,0,0,2,0,0,28.0,436.508854326512,273,1365.0,4420.123960571168,True,0,48.0,0,4,0.14881990000139922,0,0,0,0,39,11,3100017,74,5,3,14,25,250.0,6111.123960571168,0.1653912999900058
0,step,22,0,16,14,True,0,14,0,0,2,0,0,28.0,436.3913446162971,275,1375.0,4405.4788246281605,True,0,48.0,0,4,0.1694063000031747,0,0,23,12,51,11,3100017,74,5,3,14,25,253.0,6109.47882462816,0.18664240000362042
0,default,83,0,25,16,True,6,16,1,0,9,1,0,32.0,379.1101309476687,228,1140.0,4616.762095162699,True,0,75.0,0,4,0.3591333999938797,0,0,0,0,35,8,3100018,34,8,7,16,19,202.0,6065.7620951627,0.37561839999398217
0,noclosure,83,0,25,16,True,0,16,0,0,9,1,0,32.0,413.47150806618254,247,1235.0,5052.54412905892,True,0,75.0,0,4,0.36106609999842476,0,0,0,0,39,8,3100018,39,8,7,16,23,221.0,6615.544129058921,0.37770820000150707
0,step,31,0,26,16,True,8,16,1,0,10,1,0,32.0,339.8402088733302,231,1155.0,3958.443341973286,True,0,78.0,0,4,0.31222199999319855,0,1,21,12,37,8,3100018,42,9,7,16,17,214.0,5437.443341973283,0.32865990001300815
0,default,72,0,26,14,True,0,14,0,0,12,1,0,28.0,478.7488336878169,317,1585.0,4718.483671629434,True,0,78.0,1,4,0.36574999999720603,0,0,0,0,39,10,3100019,60,5,3,14,25,293.0,6702.483671629437,0.38255280000157654
0,noclosure,72,0,26,14,True,0,14,0,0,12,1,0,28.0,478.7488336878169,317,1585.0,4718.483671629434,True,0,78.0,1,4,0.3674964999954682,0,0,0,0,39,10,3100019,60,5,3,14,25,293.0,6702.483671629437,0.384298500008299
0,step,47,0,16,14,True,0,14,0,0,2,0,0,28.0,471.29768267257043,299,1495.0,4756.167557415986,True,0,48.0,0,4,0.16673159999481868,0,0,17,10,48,7,3100019,40,9,7,14,25,271.0,6598.167557415986,0.18285430000105407
0,default,85,0,17,16,True,7,16,1,0,1,0,0,32.0,351.1339240686457,258,1290.0,4008.142785098332,True,0,51.0,2,4,0.22091160000127275,0,0,0,0,34,10,3100020,58,7,6,16,18,237.0,5618.142785098331,0.23794469999847934
0,noclosure,81,0,17,16,True,0,16,0,0,1,0,0,32.0,378.2516727249165,279,1395.0,4319.026763598665,True,0,51.0,1,4,0.21812180000415538,0,0,0,0,39,9,3100020,73,8,7,16,23,255.0,6052.026763598664,0.2344477000006009
0,step,60,0,17,16,True,7,16,1,0,1,0,0,32.0,337.7681452360294,255,1275.0,3807.2903237764704,True,0,51.0,0,4,0.1850066000042716,0,0,19,12,35,7,3100020,58,10,9,16,18,239.0,5404.29032377647,0.2023915999889141
0,default,48,0,15,13,True,0,13,0,0,2,0,0,26.0,486.0608376526104,300,1500.0,4473.790889483938,True,0,45.0,1,4,0.17985670000780374,0,0,0,0,38,8,3100021,42,7,5,13,25,274.0,6318.790889483936,0.1972698999888962
0,noclosure,48,0,15,13,True,0,13,0,0,2,0,0,26.0,486.0608376526104,300,1500.0,4473.790889483938,True,0,45.0,1,4,0.18166800000471994,0,0,0,0,38,8,3100021,42,7,5,13,25,274.0,6318.790889483936,0.19763070000044536
0,step,40,0,15,13,True,0,13,0,0,2,0,0,26.0,485.86953108062124,299,1495.0,4476.303904048077,True,0,45.0,0,4,0.16839289999916218,0,0,17,10,48,7,3100021,42,8,6,13,25,274.0,6316.303904048076,0.18506869999691844
0,default,103,0,11,10,True,0,10,0,0,1,0,0,20.0,637.1584941693604,318,1590.0,4440.584941693604,True,0,33.0,1,4,0.20713660000183154,0,0,0,0,35,9,3100022,13,2,1,10,25,288.0,6371.584941693604,0.2242374000052223
0,noclosure,103,0,11,10,True,0,10,0,0,1,0,0,20.0,637.1584941693604,318,1590.0,4440.584941693604,True,0,33.0,1,4,0.20578370000293944,0,0,0,0,35,9,3100022,13,2,1,10,25,288.0,6371.584941693604,0.22178039999562316
0,step,67,0,11,10,True,0,10,0,0,1,0,0,20.0,619.6656321303542,339,1695.0,4134.656321303543,True,0,33.0,1,4,0.20473589999892283,0,0,18,12,47,6,3100022,31,5,4,10,25,314.0,6196.656321303542,0.2217432000034023
0,default,101,0,54,16,True,10,16,1,0,38,1,0,32.0,360.99840990069816,192,960.0,4450.974558411172,True,0,162.0,1,4,0.39080409999587573,0,0,0,0,31,9,3100023,51,6,6,16,15,171.0,5775.974558411171,0.40690689999610186
0,noclosure,45,0,54,16,True,0,16,0,0,38,1,0,32.0,387.20847940089993,230,1150.0,4640.335670414399,True,0,162.0,1,4,0.3895226000022376,0,0,0,0,39,9,3100023,81,6,6,16,23,211.0,6195.335670414399,0.40610940000624396
0,step,26,0,56,16,True,9,16,1,0,40,1,0,32.0,315.8101357235586,195,975.0,3697.9621715769385,True,0,168.0,0,4,0.32490069999767,0,1,19,12,33,6,3100023,53,11,9,16,16,180.0,5052.962171576937,0.3422179000044707
0,default,105,0,16,14,True,0,14,0,0,2,0,0,28.0,465.9427661894916,305,1525.0,4641.198726652884,True,0,48.0,0,4,0.2257823000109056,0,0,0,0,39,12,3100024,42,4,2,14,25,281.0,6523.198726652882,0.24240519999875687
0,noclosure,105,0,16,14,True,0,14,0,0,2,0,0,28.0,465.9427661894916,305,1525.0,4641.198726652884,True,0,48.0,0,4,0.22363390000828076,0,0,0,0,39,12,3100024,42,4,2,14,25,281.0,6523.198726652882,0.24030279999715276
0,step,14,0,15,14,True,0,14,0,0,1,0,0,28.0,442.9854819247354,307,1535.0,4307.796746946295,True,0,45.0,0,4,0.16064909999840893,0,0,19,10,49,9,3100024,45,6,5,14,25,286.0,6201.796746946296,0.17749729999923147
0,default,39,0,22,12,True,0,12,0,0,10,1,0,24.0,555.0112381375026,350,1750.0,4495.134857650035,True,0,66.0,0,4,0.2965462000138359,0,0,0,0,37,8,3100025,42,3,3,12,25,325.0,6660.134857650031,0.31304029999591876
0,noclosure,39,0,22,12,True,0,12,0,0,10,1,0,24.0,555.0112381375026,350,1750.0,4495.134857650035,True,0,66.0,0,4,0.29627910000272095,0,0,0,0,37,8,3100025,42,3,3,12,25,325.0,6660.134857650031,0.3125024999899324
0,step,15,0,22,12,True,0,12,0,0,10,1,0,24.0,543.9413342902482,347,1735.0,4377.296011482981,True,0,66.0,0,4,0.2849357999948552,0,1,14,6,43,7,3100025,42,4,4,12,25,325.0,6527.2960114829775,0.30245259999355767
0,default,58,0,16,15,True,0,15,0,0,1,0,0,30.0,386.2294414900104,250,1250.0,4243.441622350153,True,0,48.0,1,4,0.20938960000057705,0,0,0,0,40,10,3100026,33,6,5,15,25,222.0,5793.441622350156,0.22607410000637174
0,noclosure,58,0,16,15,True,0,15,0,0,1,0,0,30.0,386.2294414900104,250,1250.0,4243.441622350153,True,0,48.0,1,4,0.21216249999997672,0,0,0,0,40,10,3100026,33,6,5,15,25,222.0,5793.441622350156,0.22935330000473186
0,step,42,0,16,15,True,0,15,0,0,1,0,0,30.0,381.89125629427906,249,1245.0,4181.368844414184,True,0,48.0,0,4,0.2123085000057472,0,0,21,13,53,8,3100026,35,8,7,15,25,224.0,5728.368844414186,0.22930279999854974
0,default,49,0,52,15,True,0,15,0,0,37,1,0,30.0,411.60081287919974,225,1125.0,4661.012193187993,True,0,156.0,2,4,0.36750159999064635,0,0,0,0,40,8,3100027,85,8,6,15,25,202.0,6174.012193187996,0.38425099999585655
0,noclosure,49,0,52,15,True,0,15,0,0,37,1,0,30.0,411.60081287919974,225,1125.0,4661.012193187993,True,0,156.0,2,4,0.3642954999959329,0,0,0,0,40,8,3100027,85,8,6,15,25,202.0,6174.012193187996,0.3808582000056049
0,step,28,0,51,15,True,0,15,0,0,36,1,0,30.0,407.5606885227353,231,1155.0,4567.410327841029,True,0,153.0,0,4,0.3290893999947002,0,1,12,6,46,5,3100027,63,10,9,15,25,208.0,6113.410327841029,0.3451880000066012
0,default,33,0,13,11,True,0,11,0,0,2,0,0,22.0,570.2026310110568,309,1545.0,4381.228941121625,True,0,39.0,1,4,0.1560306000028504,0,0,0,0,36,7,3100028,43,6,4,11,25,285.0,6272.228941121625,0.17270660000212956
0,noclosure,33,0,13,11,True,0,11,0,0,2,0,0,22.0,570.2026310110568,309,1545.0,4381.228941121625,True,0,39.0,1,4,0.1534715000016149,0,0,0,0,36,7,3100028,43,6,4,11,25,285.0,6272.228941121625,0.17019489999802317
0,step,19,0,13,11,True,0,11,0,0,2,0,0,22.0,569.7685566575443,308,1540.0,4381.454123232988,True,0,39.0,1,4,0.15393990000302438,0,0,13,7,43,6,3100028,43,7,5,11,25,285.0,6267.4541232329875,0.17094240000005811
0,default,95,0,27,15,True,0,15,0,0,12,1,0,30.0,475.1353314475584,326,1630.0,5087.029971713375,True,0,81.0,1,4,0.39522769999166485,0,0,0,0,40,10,3100029,46,5,4,15,25,299.0,7127.029971713377,0.41171960000065155
0,noclosure,95,0,27,15,True,0,15,0,0,12,1,0,30.0,475.1353314475584,326,1630.0,5087.029971713375,True,0,81.0,1,4,0.3990743000031216,0,0,0,0,40,10,3100029,46,5,4,15,25,299.0,7127.029971713377,0.41537469999457244
0,step,0,0,27,15,True,0,15,0,0,12,1,0,30.0,443.0025610613191,318,1590.0,4645.038415919787,True,0,81.0,0,4,0.30251350000617094,0,1,16,8,46,7,3100029,66,8,7,15,25,299.0,6645.0384159197865,0.3188525000005029
0,default,14,0,11,11,True,0,11,0,0,0,0,0,22.0,583.1004671148723,364,1820.0,4198.105138263596,True,0,33.0,0,4,0.11962150000908878,0,0,0,0,36,5,3100030,28,6,6,11,25,341.0,6414.105138263596,0.13645000000542495
0,noclosure,14,0,11,11,True,0,11,0,0,0,0,0,22.0,583.1004671148723,364,1820.0,4198.105138263596,True,0,33.0,0,4,0.11797589999332558,0,0,0,0,36,5,3100030,28,6,6,11,25,341.0,6414.105138263596,0.13489370000024792
0,step,0,0,12,11,True,0,11,0,0,1,0,0,22.0,563.4908082722034,347,1735.0,4082.398890994236,True,0,36.0,0,4,0.1175169000052847,0,0,8,4,40,4,3100030,25,8,7,11,25,323.0,6198.398890994237,0.13512040000932757
0,default,41,0,23,11,True,0,11,0,0,12,1,0,22.0,593.226989731153,354,1770.0,4335.496887042682,True,0,69.0,0,4,0.26351609999255743,0,0,0,0,36,4,3100031,11,6,6,11,25,329.0,6525.496887042684,0.280311199996504
0,noclosure,41,0,23,11,True,0,11,0,0,12,1,0,22.0,593.226989731153,354,1770.0,4335.496887042682,True,0,69.0,0,4,0.2645673000079114,0,0,0,0,36,4,3100031,11,6,6,11,25,329.0,6525.496887042684,0.28068440000060946
0,step,14,0,23,11,True,0,11,0,0,12,1,0,22.0,591.6201857371876,352,1760.0,4327.822043109062,True,0,69.0,0,4,0.24154139999882318,0,1,7,4,39,2,3100031,11,8,8,11,25,329.0,6507.822043109064,0.25863850000314415
0,default,43,0,16,10,True,0,10,0,0,6,1,0,20.0,674.2383637523811,370,1850.0,4481.3836375238125,True,0,48.0,0,4,0.2688453999871854,0,0,0,0,35,6,3100032,26,4,3,10,25,343.0,6742.383637523812,0.2857330999977421
0,noclosure,43,0,16,10,True,0,10,0,0,6,1,0,20.0,674.2383637523811,370,1850.0,4481.3836375238125,True,0,48.0,0,4,0.2729257000028156,0,0,0,0,35,6,3100032,26,4,3,10,25,343.0,6742.383637523812,0.2895552999980282
0,step,29,0,16,10,True,0,10,0,0,6,1,0,20.0,673.3035493347396,369,1845.0,4477.035493347396,True,0,48.0,0,4,0.26245330000529066,0,1,12,6,41,5,3100032,26,5,4,10,25,343.0,6733.035493347396,0.28083659999538213
0,default,69,0,15,13,True,0,13,0,0,2,0,0,26.0,495.417447692975,290,1450.0,4658.426820008674,True,0,45.0,1,4,0.2077455000107875,0,0,0,0,38,10,3100033,70,5,3,13,25,261.0,6440.426820008674,0.2245173999981489
0,noclosure,69,0,15,13,True,0,13,0,0,2,0,0,26.0,495.417447692975,290,1450.0,4658.426820008674,True,0,45.0,1,4,0.20424659999844152,0,0,0,0,38,10,3100033,70,5,3,13,25,261.0,6440.426820008674,0.22183209999639075
0,step,0,0,30,13,True,0,13,0,0,17,1,0,26.0,484.1297379289594,296,1480.0,4424.686593076473,True,0,90.0,0,4,0.27871059998869896,0,1,11,6,44,4,3100033,59,9,8,13,25,273.0,6293.6865930764725,0.2951481999916723
0,default,28,0,16,15,True,0,15,0,0,1,0,0,30.0,396.6421887736565,231,1155.0,4511.6328316048475,True,0,48.0,0,4,0.1594941000075778,0,0,0,0,40,7,3100034,48,9,8,15,25,205.0,5949.6328316048475,0.1762064999929862
0,noclosure,28,0,16,15,True,0,15,0,0,1,0,0,30.0,396.6421887736565,231,1155.0,4511.6328316048475,True,0,48.0,0,4,0.15924079999967944,0,0,0,0,40,7,3100034,48,9,8,15,25,205.0,5949.6328316048475,0.17648750000807922
0,step,14,0,16,15,True,0,15,0,0,1,0,0,30.0,396.0174483562325,230,1150.0,4507.2617253434855,True,0,48.0,0,4,0.15529520000563934,0,0,12,6,46,6,3100034,48,10,9,15,25,205.0,5940.261725343487,0.17216309999639634
0,default,95,0,18,11,True,0,11,0,0,7,1,0,22.0,592.5229568585538,313,1565.0,4593.752525444095,True,0,54.0,1,4,0.3286926000000676,0,0,0,0,36,8,3100035,52,3,2,11,25,283.0,6517.7525254440925,0.34499630000209436
0,noclosure,95,0,18,11,True,0,11,0,0,7,1,0,22.0,592.5229568585538,313,1565.0,4593.752525444095,True,0,54.0,1,4,0.32292219999362715,0,0,0,0,36,8,3100035,52,3,2,11,25,283.0,6517.7525254440925,0.33932989998720586
0,step,0,0,12,11,True,0,11,0,0,1,0,0,22.0,557.0577930581422,319,1595.0,4175.635723639562,True,0,36.0,0,4,0.12043219999759458,0,0,9,4,40,5,3100035,43,7,6,11,25,299.0,6127.635723639564,0.13766139998915605
0,default,42,0,61,15,True,0,15,0,0,46,2,0,30.0,445.3731589687323,290,1450.0,4753.597384530982,True,0,183.0,0,4,0.4514350999961607,0,0,0,0,40,6,3100036,35,7,7,15,25,264.0,6680.5973845309845,0.46817989999544807
0,noclosure,42,0,61,15,True,0,15,0,0,46,2,0,30.0,445.3731589687323,290,1450.0,4753.597384530982,True,0,183.0,0,4,0.45514409999304917,0,0,0,0,40,6,3100036,35,7,7,15,25,264.0,6680.5973845309845,0.4714058999961708
0,step,28,0,61,15,True,0,15,0,0,46,2,0,30.0,446.2629771515637,291,1455.0,4760.944657273454,True,0,183.0,0,4,0.4541996000043582,0,2,15,8,47,5,3100036,35,8,8,15,25,265.0,6693.944657273455,0.4703333999932511
0,default,0,0,11,10,True,0,10,0,0,1,0,0,20.0,648.0967442963713,363,1815.0,4272.9674429637125,True,0,33.0,0,4,0.09555250000266824,0,0,0,0,35,3,3100037,52,8,7,10,25,340.0,6480.967442963713,0.11208839999744669
0,noclosure,0,0,11,10,True,0,10,0,0,1,0,0,20.0,648.0967442963713,363,1815.0,4272.9674429637125,True,0,33.0,0,4,0.09805580000102054,0,0,0,0,35,3,3100037,52,8,7,10,25,340.0,6480.967442963713,0.11473960000148509
0,step,14,0,10,10,True,0,10,0,0,0,0,0,20.0,643.4408935692933,350,1750.0,4308.408935692932,True,0,30.0,0,4,0.13105139999242965,0,0,12,7,42,5,3100037,21,5,5,10,25,326.0,6434.408935692933,0.14838140000938438
0,default,100,0,27,15,True,0,15,0,0,12,1,0,30.0,420.76122162198124,269,1345.0,4614.41832432972,True,0,81.0,0,4,0.3966167000035057,0,0,0,0,40,10,3100038,63,5,4,15,25,241.0,6311.418324329718,0.41381049998744857
0,noclosure,100,0,27,15,True,0,15,0,0,12,1,0,30.0,420.76122162198124,269,1345.0,4614.41832432972,True,0,81.0,0,4,0.39184920000843704,0,0,0,0,40,10,3100038,63,5,4,15,25,241.0,6311.418324329718,0.40887860000657383
0,step,78,0,27,15,True,0,15,0,0,12,1,0,30.0,420.90109604185517,272,1360.0,4596.516440627827,True,0,81.0,0,4,0.37789889999839943,0,1,21,12,52,8,3100038,63,7,6,15,25,246.0,6313.516440627827,0.39408659999025986
0,default,0,0,11,11,True,0,11,0,0,0,0,0,22.0,565.2323483342517,315,1575.0,4297.555831676768,True,0,33.0,0,4,0.10824610000418033,0,0,0,0,36,6,3100039,51,5,5,11,25,290.0,6217.555831676768,0.12508969999908004
0,noclosure,0,0,11,11,True,0,11,0,0,0,0,0,22.0,565.2323483342517,315,1575.0,4297.555831676768,True,0,33.0,0,4,0.10883240000111982,0,0,0,0,36,6,3100039,51,5,5,11,25,290.0,6217.555831676768,0.12531669999589212
0,step,0,0,11,11,True,0,11,0,0,0,0,0,22.0,552.7187488944678,316,1580.0,4151.906237839145,True,0,33.0,0,4,0.13067710000905208,0,0,12,6,41,6,3100039,51,5,5,11,25,293.0,6079.906237839145,0.14749390000361018
0,default,8,0,14,12,True,0,12,0,0,2,0,0,24.0,503.05316514067596,291,1455.0,4245.637981688111,True,0,42.0,1,4,0.13279529999999795,0,0,0,0,37,8,3100040,59,6,4,12,25,270.0,6036.637981688112,0.14963269999134354
0,noclosure,8,0,14,12,True,0,12,0,0,2,0,0,24.0,503.05316514067596,291,1455.0,4245.637981688111,True,0,42.0,1,4,0.13757880000048317,0,0,0,0,37,8,3100040,59,6,4,12,25,270.0,6036.637981688112,0.15359970000281464
0,step,5,0,15,12,True,0,12,0,0,3,0,0,24.0,503.99917906125484,292,1460.0,4248.990148735057,True,0,45.0,1,4,0.13744089999818243,0,0,14,6,43,8,3100040,59,7,4,12,25,270.0,6047.990148735058,0.15397029998712242
0,default,111,0,30,14,True,0,14,0,0,16,2,0,28.0,461.55440891388156,289,1445.0,4642.761724794342,True,0,90.0,0,4,0.5104458999994677,0,0,0,0,39,8,3100041,12,5,4,14,25,256.0,6461.761724794342,0.5270661999966251
0,noclosure,111,0,30,14,True,0,14,0,0,16,2,0,28.0,461.55440891388156,289,1445.0,4642.761724794342,True,0,90.0,0,4,0.50437840000086,0,0,0,0,39,8,3100041,12,5,4,14,25,256.0,6461.761724794342,0.5210306000080891
0,step,83,0,30,14,True,0,14,0,0,16,2,0,28.0,460.35877009688494,287,1435.0,4636.022781356389,True,0,90.0,0,4,0.4956784000096377,0,2,18,10,49,6,3100041,12,7,6,14,25,256.0,6445.022781356389,0.5119354999915231
0,default,65,0,10,10,True,0,10,0,0,0,0,0,20.0,621.9752705090108,331,1655.0,4210.752705090107,True,0,30.0,0,4,0.16679400000430178,0,0,0,0,35,7,3100042,46,3,3,10,25,304.0,6219.752705090108,0.18356910000147764
0,noclosure,65,0,10,10,True,0,10,0,0,0,0,0,20.0,621.9752705090108,331,1655.0,4210.752705090107,True,0,30.0,0,4,0.16095010000572074,0,0,0,0,35,7,3100042,46,3,3,10,25,304.0,6219.752705090108,0.1771876999991946
0,step,17,0,10,10,True,0,10,0,0,0,0,0,20.0,651.0679692375892,335,1675.0,4474.679692375893,True,0,30.0,0,4,0.12112289998913184,0,0,11,6,41,5,3100042,42,5,5,10,25,311.0,6510.679692375892,0.13723899998876732
0,default,54,0,13,12,True,0,12,0,0,1,0,0,24.0,535.3783867631096,326,1630.0,4431.540641157316,True,0,39.0,0,4,0.16125269999611191,0,0,0,0,37,8,3100043,36,5,4,12,25,300.0,6424.540641157315,0.17720910000207368
0,noclosure,54,0,13,12,True,0,12,0,0,1,0,0,24.0,535.3783867631096,326,1630.0,4431.540641157316,True,0,39.0,0,4,0.16142760000366252,0,0,0,0,37,8,3100043,36,5,4,12,25,300.0,6424.540641157315,0.17785249999724329
0,step,14,0,13,12,True,0,12,0,0,1,0,0,24.0,530.8334282819793,324,1620.0,4387.001139383752,True,0,39.0,0,4,0.13652120000915602,0,0,16,9,46,7,3100043,36,6,5,12,25,300.0,6370.001139383751,0.1530988000013167
0,default,54,0,11,10,True,0,10,0,0,1,0,0,20.0,626.4950737943946,354,1770.0,4111.950737943946,True,0,33.0,0,4,0.15829239999584388,0,0,0,0,35,6,3100044,59,5,4,10,25,330.0,6264.950737943946,0.1749956999992719
0,noclosure,54,0,11,10,True,0,10,0,0,1,0,0,20.0,626.4950737943946,354,1770.0,4111.950737943946,True,0,33.0,0,4,0.16030220000538975,0,0,0,0,35,6,3100044,59,5,4,10,25,330.0,6264.950737943946,0.17719499999657273
0,step,50,0,12,10,True,0,10,0,0,2,0,0,20.0,627.3839544809341,355,1775.0,4110.839544809342,True,0,36.0,0,4,0.15790330000163522,0,0,13,7,42,6,3100044,59,6,4,10,25,332.0,6273.8395448093415,0.17470269999466836
0,default,53,0,40,16,True,4,16,1,0,24,2,0,32.0,384.37947732865393,228,1140.0,4658.071637258456,True,0,120.0,0,4,0.3505503999913344,0,0,0,0,37,8,3100045,60,8,6,16,21,200.0,6150.071637258463,0.36786149999534246
0,noclosure,53,0,40,16,True,0,16,0,0,24,2,0,32.0,405.56703352876684,240,1200.0,4927.072536460262,True,0,120.0,0,4,0.35334689999581315,0,0,0,0,40,8,3100045,65,8,6,16,24,210.0,6489.0725364602695,0.36996140000701416
0,step,39,0,31,16,True,0,16,1,0,15,1,0,32.0,393.68125622493943,264,1320.0,4611.90009959903,True,0,93.0,0,4,0.3748695999966003,0,1,20,11,50,8,3100045,62,8,7,16,25,242.0,6298.900099599031,0.3917129000037676
0,default,27,0,12,11,True,0,11,0,0,1,0,0,22.0,583.0931095959951,345,1725.0,4310.024205555947,True,0,36.0,0,4,0.13559150000219233,0,0,0,0,36,5,3100046,31,7,6,11,25,321.0,6414.0242055559465,0.15189370000734925
0,noclosure,27,0,12,11,True,0,11,0,0,1,0,0,22.0,583.0931095959951,345,1725.0,4310.024205555947,True,0,36.0,0,4,0.13828709999506827,0,0,0,0,36,5,3100046,31,7,6,11,25,321.0,6414.0242055559465,0.15455950000614394
0,step,27,0,12,11,True,0,11,0,0,1,0,0,22.0,583.0931095959951,345,1725.0,4310.024205555947,True,0,36.0,0,4,0.14457920000131708,0,0,10,5,41,5,3100046,31,7,6,11,25,321.0,6414.0242055559465,0.1622633999941172
0,default,65,0,17,15,True,0,15,0,0,2,0,0,30.0,425.22816402337753,293,1465.0,4568.422460350664,True,0,51.0,0,4,0.20010229999024887,0,0,0,0,40,9,3100047,75,8,6,15,25,264.0,6378.422460350663,0.21728799999982584
0,noclosure,65,0,17,15,True,0,15,0,0,2,0,0,30.0,425.22816402337753,293,1465.0,4568.422460350664,True,0,51.0,0,4,0.20758370000112336,0,0,0,0,40,9,3100047,75,8,6,15,25,264.0,6378.422460350663,0.2243659999949159
0,step,27,0,17,15,True,0,15,0,0,2,0,0,30.0,417.92698654032944,301,1505.0,4407.904798104943,True,0,51.0,0,4,0.19973019999451935,0,0,18,10,48,8,3100047,87,9,7,15,25,275.0,6268.904798104942,0.21729769998637494
0,default,119,0,13,12,True,0,12,0,0,1,0,0,24.0,508.67789963579565,323,1615.0,4126.134795629547,True,0,39.0,0,4,0.23788450000574812,0,0,0,0,37,11,3100048,20,2,1,12,25,300.0,6104.134795629548,0.2550429999973858
0,noclosure,119,0,13,12,True,0,12,0,0,1,0,0,24.0,508.67789963579565,323,1615.0,4126.134795629547,True,0,39.0,0,4,0.23736389999976382,0,0,0,0,37,11,3100048,20,2,1,12,25,300.0,6104.134795629548,0.25412100000539795
0,step,100,0,13,12,True,0,12,0,0,1,0,0,24.0,506.696544361657,325,1625.0,4090.3585323398843,True,0,39.0,0,4,0.23312640000949614,0,0,24,13,50,11,3100048,20,2,1,12,25,302.0,6080.358532339884,0.24969110000529326
0,default,34,0,15,14,True,0,14,0,0,1,0,0,28.0,452.2523483789728,284,1420.0,4579.532877305618,True,0,45.0,1,4,0.1812095000059344,0,0,0,0,39,7,3100049,50,8,7,14,25,259.0,6331.532877305619,0.19758399999409448
0,noclosure,34,0,15,14,True,0,14,0,0,1,0,0,28.0,452.2523483789728,284,1420.0,4579.532877305618,True,0,45.0,1,4,0.17971599999873433,0,0,0,0,39,7,3100049,50,8,7,14,25,259.0,6331.532877305619,0.1963324999960605
0,step,12,0,15,14,True,0,14,0,0,1,0,0,28.0,444.14349521958667,284,1420.0,4464.008933074212,True,0,45.0,0,4,0.15462689999549184,0,0,12,6,45,6,3100049,52,9,8,14,25,261.0,6218.008933074213,0.17135799999232404
0,default,27,0,11,10,True,0,10,0,0,1,0,0,20.0,647.6409593483589,362,1810.0,4277.409593483589,True,0,33.0,0,4,0.12289600000076462,0,0,0,0,35,5,3100050,32,6,5,10,25,336.0,6476.40959348359,0.1395951000013156
0,noclosure,27,0,11,10,True,0,10,0,0,1,0,0,20.0,647.6409593483589,362,1810.0,4277.409593483589,True,0,33.0,0,4,0.12127930000133347,0,0,0,0,35,5,3100050,32,6,5,10,25,336.0,6476.40959348359,0.14004600000043865
0,step,14,0,10,10,True,0,10,0,0,0,0,0,20.0,628.546872479502,350,1750.0,4159.468724795019,True,0,30.0,0,4,0.13092900000629015,0,0,12,8,43,4,3100050,38,6,6,10,25,326.0,6285.46872479502,0.14719180000247434
0,default,71,0,13,13,True,0,13,0,0,0,0,0,26.0,484.17493908294887,262,1310.0,4687.274208078335,True,0,39.0,1,4,0.21748639999714214,0,0,0,0,38,9,3100051,28,4,4,13,25,232.0,6294.2742080783355,0.2347379999991972
0,noclosure,71,0,13,13,True,0,13,0,0,0,0,0,26.0,484.17493908294887,262,1310.0,4687.274208078335,True,0,39.0,1,4,0.20803380000870675,0,0,0,0,38,9,3100051,28,4,4,13,25,232.0,6294.2742080783355,0.2250144999998156
0,step,28,0,14,13,True,0,13,0,0,1,0,0,26.0,452.3285981567747,256,1280.0,4300.271776038069,True,0,42.0,0,4,0.17245179999736138,0,0,16,10,48,6,3100051,28,8,7,13,25,232.0,5880.271776038071,0.1893839999975171
0,default,91,0,24,16,True,10,16,1,0,8,1,0,32.0,313.7379021822608,195,975.0,3765.8064349161723,True,0,72.0,0,4,0.3883442000078503,0,0,0,0,31,11,3100052,52,6,4,16,15,175.0,5019.806434916173,0.4056418000109261
0,noclosure,78,0,24,16,True,0,16,0,0,8,1,0,32.0,355.8853042799201,229,1145.0,4238.16486847872,True,0,72.0,0,4,0.3918587999942247,0,0,0,0,38,10,3100052,80,7,5,16,22,207.0,5694.1648684787215,0.4100880000041798
0,step,25,0,20,16,True,6,16,1,0,4,0,0,32.0,320.7988531475717,213,1065.0,3778.7816503611475,True,0,60.0,0,4,0.1999262000026647,0,0,21,12,42,9,3100052,71,11,7,16,19,197.0,5132.7816503611475,0.2162967999902321
0,default,80,0,17,16,True,6,16,1,0,1,0,0,32.0,325.5703754762962,215,1075.0,3860.1260076207386,True,0,51.0,2,4,0.2564069000072777,0,0,0,0,35,14,3100053,52,3,2,16,19,191.0,5209.126007620739,0.27310629999556113
0,noclosure,64,0,17,16,True,0,16,0,0,1,0,0,32.0,329.94700178540717,219,1095.0,3905.152028566514,True,0,51.0,2,4,0.24068060000718106,0,0,0,0,36,14,3100053,52,3,2,16,20,196.0,5279.152028566515,0.25744509999640286
0,step,41,0,18,16,True,6,16,1,0,2,0,0,32.0,330.61589022817833,214,1070.0,3941.8542436508533,True,0,54.0,0,4,0.2186346000089543,0,0,29,18,41,11,3100053,52,7,5,16,19,192.0,5289.854243650853,0.23482690000673756
0,default,109,0,23,15,True,0,15,0,0,8,1,0,30.0,488.2248377764997,313,1565.0,5379.372566647493,True,0,69.0,2,4,0.3938388000096893,0,0,0,0,40,11,3100054,31,3,3,15,25,280.0,7323.372566647496,0.410196899989387
0,noclosure,109,0,23,15,True,0,15,0,0,8,1,0,30.0,488.2248377764997,313,1565.0,5379.372566647493,True,0,69.0,2,4,0.39208859999780543,0,0,0,0,40,11,3100054,31,3,3,15,25,280.0,7323.372566647496,0.40929990001313854
0,step,41,0,23,15,True,0,15,0,0,8,1,0,30.0,468.37991029627085,311,1555.0,5090.69865444406,True,0,69.0,0,4,0.32050479999452364,0,1,24,15,55,8,3100054,34,6,6,15,25,281.0,7025.698654444062,0.3369498000101885
0,default,55,0,14,13,True,0,13,0,0,1,0,0,26.0,484.30199171091795,278,1390.0,4580.925892241933,True,0,42.0,0,4,0.1878607000107877,0,0,0,0,38,9,3100055,57,5,4,13,25,257.0,6295.925892241933,0.20378339999297168
0,noclosure,55,0,14,13,True,0,13,0,0,1,0,0,26.0,484.30199171091795,278,1390.0,4580.925892241933,True,0,42.0,0,4,0.18745029999990948,0,0,0,0,38,9,3100055,57,5,4,13,25,257.0,6295.925892241933,0.2033649999939371
0,step,42,0,13,13,True,0,13,0,0,0,0,0,26.0,474.21030755580824,282,1410.0,4426.733998225509,True,0,39.0,0,4,0.18867750000208616,0,0,16,10,48,6,3100055,53,7,7,13,25,263.0,6164.733998225507,0.20470879999629688
0,default,113,0,16,15,True,0,15,0,0,1,0,0,30.0,420.65748243836174,266,1330.0,4662.862236575426,True,0,48.0,1,4,0.2605462999927113,0,0,0,0,40,11,3100056,64,5,4,15,25,239.0,6309.862236575426,0.2771214000094915
0,noclosure,113,0,16,15,True,0,15,0,0,1,0,0,30.0,420.65748243836174,266,1330.0,4662.862236575426,True,0,48.0,1,4,0.2563709999958519,0,0,0,0,40,11,3100056,64,5,4,15,25,239.0,6309.862236575426,0.27314180000394117
0,step,51,0,16,15,True,0,15,0,0,1,0,0,30.0,404.027223138686,262,1310.0,4432.40834708029,True,0,48.0,0,4,0.2029402000043774,0,0,21,13,53,8,3100056,67,8,7,15,25,240.0,6060.40834708029,0.21980279999843333
0,default,53,0,20,16,True,5,16,1,0,4,1,0,32.0,353.6168041463106,227,1135.0,4223.86886634097,True,0,60.0,0,4,0.3345255000022007,0,0,0,0,36,7,3100057,57,10,8,16,20,207.0,5657.868866340969,0.3515660000120988
0,noclosure,53,0,20,16,True,0,16,0,0,4,1,0,32.0,371.8695882548599,243,1215.0,4421.91341207776,True,0,60.0,0,4,0.3389465999935055,0,0,0,0,40,7,3100057,63,10,8,16,24,221.0,5949.913412077758,0.35530570000992157
0,step,39,0,20,16,True,5,16,1,0,4,1,0,32.0,352.49397262560313,225,1125.0,4215.90356200965,True,0,60.0,0,4,0.33155899999837857,0,1,17,10,40,6,3100057,57,11,9,16,20,207.0,5639.90356200965,0.3489234000007855
0,default,32,0,22,12,True,0,12,0,0,10,1,0,24.0,555.0972323557438,315,1575.0,4704.166788268926,True,0,66.0,1,4,0.27577169999131,0,0,0,0,37,9,3100058,22,4,2,12,25,292.0,6661.166788268926,0.2924463000090327
0,noclosure,32,0,22,12,True,0,12,0,0,10,1,0,24.0,555.0972323557438,315,1575.0,4704.166788268926,True,0,66.0,1,4,0.27399299999524374,0,0,0,0,37,9,3100058,22,4,2,12,25,292.0,6661.166788268926,0.2904387000016868
0,step,12,0,13,12,True,0,12,0,0,1,0,0,24.0,518.1210995542069,326,1630.0,4220.453194650482,True,0,39.0,0,4,0.14671800000360236,0,0,9,6,43,3,3100058,62,10,9,12,25,304.0,6217.453194650483,0.16353289999824483
0,default,42,0,12,12,True,0,12,0,0,0,0,0,24.0,525.0598405914513,299,1495.0,4474.718087097416,True,0,36.0,2,4,0.16455310001038015,0,0,0,0,37,7,3100059,54,5,5,12,25,271.0,6300.718087097416,0.18075660000613425
0,noclosure,42,0,12,12,True,0,12,0,0,0,0,0,24.0,525.0598405914513,299,1495.0,4474.718087097416,True,0,36.0,2,4,0.15718110000307206,0,0,0,0,37,7,3100059,54,5,5,12,25,271.0,6300.718087097416,0.17424820001178887
0,step,38,0,12,12,True,0,12,0,0,0,0,0,24.0,507.9933012462602,301,1505.0,4253.9196149551235,True,0,36.0,0,4,0.16258469999593217,0,0,19,12,49,7,3100059,57,5,5,12,25,277.0,6095.919614955123,0.17921630000637379
0,default,28,0,18,11,True,0,11,0,0,7,1,0,22.0,607.6046111916289,384,1920.0,4330.650723107919,True,0,54.0,0,4,0.2803713000030257,0,0,0,0,36,4,3100060,34,7,6,11,25,357.0,6683.650723107918,0.29723419999936596
0,noclosure,28,0,18,11,True,0,11,0,0,7,1,0,22.0,607.6046111916289,384,1920.0,4330.650723107919,True,0,54.0,0,4,0.2845642000029329,0,0,0,0,36,4,3100060,34,7,6,11,25,357.0,6683.650723107918,0.30065010000544135
0,step,14,0,18,11,True,0,11,0,0,7,1,0,22.0,599.9787254129501,384,1920.0,4242.765979542452,True,0,54.0,0,4,0.278152200000477,0,1,10,6,42,3,3100060,29,8,7,11,25,361.0,6599.7659795424515,0.2950561000034213
0,default,57,0,15,13,True,0,13,0,0,2,0,0,26.0,482.8331244342977,332,1660.0,4236.830617645868,True,0,45.0,1,4,0.18076960000325926,0,0,0,0,38,7,3100061,61,8,6,13,25,309.0,6276.83061764587,0.1987619999999879
0,noclosure,57,0,15,13,True,0,13,0,0,2,0,0,26.0,482.8331244342977,332,1660.0,4236.830617645868,True,0,45.0,1,4,0.1808463000052143,0,0,0,0,38,7,3100061,61,8,6,13,25,309.0,6276.83061764587,0.19754679998732172
0,step,32,0,15,13,True,0,13,0,0,2,0,0,26.0,479.2109635430746,332,1660.0,4187.74252605997,True,0,45.0,1,4,0.16803000000072643,0,0,14,7,45,7,3100061,61,8,6,13,25,311.0,6229.74252605997,0.18476810000720434
0,default,72,0,20,15,True,0,15,0,0,5,1,0,30.0,455.0739340847398,294,1470.0,5001.109011271099,True,0,60.0,2,4,0.3583370999986073,0,0,0,0,40,10,3100062,44,4,4,15,25,265.0,6826.109011271097,0.37469680000504013
0,noclosure,72,0,20,15,True,0,15,0,0,5,1,0,30.0,455.0739340847398,294,1470.0,5001.109011271099,True,0,60.0,2,4,0.3585211000026902,0,0,0,0,40,10,3100062,44,4,4,15,25,265.0,6826.109011271097,0.3755323999939719
0,step,24,0,21,15,True,0,15,0,0,6,1,0,30.0,431.1235832368078,288,1440.0,4667.853748552118,True,0,63.0,0,4,0.29789960000198334,0,1,17,9,49,7,3100062,38,8,7,15,25,266.0,6466.853748552117,0.3153189000004204
0,default,78,0,23,12,True,0,12,0,0,11,1,0,24.0,546.319789088925,318,1590.0,4581.837469067102,True,0,69.0,1,4,0.3434992000111379,0,0,0,0,37,7,3100063,33,6,4,12,25,291.0,6555.8374690671,0.36001889999897685
0,noclosure,78,0,23,12,True,0,12,0,0,11,1,0,24.0,546.319789088925,318,1590.0,4581.837469067102,True,0,69.0,1,4,0.3378833000024315,0,0,0,0,37,7,3100063,33,6,4,12,25,291.0,6555.8374690671,0.3543070000014268
0,step,63,0,23,12,True,0,12,0,0,11,1,0,24.0,539.7514585736297,318,1590.0,4501.017502883559,True,0,69.0,0,4,0.3293342999968445,0,1,18,11,48,6,3100063,51,7,5,12,25,293.0,6477.017502883557,0.34602369999629445
0,default,84,0,22,13,True,0,13,0,0,9,1,0,26.0,502.260577018654,323,1615.0,4524.387501242503,True,0,66.0,0,4,0.351871899998514,0,0,0,0,38,8,3100064,51,4,4,13,25,298.0,6529.3875012425015,0.36810659999900963
0,noclosure,84,0,22,13,True,0,13,0,0,9,1,0,26.0,502.260577018654,323,1615.0,4524.387501242503,True,0,66.0,0,4,0.3529737000062596,0,0,0,0,38,8,3100064,51,4,4,13,25,298.0,6529.3875012425015,0.370036499996786
0,step,43,0,25,13,True,0,13,0,0,12,2,0,26.0,500.2327947387724,313,1565.0,4545.026331604038,True,0,75.0,0,4,0.3900831999926595,0,2,16,7,45,7,3100064,59,4,4,13,25,292.0,6503.026331604041,0.40743200000724755
0,default,28,0,15,15,True,0,15,0,0,0,0,0,30.0,398.6870320657415,265,1325.0,4340.305480986122,True,0,45.0,0,4,0.17289030000392813,0,0,0,0,40,5,3100065,80,10,10,15,25,240.0,5980.305480986122,0.18938779999734834
0,noclosure,28,0,15,15,True,0,15,0,0,0,0,0,30.0,398.6870320657415,265,1325.0,4340.305480986122,True,0,45.0,0,4,0.169652299999143,0,0,0,0,40,5,3100065,80,10,10,15,25,240.0,5980.305480986122,0.18645410001045093
0,step,14,0,16,15,True,0,15,0,0,1,0,0,30.0,398.63247400467657,265,1325.0,4336.487110070148,True,0,48.0,0,4,0.1670237999933306,0,0,10,5,45,5,3100065,80,11,10,15,25,240.0,5979.487110070148,0.18347640000865795
0,default,72,0,11,10,True,0,10,0,0,1,0,0,20.0,652.8783392569799,373,1865.0,4261.783392569799,True,0,33.0,1,4,0.17956380000396166,0,0,0,0,35,6,3100066,13,5,4,10,25,349.0,6528.783392569799,0.19576149999920744
0,noclosure,72,0,11,10,True,0,10,0,0,1,0,0,20.0,652.8783392569799,373,1865.0,4261.783392569799,True,0,33.0,1,4,0.17403829999966547,0,0,0,0,35,6,3100066,13,5,4,10,25,349.0,6528.783392569799,0.19075429999793414
0,step,46,0,11,10,True,0,10,0,0,1,0,0,20.0,655.455582569687,373,1865.0,4285.55582569687,True,0,33.0,1,4,0.16787159998784773,0,0,14,8,43,6,3100066,13,5,4,10,25,351.0,6554.55582569687,0.1848343999881763
0,default,71,0,13,13,True,0,13,0,0,0,0,0,26.0,472.8376239209384,313,1565.0,4233.889110972199,True,0,39.0,1,4,0.21827270000358112,0,0,0,0,38,7,3100067,50,6,6,13,25,283.0,6146.8891109722,0.23518049999256618
0,noclosure,71,0,13,13,True,0,13,0,0,0,0,0,26.0,472.8376239209384,313,1565.0,4233.889110972199,True,0,39.0,1,4,0.21744520000356715,0,0,0,0,38,7,3100067,50,6,6,13,25,283.0,6146.8891109722,0.2342547000007471
0,step,41,0,14,13,True,0,13,0,0,1,0,0,26.0,457.3176914467852,284,1420.0,4201.129988808206,True,0,42.0,0,4,0.19705240000621416,0,0,14,10,48,4,3100067,97,10,9,13,25,256.0,5945.129988808208,0.21402719999605324
0,default,78,0,26,14,True,0,14,0,0,12,1,0,28.0,463.39311163387947,264,1320.0,4825.503562874312,True,0,78.0,0,4,0.3615828000038164,0,0,0,0,39,8,3100068,82,6,5,14,25,236.0,6487.503562874313,0.3780349999869941
0,noclosure,78,0,26,14,True,0,14,0,0,12,1,0,28.0,463.39311163387947,264,1320.0,4825.503562874312,True,0,78.0,0,4,0.35345690000394825,0,0,0,0,39,8,3100068,82,6,5,14,25,236.0,6487.503562874313,0.37109899999632034
0,step,14,0,26,14,True,0,14,0,0,12,1,0,28.0,458.6747344730453,262,1310.0,4767.446282622634,True,0,78.0,0,4,0.31340549999731593,0,1,18,10,47,7,3100068,83,7,6,14,25,238.0,6421.4462826226345,0.3296563000039896
0,default,47,0,14,14,True,0,14,0,0,0,0,0,28.0,422.9911825787437,257,1285.0,4334.876556102412,True,0,42.0,1,4,0.1756634000048507,0,0,0,0,39,6,3100069,51,8,8,14,25,232.0,5921.876556102412,0.19271049999224488
0,noclosure,47,0,14,14,True,0,14,0,0,0,0,0,28.0,422.9911825787437,257,1285.0,4334.876556102412,True,0,42.0,1,4,0.17399009999644477,0,0,0,0,39,6,3100069,51,8,8,14,25,232.0,5921.876556102412,0.18992570000409614
0,step,34,0,14,14,True,0,14,0,0,0,0,0,28.0,418.8650970503351,259,1295.0,4262.11135870469,True,0,42.0,0,4,0.15214819999528117,0,0,12,7,46,5,3100069,61,9,9,14,25,237.0,5864.111358704692,0.16868740000063553
0,default,103,0,16,16,True,8,16,1,0,0,0,0,32.0,332.7460305545274,219,1095.0,3952.9364888724385,True,0,48.0,3,4,0.28537450000294484,0,0,0,0,33,11,3100070,38,5,5,16,17,196.0,5323.9364888724385,0.30207819999486674
0,noclosure,50,0,17,16,True,0,16,0,0,1,0,0,32.0,378.8889281427172,243,1215.0,4543.222850283476,True,0,51.0,1,4,0.2185849999950733,0,0,0,0,40,10,3100070,45,7,6,16,24,221.0,6062.222850283475,0.23618140000326093
0,step,60,0,17,16,True,8,16,1,0,1,0,0,32.0,328.45812285684343,214,1070.0,3906.329965709494,True,0,51.0,0,4,0.22364480000396725,0,0,23,15,37,8,3100070,38,9,8,16,17,196.0,5255.329965709495,0.24058769999828655
0,default,13,0,45,10,True,0,10,0,0,35,1,0,20.0,674.7079562261542,329,1645.0,4644.079562261542,True,0,135.0,0,4,0.267974200003664,0,0,0,0,35,6,3100071,36,3,3,10,25,303.0,6747.079562261542,0.28451379999751225
0,noclosure,13,0,45,10,True,0,10,0,0,35,1,0,20.0,674.7079562261542,329,1645.0,4644.079562261542,True,0,135.0,0,4,0.26747929998964537,0,0,0,0,35,6,3100071,36,3,3,10,25,303.0,6747.079562261542,0.28357089999190066
0,step,0,0,10,10,True,0,10,0,0,0,0,0,20.0,639.5333901272022,334,1670.0,4366.333901272024,True,0,30.0,0,4,0.10698900000716094,0,0,12,6,38,6,3100071,43,4,4,10,25,309.0,6395.333901272022,0.12327999999979511
0,default,78,0,14,13,True,0,13,0,0,1,0,0,26.0,512.2160029197311,313,1565.0,4740.808037956505,True,0,42.0,0,4,0.19059999998717103,0,0,0,0,38,7,3100072,34,7,6,13,25,285.0,6658.808037956504,0.20781240001088008
0,noclosure,78,0,14,13,True,0,13,0,0,1,0,0,26.0,512.2160029197311,313,1565.0,4740.808037956505,True,0,42.0,0,4,0.1901960999966832,0,0,0,0,38,7,3100072,34,7,6,13,25,285.0,6658.808037956504,0.20639730000402778
0,step,15,0,13,13,True,0,13,0,0,0,0,0,26.0,468.02278248928036,294,1470.0,4279.296172360645,True,0,39.0,0,4,0.14922629999637138,0,0,10,6,44,4,3100072,51,9,9,13,25,270.0,6084.296172360645,0.16552739999315236
0,default,78,0,27,15,True,0,15,0,0,12,1,0,30.0,456.9644922070716,258,1290.0,5224.467383106069,True,0,81.0,1,4,0.34425710000505205,0,0,0,0,40,8,3100073,48,6,6,15,25,229.0,6854.467383106074,0.360856800005422
0,noclosure,78,0,27,15,True,0,15,0,0,12,1,0,30.0,456.9644922070716,258,1290.0,5224.467383106069,True,0,81.0,1,4,0.3511179000051925,0,0,0,0,40,8,3100073,48,6,6,15,25,229.0,6854.467383106074,0.36778339999727905
0,step,55,0,16,15,True,0,15,0,0,1,0,0,30.0,418.85238173153516,268,1340.0,4620.785725973027,True,0,48.0,0,4,0.20474870000907686,0,0,19,13,53,6,3100073,50,10,9,15,25,244.0,6282.785725973027,0.22113080001145136
0,default,84,0,11,11,True,0,11,0,0,0,0,0,22.0,574.1065551461937,324,1620.0,4344.172106608131,True,0,33.0,1,4,0.1823731000040425,0,0,0,0,36,6,3100074,68,5,5,11,25,296.0,6315.172106608131,0.19957910000812262
0,noclosure,84,0,11,11,True,0,11,0,0,0,0,0,22.0,574.1065551461937,324,1620.0,4344.172106608131,True,0,33.0,1,4,0.18273880000924692,0,0,0,0,36,6,3100074,68,5,5,11,25,296.0,6315.172106608131,0.2001977000036277
0,step,0,0,11,11,True,0,11,0,0,0,0,0,22.0,557.4687477694796,319,1595.0,4185.156225464274,True,0,33.0,0,4,0.11525220000476111,0,0,14,9,45,5,3100074,70,6,6,11,25,297.0,6132.156225464275,0.131987200002186
0,default,110,0,10,10,True,0,10,0,0,0,0,0,20.0,653.9681525693529,361,1805.0,4355.681525693527,True,0,30.0,1,4,0.20915550000790972,0,0,0,0,35,6,3100075,22,4,4,10,25,329.0,6539.68152569353,0.22551230000681244
0,noclosure,110,0,10,10,True,0,10,0,0,0,0,0,20.0,653.9681525693529,361,1805.0,4355.681525693527,True,0,30.0,1,4,0.21532440000737552,0,0,0,0,35,6,3100075,22,4,4,10,25,329.0,6539.68152569353,0.23248619999503717
0,step,26,0,11,10,True,0,10,0,0,1,0,0,20.0,636.8510391245775,328,1640.0,4372.510391245776,True,0,33.0,0,4,0.13262099999701604,0,0,13,8,42,5,3100075,32,6,5,10,25,303.0,6368.510391245775,0.14951610000571236
0,default,65,0,21,16,True,12,16,1,0,5,1,0,32.0,324.67404316902866,176,880.0,4064.784690704461,True,0,63.0,0,4,0.3256199000024935,0,0,0,0,29,11,3100076,34,5,4,16,13,155.0,5194.784690704459,0.34262609999859706
0,noclosure,38,0,21,16,True,0,16,0,0,5,1,0,32.0,376.5072464590133,210,1050.0,4693.1159433442135,True,0,63.0,0,4,0.307317900005728,0,0,0,0,38,10,3100076,56,6,5,16,22,186.0,6024.115943344213,0.3231001000094693
0,step,49,0,21,16,True,12,16,1,0,5,1,0,32.0,323.5244907702528,177,885.0,4037.3918523240463,True,0,63.0,0,4,0.33742910000728443,0,1,27,17,40,9,3100076,35,7,6,16,13,159.0,5176.3918523240445,0.35457180000958033
0,default,42,0,16,13,True,0,13,0,0,3,0,0,26.0,467.9147179694129,284,1420.0,4328.891333602367,True,0,48.0,0,4,0.16630110000551213,0,0,0,0,38,8,3100077,41,8,5,13,25,260.0,6082.891333602368,0.1838212000002386
0,noclosure,42,0,16,13,True,0,13,0,0,3,0,0,26.0,467.9147179694129,284,1420.0,4328.891333602367,True,0,48.0,0,4,0.16668429999845102,0,0,0,0,38,8,3100077,41,8,5,13,25,260.0,6082.891333602368,0.18296670001291204
0,step,87,0,17,13,True,0,13,0,0,4,0,0,26.0,473.7262847306213,293,1465.0,4349.441701498076,True,0,51.0,0,4,0.21718300000065938,0,0,21,12,50,9,3100077,50,8,4,13,25,267.0,6158.441701498076,0.2345175999944331
0,default,40,0,13,12,True,0,12,0,0,1,0,0,24.0,520.7188912890298,319,1595.0,4294.626695468355,True,0,39.0,0,4,0.1628748000075575,0,0,0,0,37,9,3100078,41,4,3,12,25,296.0,6248.626695468357,0.1795953999971971
0,noclosure,40,0,13,12,True,0,12,0,0,1,0,0,24.0,520.7188912890298,319,1595.0,4294.626695468355,True,0,39.0,0,4,0.15746069999295287,0,0,0,0,37,9,3100078,41,4,3,12,25,296.0,6248.626695468357,0.1745645000046352
0,step,0,0,13,12,True,0,12,0,0,1,0,0,24.0,518.6911551306689,317,1585.0,4280.293861568024,True,0,39.0,0,4,0.13224210000771564,0,0,16,8,45,8,3100078,41,5,4,12,25,296.0,6224.293861568027,0.1487427999963984
0,default,52,0,21,13,True,0,13,0,0,8,1,0,26.0,517.0978353409872,319,1595.0,4745.2718594328335,True,0,63.0,0,4,0.3099828999984311,0,0,0,0,38,6,3100079,32,8,6,13,25,293.0,6722.2718594328335,0.32647120000910945
0,noclosure,52,0,21,13,True,0,13,0,0,8,1,0,26.0,517.0978353409872,319,1595.0,4745.2718594328335,True,0,63.0,0,4,0.30646900000283495,0,0,0,0,38,6,3100079,32,8,6,13,25,293.0,6722.2718594328335,0.32321640000736807
0,step,12,0,21,13,True,0,13,0,0,8,1,0,26.0,508.21128066266596,315,1575.0,4649.746648614659,True,0,63.0,0,4,0.2707730999973137,0,1,11,5,43,5,3100079,32,9,7,13,25,293.0,6606.746648614658,0.2869658999989042
0,default,65,0,46,12,True,0,12,0,0,34,1,0,24.0,531.5280009160754,275,1375.0,4594.3360109929035,True,0,138.0,0,4,0.3204480999993393,0,0,0,0,37,6,3100080,62,6,5,12,25,247.0,6378.336010992904,0.33753070000966545
0,noclosure,65,0,46,12,True,0,12,0,0,34,1,0,24.0,531.5280009160754,275,1375.0,4594.3360109929035,True,0,138.0,0,4,0.3199467999947956,0,0,0,0,37,6,3100080,62,6,5,12,25,247.0,6378.336010992904,0.33621199999470264
0,step,65,0,46,12,True,0,12,0,0,34,1,0,24.0,531.5280009160754,275,1375.0,4594.3360109929035,True,0,138.0,0,4,0.3380211999901803,0,1,16,9,46,6,3100080,62,6,5,12,25,247.0,6378.336010992904,0.3544223999924725
0,default,110,0,15,15,True,0,15,0,0,0,0,0,30.0,431.0241102342953,294,1470.0,4652.361653514429,True,0,45.0,0,4,0.23661239999637473,0,0,0,0,40,9,3100081,62,6,6,15,25,268.0,6465.361653514429,0.25362889999814797
0,noclosure,110,0,15,15,True,0,15,0,0,0,0,0,30.0,431.0241102342953,294,1470.0,4652.361653514429,True,0,45.0,0,4,0.23888560000341386,0,0,0,0,40,9,3100081,62,6,6,15,25,268.0,6465.361653514429,0.2559490999992704
0,step,56,0,15,15,True,0,15,0,0,0,0,0,30.0,424.29283958604935,292,1460.0,4560.392593790742,True,0,45.0,0,4,0.20363659999566153,0,0,17,8,47,9,3100081,62,6,6,15,25,269.0,6364.392593790741,0.22043899999698624
0,default,39,0,18,15,True,0,15,0,0,3,0,0,30.0,390.476848434522,249,1245.0,4299.152726517828,True,0,54.0,0,4,0.17351539999071974,0,0,0,0,40,10,3100082,80,8,5,15,25,229.0,5857.15272651783,0.19017739999981131
0,noclosure,39,0,18,15,True,0,15,0,0,3,0,0,30.0,390.476848434522,249,1245.0,4299.152726517828,True,0,54.0,0,4,0.17675129999406636,0,0,0,0,40,10,3100082,80,8,5,15,25,229.0,5857.15272651783,0.1940854999993462
0,step,48,0,18,15,True,0,15,0,0,3,0,0,30.0,393.98080842464407,254,1270.0,4324.712126369657,True,0,54.0,0,4,0.19172459999390412,0,0,20,10,50,10,3100082,80,8,5,15,25,231.0,5909.712126369661,0.2078655999939656
0,default,123,0,10,10,True,0,10,0,0,0,0,0,20.0,695.3716499723635,372,1860.0,4704.716499723635,True,0,30.0,1,4,0.22895110001263674,0,0,0,0,35,7,3100083,20,3,3,10,25,339.0,6953.716499723635,0.2463415999955032
0,noclosure,123,0,10,10,True,0,10,0,0,0,0,0,20.0,695.3716499723635,372,1860.0,4704.716499723635,True,0,30.0,1,4,0.2345463999954518,0,0,0,0,35,7,3100083,20,3,3,10,25,339.0,6953.716499723635,0.2510859000030905
0,step,13,0,10,10,True,0,10,0,0,0,0,0,20.0,642.4129854345654,370,1850.0,4174.129854345654,True,0,30.0,0,4,0.1253331000043545,0,0,8,6,40,2,3100083,52,8,8,10,25,350.0,6424.129854345654,0.1418658000038704
0,default,65,0,23,14,True,0,14,0,0,9,1,0,28.0,450.1765137154527,257,1285.0,4696.471192016339,True,0,69.0,0,4,0.3302070000063395,0,0,0,0,39,9,3100084,47,5,4,14,25,224.0,6302.471192016338,0.34699070001079235
0,noclosure,65,0,23,14,True,0,14,0,0,9,1,0,28.0,450.1765137154527,257,1285.0,4696.471192016339,True,0,69.0,0,4,0.33016839998890646,0,0,0,0,39,9,3100084,47,5,4,14,25,224.0,6302.471192016338,0.3474430000060238
0,step,0,0,22,14,True,0,14,0,0,8,1,0,28.0,443.3158499977918,251,1255.0,4632.421899969088,True,0,66.0,0,4,0.2784813999896869,0,1,15,8,47,6,3100084,44,8,7,14,25,225.0,6206.421899969086,0.2948725000023842
0,default,83,0,19,16,True,8,16,1,0,3,0,0,32.0,332.1405440862827,186,930.0,4133.248705380524,True,0,57.0,2,4,0.23317859999951907,0,0,0,0,33,11,3100085,60,8,5,16,17,162.0,5314.2487053805235,0.2502908999886131
0,noclosure,64,0,19,16,True,0,16,0,0,3,0,0,32.0,353.8503720413005,208,1040.0,4345.605952660809,True,0,57.0,0,4,0.20159330000751652,0,0,0,0,38,9,3100085,73,10,7,16,22,187.0,5661.605952660808,0.2186177000112366
0,step,36,0,18,16,True,13,16,1,0,2,0,0,32.0,255.13382199332167,163,815.0,3029.141151893147,True,0,54.0,0,4,0.16312819998711348,0,0,21,12,31,9,3100085,21,9,7,16,12,152.0,4082.141151893147,0.1794813000014983
0,default,56,0,31,13,True,0,13,0,0,18,1,0,26.0,488.80654722450134,288,1440.0,4535.485113918519,True,0,93.0,0,4,0.30630340000789147,0,0,0,0,38,6,3100086,66,8,6,13,25,260.0,6354.4851139185175,0.32306699999026023
0,noclosure,56,0,31,13,True,0,13,0,0,18,1,0,26.0,488.80654722450134,288,1440.0,4535.485113918519,True,0,93.0,0,4,0.30772340000839904,0,0,0,0,38,6,3100086,66,8,6,13,25,260.0,6354.4851139185175,0.32436880000750534
0,step,24,0,16,13,True,0,13,0,0,3,0,0,26.0,465.21906629441526,297,1485.0,4216.847861827399,True,0,48.0,0,4,0.16383950000454206,0,0,14,8,44,6,3100086,77,10,7,13,25,272.0,6047.847861827398,0.18009239999810234
0,default,53,0,11,11,True,0,11,0,0,0,0,0,22.0,579.2317838401467,338,1690.0,4318.549622241615,True,0,33.0,0,4,0.1615624999976717,0,0,0,0,36,4,3100087,46,7,7,11,25,308.0,6371.549622241614,0.17843109999375883
0,noclosure,53,0,11,11,True,0,11,0,0,0,0,0,22.0,579.2317838401467,338,1690.0,4318.549622241615,True,0,33.0,0,4,0.15998129999206867,0,0,0,0,36,4,3100087,46,7,7,11,25,308.0,6371.549622241614,0.176067200009129
0,step,53,0,11,11,True,0,11,0,0,0,0,0,22.0,579.2317838401467,338,1690.0,4318.549622241615,True,0,33.0,0,4,0.17248239999753423,0,0,12,8,44,4,3100087,46,7,7,11,25,308.0,6371.549622241614,0.18858130001171958
0,default,112,0,17,15,True,0,15,0,0,2,0,0,30.0,431.43305891902895,287,1435.0,4697.495883785436,True,0,51.0,0,4,0.2511617000127444,0,0,0,0,40,10,3100088,32,7,5,15,25,258.0,6471.495883785435,0.267667199994321
0,noclosure,112,0,17,15,True,0,15,0,0,2,0,0,30.0,431.43305891902895,287,1435.0,4697.495883785436,True,0,51.0,0,4,0.24991259998932946,0,0,0,0,40,10,3100088,32,7,5,15,25,258.0,6471.495883785435,0.2661392000009073
0,step,53,0,17,15,True,0,15,0,0,2,0,0,30.0,407.1192823701579,284,1420.0,4346.789235552368,True,0,51.0,0,4,0.200345200006268,0,0,18,10,50,8,3100088,29,9,7,15,25,259.0,6106.789235552369,0.21703320000960957
0,default,14,0,10,10,True,0,10,0,0,0,0,0,20.0,648.8027608273935,334,1670.0,4460.027608273936,True,0,30.0,0,4,0.1147828999964986,0,0,0,0,35,5,3100089,29,5,5,10,25,308.0,6488.027608273936,0.1317315000051167
0,noclosure,14,0,10,10,True,0,10,0,0,0,0,0,20.0,648.8027608273935,334,1670.0,4460.027608273936,True,0,30.0,0,4,0.11802789999637753,0,0,0,0,35,5,3100089,29,5,5,10,25,308.0,6488.027608273936,0.13450559999910183
0,step,2,0,12,10,True,0,10,0,0,2,0,0,20.0,633.0964333355386,344,1720.0,4235.964333355383,True,0,36.0,1,4,0.1175160999991931,0,0,12,7,42,5,3100089,38,7,5,10,25,319.0,6330.964333355386,0.13388879998819903
0,default,99,0,45,16,True,7,16,1,0,29,1,0,32.0,378.22500534323484,249,1245.0,4415.600085491759,True,0,135.0,1,4,0.36158670000440907,0,0,0,0,34,12,3100090,51,4,3,16,18,224.0,6051.600085491757,0.37858330000017304
0,noclosure,93,0,45,16,True,0,16,0,0,29,1,0,32.0,421.2612467612904,272,1360.0,4970.1799481806465,True,0,135.0,0,4,0.3500177999958396,0,0,0,0,40,11,3100090,69,5,4,16,24,243.0,6740.1799481806465,0.3661357999953907
0,step,62,0,115,16,True,4,16,1,0,99,3,0,32.0,466.8385331466032,264,1320.0,5536.416530345657,True,0,345.0,0,4,0.4974693000112893,0,3,25,14,42,8,3100090,43,8,5,16,21,236.0,7469.416530345651,0.5152333000005456
0,default,4,0,13,12,True,0,12,0,0,1,0,0,24.0,491.1870389728378,278,1390.0,4186.2444676740515,True,0,39.0,1,4,0.13683570000284817,0,0,0,0,37,7,3100091,52,6,5,12,25,255.0,5894.244467674053,0.1534591000090586
0,noclosure,4,0,13,12,True,0,12,0,0,1,0,0,24.0,491.1870389728378,278,1390.0,4186.2444676740515,True,0,39.0,1,4,0.13489660000777803,0,0,0,0,37,7,3100091,52,6,5,12,25,255.0,5894.244467674053,0.15155320000485517
0,step,0,0,14,12,True,0,12,0,0,2,0,0,24.0,503.57943219798443,301,1505.0,4190.953186375815,True,0,42.0,0,4,0.13093490000755992,0,0,15,7,44,8,3100091,48,6,4,12,25,281.0,6042.953186375813,0.14714279999316204
0,default,43,0,13,11,True,0,11,0,0,2,0,0,22.0,596.4538161099186,315,1575.0,4635.991977209106,True,0,39.0,1,4,0.16888269998889882,0,0,0,0,36,5,3100092,47,8,6,11,25,289.0,6560.991977209105,0.18536099999619182
0,noclosure,43,0,13,11,True,0,11,0,0,2,0,0,22.0,596.4538161099186,315,1575.0,4635.991977209106,True,0,39.0,1,4,0.17499430000316352,0,0,0,0,36,5,3100092,47,8,6,11,25,289.0,6560.991977209105,0.1922879999910947
0,step,14,0,14,11,True,0,11,0,0,3,0,0,22.0,594.6094520716774,316,1580.0,4605.703972788451,True,0,42.0,1,4,0.15755699999863282,0,0,12,7,43,5,3100092,48,9,6,11,25,291.0,6540.703972788451,0.17365630000131205
0,default,78,0,17,16,True,2,16,1,0,1,0,0,32.0,379.49695701596244,269,1345.0,4403.951312255399,True,0,51.0,0,4,0.22003560001030564,0,0,0,0,39,10,3100093,41,7,6,16,23,240.0,6071.951312255399,0.23738669999875128
0,noclosure,78,0,17,16,True,0,16,0,0,1,0,0,32.0,379.49695701596244,269,1345.0,4403.951312255399,True,0,51.0,0,4,0.21415519999573007,0,0,0,0,39,10,3100093,41,7,6,16,23,240.0,6071.951312255399,0.23123199999099597
0,step,51,0,17,16,True,2,16,1,0,1,0,0,32.0,373.4226201196411,267,1335.0,4314.761921914258,True,0,51.0,0,4,0.21512280000024475,0,0,26,17,52,9,3100093,41,8,7,16,23,242.0,5974.761921914258,0.23281059999135323
0,default,93,0,22,10,True,0,10,0,0,12,1,0,20.0,684.0981174015038,354,1770.0,4663.981174015038,True,0,66.0,1,4,0.30278650000400376,0,0,0,0,35,7,3100094,30,2,2,10,25,321.0,6840.981174015038,0.32003119999717455
0,noclosure,93,0,22,10,True,0,10,0,0,12,1,0,20.0,684.0981174015038,354,1770.0,4663.981174015038,True,0,66.0,1,4,0.30762889998732135,0,0,0,0,35,7,3100094,30,2,2,10,25,321.0,6840.981174015038,0.32432039998820983
0,step,38,0,22,10,True,0,10,0,0,12,1,0,20.0,655.0693152244119,348,1740.0,4402.693152244117,True,0,66.0,0,4,0.25849720000405796,0,1,14,10,45,3,3100094,30,6,6,10,25,322.0,6550.693152244119,0.2750228000077186
0,default,160,0,16,16,True,6,16,1,0,0,0,0,32.0,343.0901014625067,222,1110.0,4099.441623400106,True,0,48.0,1,4,0.32656190000125207,0,0,0,0,35,11,3100095,79,5,5,16,19,200.0,5489.441623400107,0.34291559999110177
0,noclosure,113,0,16,16,True,0,16,0,0,0,0,0,32.0,362.80111768925354,233,1165.0,4348.817883028055,True,0,48.0,0,4,0.2944206999964081,0,0,0,0,38,11,3100095,87,5,5,16,22,211.0,5804.817883028057,0.3111937000066973
0,step,72,0,19,16,True,5,16,1,0,3,0,0,32.0,358.0210130125974,227,1135.0,4296.336208201558,True,0,57.0,0,4,0.247553399996832,0,0,26,16,45,10,3100095,70,9,6,16,20,208.0,5728.336208201558,0.2635669000010239
0,default,95,0,49,13,True,0,13,0,0,36,1,0,26.0,542.4403647334527,319,1595.0,4990.724741534883,True,0,147.0,1,4,0.34601319998910185,0,0,0,0,38,10,3100096,21,2,2,13,25,293.0,7051.724741534885,0.36291049999999814
0,noclosure,95,0,49,13,True,0,13,0,0,36,1,0,26.0,542.4403647334527,319,1595.0,4990.724741534883,True,0,147.0,1,4,0.3458130000071833,0,0,0,0,38,10,3100096,21,2,2,13,25,293.0,7051.724741534885,0.3621570000104839
0,step,65,0,50,13,True,0,13,0,0,37,1,0,26.0,543.0877116687795,318,1590.0,5001.1402516941325,True,0,150.0,1,4,0.3308970999933081,0,1,19,10,47,8,3100096,21,5,4,13,25,293.0,7060.140251694134,0.34821280000323895
0,default,83,0,88,14,True,0,14,0,0,74,1,0,28.0,481.9847908261496,278,1390.0,4810.78707156609,True,0,264.0,0,4,0.2656283000105759,0,0,0,0,39,8,3100097,52,7,5,14,25,255.0,6747.787071566095,0.28212730000086594
0,noclosure,83,0,88,14,True,0,14,0,0,74,1,0,28.0,481.9847908261496,278,1390.0,4810.78707156609,True,0,264.0,0,4,0.26345800000126474,0,0,0,0,39,8,3100097,52,7,5,14,25,255.0,6747.787071566095,0.2807516000029864
0,step,40,0,88,14,True,0,14,0,0,74,1,0,28.0,478.8226447122368,273,1365.0,4791.5170259713095,True,0,264.0,0,4,0.23363729999982752,0,1,16,9,47,6,3100097,56,9,7,14,25,255.0,6703.517025971315,0.2495170999900438
0,default,54,0,17,16,True,6,16,1,0,1,1,0,32.0,350.703417704172,246,1230.0,4072.2546832667526,True,0,51.0,2,4,0.347105199994985,0,0,0,0,35,6,3100098,54,9,9,16,19,226.0,5611.254683266752,0.3634738000109792
0,noclosure,43,0,17,16,True,0,16,0,0,1,1,0,32.0,381.3778440158469,271,1355.0,4415.045504253549,True,0,51.0,0,4,0.3102348999964306,0,0,0,0,40,5,3100098,56,10,10,16,24,249.0,6102.0455042535505,0.33085110000683926
0,step,0,0,25,16,True,2,16,1,0,9,2,0,32.0,380.21443504029406,249,1245.0,4502.430960644705,True,0,75.0,0,4,0.3515841999906115,0,2,16,7,43,7,3100098,75,7,7,16,23,229.0,6083.430960644705,0.3686297999956878
0,default,117,0,12,12,True,0,12,0,0,0,0,0,24.0,549.209247752888,333,1665.0,4562.510973034655,True,0,36.0,0,4,0.22837550000986084,0,0,0,0,37,9,3100099,23,3,3,12,25,303.0,6590.510973034656,0.24601409999013413
0,noclosure,117,0,12,12,True,0,12,0,0,0,0,0,24.0,549.209247752888,333,1665.0,4562.510973034655,True,0,36.0,0,4,0.20968669999274425,0,0,0,0,37,9,3100099,23,3,3,12,25,303.0,6590.510973034656,0.22784069999761414
0,step,71,0,13,12,True,0,12,0,0,1,0,0,24.0,539.3614804414768,337,1685.0,4414.337765297722,True,0,39.0,0,4,0.1777860000001965,0,0,20,12,48,8,3100099,33,5,4,12,25,310.0,6472.337765297722,0.1936583999922732
0,default,121,0,128,14,True,0,14,0,0,114,3,0,28.0,549.9020351759618,312,1560.0,5449.628492463465,True,0,384.0,3,4,0.5763293999916641,0,0,0,0,39,8,3100100,18,3,3,14,25,277.0,7698.628492463466,0.5922981999901822
0,noclosure,121,0,128,14,True,0,14,0,0,114,3,0,28.0,549.9020351759618,312,1560.0,5449.628492463465,True,0,384.0,3,4,0.6607586999889463,0,0,0,0,39,8,3100100,18,3,3,14,25,277.0,7698.628492463466,0.6776076000096509
0,step,66,0,128,14,True,0,14,0,0,114,3,0,28.0,537.3924046721875,308,1540.0,5293.493665410624,True,0,384.0,0,4,0.6142490999918664,0,3,21,13,52,5,3100100,18,6,6,14,25,278.0,7523.493665410624,0.6348093999986304
0,default,27,0,13,12,True,0,12,0,0,1,0,0,24.0,552.09907386455,318,1590.0,4682.188886374598,True,0,39.0,1,4,0.16925370000535622,0,0,0,0,37,8,3100101,19,5,4,12,25,290.0,6625.1888863746,0.18828009998833295
0,noclosure,27,0,13,12,True,0,12,0,0,1,0,0,24.0,552.09907386455,318,1590.0,4682.188886374598,True,0,39.0,1,4,0.16546160000143573,0,0,0,0,37,8,3100101,19,5,4,12,25,290.0,6625.1888863746,0.184787200007122
0,step,27,0,13,12,True,0,12,0,0,1,0,0,24.0,528.2391135049412,320,1600.0,4380.869362059295,True,0,39.0,1,4,0.19091150000167545,0,0,22,12,49,10,3100101,21,3,2,12,25,295.0,6338.869362059294,0.20971790001203772
0,default,78,0,32,15,True,0,15,0,0,17,1,0,30.0,478.1295405611343,292,1460.0,5327.9431084170155,True,0,96.0,0,4,0.4108451000065543,0,0,0,0,40,9,3100102,55,6,5,15,25,258.0,7171.943108417015,0.42879370000446215
0,noclosure,78,0,32,15,True,0,15,0,0,17,1,0,30.0,478.1295405611343,292,1460.0,5327.9431084170155,True,0,96.0,0,4,0.397630699997535,0,0,0,0,40,9,3100102,55,6,5,15,25,258.0,7171.943108417015,0.41557679999095853
0,step,39,0,32,15,True,0,15,0,0,17,1,0,30.0,469.17159678597073,289,1445.0,5208.573951789558,True,0,96.0,0,4,0.4377122000005329,0,1,21,12,52,8,3100102,56,7,6,15,25,258.0,7037.573951789561,0.4552770999871427
0,default,0,0,15,14,True,0,14,0,0,1,0,0,28.0,439.3297227132985,282,1410.0,4405.61611798618,True,0,45.0,0,4,0.16925330000231043,0,0,0,0,39,5,3100103,62,10,9,14,25,262.0,6150.616117986179,0.18945119999989402
0,noclosure,0,0,15,14,True,0,14,0,0,1,0,0,28.0,439.3297227132985,282,1410.0,4405.61611798618,True,0,45.0,0,4,0.16131049999967217,0,0,0,0,39,5,3100103,62,10,9,14,25,262.0,6150.616117986179,0.18300190000445582
0,step,0,0,15,14,True,0,14,0,0,1,0,0,28.0,427.6575314149667,280,1400.0,4255.205439809533,True,0,45.0,0,4,0.16711340000620112,0,0,8,5,44,3,3100103,70,12,11,14,25,259.0,5987.205439809533,0.1860725000005914
0,default,96,0,16,16,True,0,16,1,0,0,0,0,32.0,387.3982452797459,248,1240.0,4661.371924475934,True,0,48.0,0,4,0.2839872999902582,0,0,0,0,41,10,3100104,46,6,6,16,25,217.0,6198.371924475934,0.3078795000037644
0,noclosure,96,0,16,16,True,0,16,0,0,0,0,0,32.0,387.3982452797459,248,1240.0,4661.371924475934,True,0,48.0,0,4,0.2708664999954635,0,0,0,0,41,10,3100104,46,6,6,16,25,217.0,6198.371924475934,0.2902758999989601
0,step,39,0,16,16,True,8,16,1,0,0,0,0,32.0,312.2099193733974,205,1025.0,3705.358709974358,True,0,48.0,0,4,0.18496360001154244,0,0,12,7,29,5,3100104,57,11,11,16,17,185.0,4995.358709974358,0.20555510000849608
0,default,35,0,13,12,True,0,12,0,0,1,0,0,24.0,534.1690349569805,323,1615.0,4434.028419483761,True,0,39.0,1,4,0.18045640000491403,0,0,0,0,37,9,3100105,25,4,3,12,25,298.0,6410.028419483765,0.20017479998932686
0,noclosure,35,0,13,12,True,0,12,0,0,1,0,0,24.0,534.1690349569805,323,1615.0,4434.028419483761,True,0,39.0,1,4,0.21380900000804104,0,0,0,0,37,9,3100105,25,4,3,12,25,298.0,6410.028419483765,0.2346694000007119
0,step,12,0,18,12,True,0,12,0,0,6,1,0,24.0,538.0266703409663,323,1615.0,4466.320044091594,True,0,54.0,0,4,0.3549785999930464,0,1,13,7,44,5,3100105,35,8,6,12,25,297.0,6456.320044091596,0.37634370000159834
0,default,55,0,13,12,True,0,12,0,0,1,0,0,24.0,501.1120591564542,284,1420.0,4272.344709877451,True,0,39.0,0,4,0.21705989999463782,0,0,0,0,37,7,3100106,61,6,5,12,25,258.0,6013.34470987745,0.23950999999942724
0,noclosure,55,0,13,12,True,0,12,0,0,1,0,0,24.0,501.1120591564542,284,1420.0,4272.344709877451,True,0,39.0,0,4,0.23327709999284707,0,0,0,0,37,7,3100106,61,6,5,12,25,258.0,6013.34470987745,0.25752169999759644
0,step,0,0,13,12,True,0,12,0,0,1,0,0,24.0,478.54173871613347,264,1320.0,4117.500864593601,True,0,39.0,0,4,0.17001380000147037,0,0,11,5,42,6,3100106,50,7,6,12,25,242.0,5742.500864593601,0.19314409999060445
0,default,19,0,28,12,True,0,12,0,0,16,1,0,24.0,534.3898010429505,302,1510.0,4516.677612515405,True,0,84.0,2,4,0.4468141999968793,0,0,0,0,37,6,3100107,42,6,5,12,25,278.0,6412.677612515406,0.4687806999863824
0,noclosure,19,0,28,12,True,0,12,0,0,16,1,0,24.0,534.3898010429505,302,1510.0,4516.677612515405,True,0,84.0,2,4,0.5285639000067022,0,0,0,0,37,6,3100107,42,6,5,12,25,278.0,6412.677612515406,0.5507273999974132
0,step,0,0,28,12,True,0,12,0,0,16,1,0,24.0,531.6042228198442,299,1495.0,4498.25067383813,True,0,84.0,0,4,0.5023065999994287,0,1,9,5,42,3,3100107,42,9,8,12,25,278.0,6379.25067383813,0.54909349999798
0,default,156,0,16,16,True,10,16,1,0,0,0,0,32.0,341.0004410689634,197,985.0,4222.007057103415,True,0,48.0,2,4,0.551275199992233,0,0,0,0,31,13,3100108,46,3,3,16,15,169.0,5456.007057103415,0.5724767000065185
0,noclosure,112,0,16,16,True,0,16,0,0,0,0,0,32.0,341.0179286353636,222,1110.0,4066.2868581658176,True,0,48.0,0,4,0.4032747000019299,0,0,0,0,37,9,3100108,51,7,7,16,21,200.0,5456.286858165818,0.44449799999711104
0,step,93,0,17,16,True,10,16,1,0,1,0,0,32.0,344.1753923929202,199,995.0,4252.806278286722,True,0,51.0,0,4,0.33730699999432545,0,0,31,21,31,10,3100108,58,7,6,16,15,176.0,5506.806278286723,0.3562737000029301
0,default,101,0,13,13,True,0,13,0,0,0,0,0,26.0,487.4021470290951,296,1480.0,4525.227911378235,True,0,39.0,1,4,0.34581969999999274,0,0,0,0,38,10,3100109,31,3,3,13,25,266.0,6336.227911378236,0.3675208000058774
0,noclosure,101,0,13,13,True,0,13,0,0,0,0,0,26.0,487.4021470290951,296,1480.0,4525.227911378235,True,0,39.0,1,4,0.5579007000051206,0,0,0,0,38,10,3100109,31,3,3,13,25,266.0,6336.227911378236,0.5960851999989245
0,step,14,0,21,13,True,0,13,0,0,8,1,0,26.0,482.0908572473753,256,1280.0,4665.181144215878,True,0,63.0,0,4,0.4597640000138199,0,1,14,7,45,6,3100109,45,6,6,13,25,233.0,6267.181144215879,0.48281000000133645
0,default,80,0,38,16,True,5,16,1,0,22,2,0,32.0,376.2378716728705,231,1155.0,4510.80594676593,True,0,114.0,0,4,0.8895212000061292,0,0,0,0,36,12,3100110,42,3,2,16,20,208.0,6019.805946765928,0.9280239999934565
0,noclosure,80,0,38,16,True,0,16,0,0,22,2,0,32.0,376.2378716728705,231,1155.0,4510.80594676593,True,0,114.0,0,4,0.7278436000051443,0,0,0,0,36,12,3100110,42,3,2,16,20,208.0,6019.805946765928,0.7839510000048904
0,step,15,0,31,16,True,5,16,1,0,15,1,0,32.0,357.1045172723481,229,1145.0,4233.672276357569,True,0,93.0,0,4,0.6284240999957547,0,1,27,14,46,12,3100110,46,4,3,16,20,210.0,5713.67227635757,0.6467605000070762
0,default,27,0,16,15,True,0,15,0,0,1,0,0,30.0,413.99115635706045,284,1420.0,4449.867345355907,True,0,48.0,0,4,0.1971798000013223,0,0,0,0,40,4,3100111,71,12,11,15,25,262.0,6209.867345355907,0.22400960000231862
0,noclosure,27,0,16,15,True,0,15,0,0,1,0,0,30.0,413.99115635706045,284,1420.0,4449.867345355907,True,0,48.0,0,4,0.17661319999024272,0,0,0,0,40,4,3100111,71,12,11,15,25,262.0,6209.867345355907,0.1949787999910768
0,step,0,0,18,15,True,0,15,0,0,3,0,0,30.0,375.5963982142124,226,1130.0,4214.945973213187,True,0,54.0,0,4,0.17048610000347253,0,0,14,8,48,6,3100111,110,12,9,15,25,205.0,5633.945973213186,0.1881720000092173
0,default,133,0,17,16,True,7,16,1,0,1,0,0,32.0,377.6044840911727,239,1195.0,4556.6717454587615,True,0,51.0,3,4,0.4425912000006065,0,0,0,0,34,13,3100112,40,4,3,16,18,207.0,6041.671745458763,0.46016750000126194
0,noclosure,84,0,18,16,True,0,16,0,0,2,0,0,32.0,397.0613633213818,255,1275.0,4766.981813142108,True,0,54.0,2,4,0.2768363000068348,0,0,0,0,38,12,3100112,44,6,4,16,22,225.0,6352.981813142109,0.29618209999171086
0,step,143,0,22,16,True,6,16,1,0,6,1,0,32.0,397.8455230198734,232,1160.0,4904.528368317975,True,0,66.0,0,4,0.4398746999941068,0,1,29,19,46,9,3100112,21,6,6,16,19,203.0,6365.528368317974,0.45851900000707246
0,default,80,0,22,11,True,0,11,0,0,11,1,0,22.0,608.962498975477,364,1820.0,4452.58748873025,True,0,66.0,0,4,0.32107590000669006,0,0,0,0,36,6,3100113,35,4,4,11,25,338.0,6698.587488730248,0.34030260000145063
0,noclosure,80,0,22,11,True,0,11,0,0,11,1,0,22.0,608.962498975477,364,1820.0,4452.58748873025,True,0,66.0,0,4,0.3066244999936316,0,0,0,0,36,6,3100113,35,4,4,11,25,338.0,6698.587488730248,0.32561419998819474
0,step,52,0,22,11,True,0,11,0,0,11,1,0,22.0,607.4756618280217,362,1810.0,4446.232280108241,True,0,66.0,0,4,0.2804736999969464,0,1,10,5,41,4,3100113,35,6,6,11,25,338.0,6682.232280108238,0.2985459999908926
0,default,65,0,13,13,True,0,13,0,0,0,0,0,26.0,482.34623157030194,305,1525.0,4402.501010413924,True,0,39.0,0,4,0.20728789998975117,0,0,0,0,38,6,3100114,18,7,7,13,25,278.0,6270.5010104139255,0.22489230000064708
0,noclosure,65,0,13,13,True,0,13,0,0,0,0,0,26.0,482.34623157030194,305,1525.0,4402.501010413924,True,0,39.0,0,4,0.21450750000076368,0,0,0,0,38,6,3100114,18,7,7,13,25,278.0,6270.5010104139255,0.23208750000048894
0,step,26,0,13,13,True,0,13,0,0,0,0,0,26.0,480.05900753511753,303,1515.0,4382.767097956527,True,0,39.0,0,4,0.18101520001073368,0,0,11,6,44,5,3100114,18,8,8,13,25,278.0,6240.767097956528,0.199365200009197
0,default,116,0,34,16,True,8,16,1,0,18,1,0,32.0,336.94618790622985,189,945.0,4147.139006499669,True,0,102.0,0,4,0.3389504000078887,0,0,0,0,33,8,3100115,55,7,7,16,17,165.0,5391.139006499678,0.35853659998974763
0,noclosure,80,0,34,16,True,0,16,0,0,18,1,0,32.0,363.6458565253525,208,1040.0,4462.3337044056325,True,0,102.0,0,4,0.3056541000114521,0,0,0,0,38,8,3100115,62,7,7,16,22,182.0,5818.33370440564,0.3254744000005303
0,step,73,0,34,16,True,8,16,1,0,18,1,0,32.0,323.9932229241954,188,940.0,3943.891566787117,True,0,102.0,0,4,0.3058143999951426,0,1,18,12,41,5,3100115,57,10,10,16,17,166.0,5183.891566787126,0.32483340000908356
0,default,82,0,50,13,True,0,13,0,0,37,1,0,26.0,510.67879343978075,282,1410.0,4796.82431471715,True,0,150.0,0,4,0.4044791000051191,0,0,0,0,38,9,3100116,39,4,3,13,25,256.0,6638.82431471715,0.4223234999954002
0,noclosure,82,0,50,13,True,0,13,0,0,37,1,0,26.0,510.67879343978075,282,1410.0,4796.82431471715,True,0,150.0,0,4,0.39386880000529345,0,0,0,0,38,9,3100116,39,4,3,13,25,256.0,6638.82431471715,0.41305419999116566
0,step,16,0,50,13,True,0,13,0,0,37,1,0,26.0,509.3484949173772,281,1405.0,4782.530433925905,True,0,150.0,0,4,0.3745758999866666,0,1,21,12,50,8,3100116,42,5,4,13,25,258.0,6621.530433925904,0.39314320000994485
0,default,13,0,18,15,True,0,15,0,0,3,0,0,30.0,425.43780555015223,267,1335.0,4717.567083252284,True,0,54.0,0,4,0.21546330000273883,0,0,0,0,40,8,3100117,131,10,7,15,25,245.0,6381.567083252284,0.24264759999641683
0,noclosure,13,0,18,15,True,0,15,0,0,3,0,0,30.0,425.43780555015223,267,1335.0,4717.567083252284,True,0,54.0,0,4,0.1816052999929525,0,0,0,0,40,8,3100117,131,10,7,15,25,245.0,6381.567083252284,0.20157439999456983
0,step,13,0,18,15,True,0,15,0,0,3,0,0,30.0,425.43780555015223,267,1335.0,4717.567083252284,True,0,54.0,0,4,0.17806529998779297,0,0,14,6,45,8,3100117,131,10,7,15,25,245.0,6381.567083252284,0.19697289999749046
0,default,0,0,20,13,True,0,13,0,0,7,1,0,26.0,478.424252467443,282,1410.0,4463.515282076758,True,0,60.0,0,4,0.23478769999928772,0,0,0,0,38,7,3100118,62,7,5,13,25,260.0,6219.515282076759,0.2523642000014661
0,noclosure,0,0,20,13,True,0,13,0,0,7,1,0,26.0,478.424252467443,282,1410.0,4463.515282076758,True,0,60.0,0,4,0.23412149999057874,0,0,0,0,38,7,3100118,62,7,5,13,25,260.0,6219.515282076759,0.25136120000388473
0,step,0,0,20,13,True,0,13,0,0,7,1,0,26.0,478.424252467443,282,1410.0,4463.515282076758,True,0,60.0,0,4,0.2528950999985682,0,1,16,8,46,7,3100118,62,7,5,13,25,260.0,6219.515282076759,0.2720019999978831
0,default,111,0,16,14,True,0,14,0,0,2,0,0,28.0,452.2821759976079,280,1400.0,4600.95046396651,True,0,48.0,0,4,0.2518523000035202,0,0,0,0,39,9,3100119,45,7,5,14,25,255.0,6331.950463966511,0.2700441999913892
0,noclosure,111,0,16,14,True,0,14,0,0,2,0,0,28.0,452.2821759976079,280,1400.0,4600.95046396651,True,0,48.0,0,4,0.2526318000018364,0,0,0,0,39,9,3100119,45,7,5,14,25,255.0,6331.950463966511,0.2709159000078216
0,step,55,0,16,14,True,0,14,0,0,2,0,0,28.0,447.3233086164342,277,1385.0,4544.526320630078,True,0,48.0,0,4,0.22145490000548307,0,0,19,11,50,8,3100119,46,8,6,14,25,257.0,6262.526320630079,0.24055889999726787
0,default,89,0,23,14,True,0,14,0,0,9,1,0,28.0,465.4026109719662,302,1510.0,4636.636553607524,True,0,69.0,0,4,0.36654010000347625,0,0,0,0,39,7,3100120,63,7,6,14,25,272.0,6515.636553607527,0.3851659999927506
0,noclosure,89,0,23,14,True,0,14,0,0,9,1,0,28.0,465.4026109719662,302,1510.0,4636.636553607524,True,0,69.0,0,4,0.36124280000512954,0,0,0,0,39,7,3100120,63,7,6,14,25,272.0,6515.636553607527,0.3801426999998512
0,step,88,0,24,14,True,0,14,0,0,10,1,0,28.0,469.4506902299152,304,1520.0,4680.309663218809,True,0,72.0,0,4,0.3755185000045458,0,1,20,12,50,7,3100120,63,8,6,14,25,272.0,6572.309663218813,0.39328950000344776
0,default,4,0,22,15,True,0,15,0,0,7,1,0,30.0,416.87260156540964,259,1295.0,4627.089023481145,True,0,66.0,1,4,0.2670551999908639,0,0,0,0,40,5,3100121,86,9,9,15,25,235.0,6253.089023481145,0.2853767000051448
0,noclosure,4,0,22,15,True,0,15,0,0,7,1,0,30.0,416.87260156540964,259,1295.0,4627.089023481145,True,0,66.0,1,4,0.26510490001237486,0,0,0,0,40,5,3100121,86,9,9,15,25,235.0,6253.089023481145,0.282481900008861
0,step,0,0,22,15,True,0,15,0,0,7,1,0,30.0,415.8873923776309,258,1290.0,4617.310885664463,True,0,66.0,0,4,0.3238376000081189,0,1,10,5,45,4,3100121,86,10,10,15,25,235.0,6238.310885664463,0.34162649999780115
0,default,54,0,10,10,True,0,10,0,0,0,0,0,20.0,634.4969240874952,327,1635.0,4360.969240874952,True,0,30.0,0,4,0.15433999999368098,0,0,0,0,35,5,3100122,52,5,5,10,25,299.0,6344.969240874952,0.17381310000200756
0,noclosure,54,0,10,10,True,0,10,0,0,0,0,0,20.0,634.4969240874952,327,1635.0,4360.969240874952,True,0,30.0,0,4,0.15214399999240413,0,0,0,0,35,5,3100122,52,5,5,10,25,299.0,6344.969240874952,0.17075730000215117
0,step,0,0,11,10,True,0,10,0,0,1,0,0,20.0,632.9558235193883,326,1630.0,4345.558235193883,True,0,33.0,0,4,0.10993209999287501,0,0,9,4,38,5,3100122,53,6,5,10,25,301.0,6329.558235193883,0.12804619999951683
0,default,40,0,15,12,True,0,12,0,0,3,1,0,24.0,524.3326323404726,318,1590.0,4342.991588085672,True,0,45.0,0,4,0.3290458999981638,0,0,0,0,37,5,3100123,52,7,6,12,25,290.0,6291.9915880856715,0.3463086999981897
0,noclosure,40,0,15,12,True,0,12,0,0,3,1,0,24.0,524.3326323404726,318,1590.0,4342.991588085672,True,0,45.0,0,4,0.3305060999991838,0,0,0,0,37,5,3100123,52,7,6,12,25,290.0,6291.9915880856715,0.34873959999822546
0,step,40,0,15,12,True,0,12,0,0,3,1,0,24.0,524.3326323404726,318,1590.0,4342.991588085672,True,0,45.0,0,4,0.33837080000375863,0,1,14,8,44,5,3100123,52,7,6,12,25,290.0,6291.9915880856715,0.35645879998628516
0,default,98,0,15,14,True,0,14,0,0,1,0,0,28.0,450.5030935954624,295,1475.0,4492.043310336472,True,0,45.0,0,4,0.23326619999716058,0,0,0,0,39,9,3100124,19,6,5,14,25,267.0,6307.043310336474,0.2511998000118183
0,noclosure,98,0,15,14,True,0,14,0,0,1,0,0,28.0,450.5030935954624,295,1475.0,4492.043310336472,True,0,45.0,0,4,0.2434988000022713,0,0,0,0,39,9,3100124,19,6,5,14,25,267.0,6307.043310336474,0.2633269000070868
0,step,26,0,15,14,True,0,14,0,0,1,0,0,28.0,438.3540829974785,294,1470.0,4321.9571619647,True,0,45.0,0,4,0.18105330000980757,0,0,20,12,51,8,3100124,26,7,6,14,25,272.0,6136.957161964699,0.199565499991877
0,default,60,0,14,14,True,0,14,0,0,0,0,0,28.0,432.76553145156424,271,1355.0,4391.7174403219005,True,0,42.0,2,4,0.2297415000066394,0,0,0,0,39,10,3100125,47,4,4,14,25,242.0,6058.7174403219,0.248536699989927
0,noclosure,60,0,14,14,True,0,14,0,0,0,0,0,28.0,432.76553145156424,271,1355.0,4391.7174403219005,True,0,42.0,2,4,0.22879100000136532,0,0,0,0,39,10,3100125,47,4,4,14,25,242.0,6058.7174403219,0.24628669999947306
0,step,52,0,14,14,True,0,14,0,0,0,0,0,28.0,432.0753108206277,269,1345.0,4392.054351488788,True,0,42.0,0,4,0.21531640000466723,0,0,18,10,49,8,3100125,47,6,6,14,25,242.0,6049.054351488788,0.2350466000061715
0,default,100,0,27,16,True,7,16,1,0,11,1,0,32.0,377.1361808966668,260,1300.0,4386.178894346667,True,0,81.0,1,4,0.42956569998932537,0,0,0,0,34,10,3100126,57,5,5,16,18,235.0,6034.178894346669,0.4489717999967979
0,noclosure,94,0,16,16,True,0,16,0,0,0,0,0,32.0,382.70748828352606,278,1390.0,4400.319812536415,True,0,48.0,0,4,0.2654496999894036,0,0,0,0,38,11,3100126,58,5,5,16,22,253.0,6123.319812536417,0.2835768999939319
0,step,94,0,27,16,True,5,16,1,0,11,1,0,32.0,418.4085160015642,281,1405.0,4923.536256025027,True,0,81.0,0,4,0.354413699998986,0,1,24,15,41,8,3100126,64,7,7,16,20,253.0,6694.536256025027,0.37467440000909846
0,default,87,0,26,14,True,0,14,0,0,12,1,0,28.0,448.0592570829952,256,1280.0,4657.829599161932,True,0,78.0,0,4,0.4004540000023553,0,0,0,0,39,7,3100127,38,7,6,14,25,229.0,6272.8295991619325,0.42000280000502244
0,noclosure,87,0,26,14,True,0,14,0,0,12,1,0,28.0,448.0592570829952,256,1280.0,4657.829599161932,True,0,78.0,0,4,0.40730279999843333,0,0,0,0,39,7,3100127,38,7,6,14,25,229.0,6272.8295991619325,0.4251834000024246
0,step,50,0,26,14,True,0,14,0,0,12,1,0,28.0,446.0705357717176,254,1270.0,4639.987500804045,True,0,78.0,0,4,0.377702900004806,0,1,15,8,47,6,3100127,38,8,7,14,25,229.0,6244.987500804046,0.39681460001156665
0,default,16,0,20,12,True,0,12,0,0,8,1,0,24.0,531.9027820209625,329,1645.0,4346.833384251549,True,0,60.0,1,4,0.2730868000071496,0,0,0,0,37,8,3100128,41,4,3,12,25,307.0,6382.833384251549,0.29159559999243356
0,noclosure,16,0,20,12,True,0,12,0,0,8,1,0,24.0,531.9027820209625,329,1645.0,4346.833384251549,True,0,60.0,1,4,0.29521439998643473,0,0,0,0,37,8,3100128,41,4,3,12,25,307.0,6382.833384251549,0.3134836999961408
0,step,0,0,20,12,True,0,12,0,0,8,1,0,24.0,525.015400185525,329,1645.0,4261.184802226297,True,0,60.0,0,4,0.28096249999362044,0,1,16,9,46,6,3100128,41,6,5,12,25,310.0,6300.184802226299,0.30047539999941364
0,default,88,0,17,14,True,0,14,0,0,3,1,0,28.0,431.953028031722,248,1240.0,4509.342392444108,True,0,51.0,0,4,0.2258923000044888,0,0,0,0,39,10,3100129,77,4,3,14,25,219.0,6047.342392444108,0.2439855999982683
0,noclosure,88,0,17,14,True,0,14,0,0,3,1,0,28.0,431.953028031722,248,1240.0,4509.342392444108,True,0,51.0,0,4,0.22638279999955557,0,0,0,0,39,10,3100129,77,4,3,14,25,219.0,6047.342392444108,0.24429740000050515
0,step,34,0,17,14,True,0,14,0,0,3,1,0,28.0,435.3305280007374,249,1245.0,4548.627392010321,True,0,51.0,0,4,0.20294570000260137,0,1,22,11,50,10,3100129,77,4,3,14,25,222.0,6094.627392010323,0.22053190000588074
0,default,55,0,13,13,True,0,13,0,0,0,0,0,26.0,450.3164995792565,300,1500.0,4010.114494530336,True,0,39.0,0,4,0.17940110000199638,0,0,0,0,38,4,3100130,62,9,9,13,25,279.0,5854.114494530335,0.19808289999491535
0,noclosure,55,0,13,13,True,0,13,0,0,0,0,0,26.0,450.3164995792565,300,1500.0,4010.114494530336,True,0,39.0,0,4,0.17569190000358503,0,0,0,0,38,4,3100130,62,9,9,13,25,279.0,5854.114494530335,0.19368179999582935
0,step,55,0,13,13,True,0,13,0,0,0,0,0,26.0,450.3164995792565,300,1500.0,4010.114494530336,True,0,39.0,0,4,0.1822978999989573,0,0,10,6,44,4,3100130,62,9,9,13,25,279.0,5854.114494530335,0.2009459999972023
0,default,22,0,14,13,True,0,13,0,0,1,0,0,26.0,469.28578434824277,302,1510.0,4245.715196527155,True,0,42.0,2,4,0.17761280000559054,0,0,0,0,38,8,3100131,70,6,5,13,25,277.0,6100.715196527156,0.1956802000058815
0,noclosure,22,0,14,13,True,0,13,0,0,1,0,0,26.0,469.28578434824277,302,1510.0,4245.715196527155,True,0,42.0,2,4,0.18719229999987874,0,0,0,0,38,8,3100131,70,6,5,13,25,277.0,6100.715196527156,0.20599449999281205
0,step,13,0,29,13,True,0,13,0,0,16,1,0,26.0,490.8843080777945,286,1430.0,4571.496005011329,True,0,87.0,0,4,0.3188040999957593,0,1,12,6,44,5,3100131,59,9,7,13,25,267.0,6381.496005011329,0.3372613999963505
0,default,78,0,18,15,True,0,15,0,0,3,0,0,30.0,398.96990326015595,234,1170.0,4522.5485489023395,True,0,54.0,0,4,0.25290139998833183,0,0,0,0,40,10,3100132,67,8,5,15,25,208.0,5984.5485489023395,0.2704622999881394
0,noclosure,78,0,18,15,True,0,15,0,0,3,0,0,30.0,398.96990326015595,234,1170.0,4522.5485489023395,True,0,54.0,0,4,0.2510217999952147,0,0,0,0,40,10,3100132,67,8,5,15,25,208.0,5984.5485489023395,0.26977690000785515
0,step,50,0,29,15,True,0,15,0,0,14,1,0,30.0,427.327565237422,246,1230.0,4842.913478561328,True,0,87.0,0,4,0.3904552000021795,0,1,19,10,49,8,3100132,90,8,6,15,25,220.0,6409.91347856133,0.4093428999913158
0,default,26,0,12,11,True,0,11,0,0,1,0,0,22.0,606.3465690087581,336,1680.0,4620.81225909634,True,0,36.0,0,4,0.14148069999646395,0,0,0,0,36,8,3100133,36,4,3,11,25,311.0,6669.812259096339,0.15959349999320693
0,noclosure,26,0,12,11,True,0,11,0,0,1,0,0,22.0,606.3465690087581,336,1680.0,4620.81225909634,True,0,36.0,0,4,0.14092270001128782,0,0,0,0,36,8,3100133,36,4,3,11,25,311.0,6669.812259096339,0.15849489999527577
0,step,49,0,12,11,True,0,11,0,0,1,0,0,22.0,572.9977701585696,299,1495.0,4473.975471744267,True,0,36.0,1,4,0.204750699995202,0,0,18,11,47,7,3100133,55,5,4,11,25,276.0,6302.975471744265,0.2227532999968389
0,default,54,0,24,15,True,0,15,0,0,9,1,0,30.0,437.26259419364465,314,1570.0,4598.938912904671,True,0,72.0,0,4,0.29933019999589305,0,0,0,0,40,8,3100134,44,7,6,15,25,288.0,6558.938912904669,0.3181165999994846
0,noclosure,54,0,24,15,True,0,15,0,0,9,1,0,30.0,437.26259419364465,314,1570.0,4598.938912904671,True,0,72.0,0,4,0.31773510000493843,0,0,0,0,40,8,3100134,44,7,6,15,25,288.0,6558.938912904669,0.33600539999315515
0,step,36,0,24,15,True,0,15,0,0,9,1,0,30.0,426.1324931092247,313,1565.0,4434.987396638373,True,0,72.0,0,4,0.2936872999998741,0,1,16,8,47,7,3100134,44,8,7,15,25,290.0,6391.98739663837,0.3122142999927746
0,default,30,0,11,11,True,0,11,0,0,0,0,0,22.0,564.7262999422687,334,1670.0,4176.9892993649555,True,0,33.0,1,4,0.16606960000353865,0,0,0,0,36,5,3100135,48,6,6,11,25,310.0,6211.9892993649555,0.18653160000394564
0,noclosure,30,0,11,11,True,0,11,0,0,0,0,0,22.0,564.7262999422687,334,1670.0,4176.9892993649555,True,0,33.0,1,4,0.1700877999974182,0,0,0,0,36,5,3100135,48,6,6,11,25,310.0,6211.9892993649555,0.18887220000033267
0,step,1,0,12,11,True,0,11,0,0,1,0,0,22.0,567.3363710337497,333,1665.0,4207.700081371247,True,0,36.0,1,4,0.1384148999932222,0,0,10,6,42,4,3100135,48,8,7,11,25,310.0,6240.700081371247,0.1565134999982547
0,default,85,0,38,15,True,0,15,0,0,23,2,0,30.0,438.5017640756307,264,1320.0,4876.526461134454,True,0,114.0,1,4,0.4036857999890344,0,0,0,0,40,8,3100136,85,7,5,15,25,237.0,6577.526461134461,0.42227969999657944
0,noclosure,85,0,38,15,True,0,15,0,0,23,2,0,30.0,438.5017640756307,264,1320.0,4876.526461134454,True,0,114.0,1,4,0.4074973999959184,0,0,0,0,40,8,3100136,85,7,5,15,25,237.0,6577.526461134461,0.42541099998925347
0,step,27,0,39,15,True,0,15,0,0,24,2,0,30.0,425.7956758927823,261,1305.0,4696.9351383917265,True,0,117.0,0,4,0.3560331999906339,0,2,18,9,49,7,3100136,84,9,6,15,25,238.0,6386.935138391735,0.374825899998541
0,default,88,0,19,11,True,0,11,0,0,8,1,0,22.0,582.205721985216,305,1525.0,4521.262941837375,True,0,57.0,0,4,0.35756570000376087,0,0,0,0,36,7,3100137,50,4,3,11,25,279.0,6404.262941837375,0.37553449999541044
0,noclosure,88,0,19,11,True,0,11,0,0,8,1,0,22.0,582.205721985216,305,1525.0,4521.262941837375,True,0,57.0,0,4,0.3658055999985663,0,0,0,0,36,7,3100137,50,4,3,11,25,279.0,6404.262941837375,0.38408309999795165
0,step,60,0,19,11,True,0,11,0,0,8,1,0,22.0,577.9870554535862,304,1520.0,4477.857609989447,True,0,57.0,0,4,0.3453451999957906,0,1,13,7,43,5,3100137,51,6,5,11,25,281.0,6357.857609989448,0.3642002999986289
0,default,55,0,11,11,True,0,11,0,0,0,0,0,22.0,570.4372425529943,321,1605.0,4317.809668082938,True,0,33.0,0,4,0.18106010000337847,0,0,0,0,36,8,3100138,43,3,3,11,25,297.0,6274.809668082938,0.2002202000003308
0,noclosure,55,0,11,11,True,0,11,0,0,0,0,0,22.0,570.4372425529943,321,1605.0,4317.809668082938,True,0,33.0,0,4,0.17627729999367148,0,0,0,0,36,8,3100138,43,3,3,11,25,297.0,6274.809668082938,0.1941207000054419
0,step,40,0,12,11,True,0,11,0,0,1,0,0,22.0,562.5243698081005,322,1610.0,4221.768067889105,True,0,36.0,0,4,0.18117229999916162,0,0,19,11,47,8,3100138,43,4,3,11,25,298.0,6187.768067889105,0.19971960000111721
0,default,106,0,51,16,True,4,16,1,0,35,2,0,32.0,407.18802843493506,255,1275.0,4829.008454958965,True,0,153.0,0,4,0.5154332999954931,0,0,0,0,37,8,3100139,51,6,6,16,21,226.0,6515.008454958961,0.5339791999867884
0,noclosure,78,0,39,16,True,0,16,0,0,23,1,0,32.0,414.0671806446844,271,1355.0,4880.074890314954,True,0,117.0,0,4,0.36394080000172835,0,0,0,0,41,8,3100139,52,7,7,16,25,241.0,6625.074890314951,0.3823914000095101
0,step,100,0,39,16,True,4,16,1,0,23,1,0,32.0,385.03207822463287,254,1270.0,4513.513251594129,True,0,117.0,0,4,0.3981618999969214,0,1,22,14,43,7,3100139,52,8,8,16,21,228.0,6160.513251594126,0.4164254999923287
0,default,42,0,19,14,True,0,14,0,0,5,1,0,28.0,463.44556614435095,278,1390.0,4763.237926020916,True,0,57.0,0,4,0.36151909999898635,0,0,0,0,39,5,3100140,25,8,8,14,25,250.0,6488.237926020914,0.3804904999997234
0,noclosure,42,0,19,14,True,0,14,0,0,5,1,0,28.0,463.44556614435095,278,1390.0,4763.237926020916,True,0,57.0,0,4,0.3704675000044517,0,0,0,0,39,5,3100140,25,8,8,14,25,250.0,6488.237926020914,0.3890543000015896
0,step,14,0,20,14,True,0,14,0,0,6,1,0,28.0,460.72003723495345,277,1385.0,4725.080521289352,True,0,60.0,0,4,0.33442590000049677,0,1,10,6,45,3,3100140,25,11,10,14,25,252.0,6450.080521289348,0.35309950000373647
0,default,69,0,12,12,True,0,12,0,0,0,0,0,24.0,540.904827815484,318,1590.0,4551.857933785809,True,0,36.0,0,4,0.1978235999995377,0,0,0,0,37,6,3100141,52,6,6,12,25,289.0,6490.857933785808,0.21601240000745747
0,noclosure,69,0,12,12,True,0,12,0,0,0,0,0,24.0,540.904827815484,318,1590.0,4551.857933785809,True,0,36.0,0,4,0.193589599992265,0,0,0,0,37,6,3100141,52,6,6,12,25,289.0,6490.857933785808,0.21214029999100603
0,step,27,0,12,12,True,0,12,0,0,0,0,0,24.0,537.8627375655644,317,1585.0,4518.352850786774,True,0,36.0,0,4,0.16891860000032466,0,0,14,9,46,5,3100141,53,7,7,12,25,291.0,6454.352850786773,0.1866887000069255
0,default,78,0,17,16,True,3,16,1,0,1,0,0,32.0,345.11126551217245,230,1150.0,4079.7802481947597,True,0,51.0,0,4,0.2523164999875007,0,0,0,0,38,9,3100142,78,8,7,16,22,209.0,5521.780248194759,0.2702241000079084
0,noclosure,78,0,17,16,True,0,16,0,0,1,0,0,32.0,345.11126551217245,230,1150.0,4079.7802481947597,True,0,51.0,0,4,0.2549444000032963,0,0,0,0,38,9,3100142,78,8,7,16,22,209.0,5521.780248194759,0.2739957999874605
0,step,40,0,17,16,True,3,16,1,0,1,0,0,32.0,342.8056174560077,228,1140.0,4051.889879296125,True,0,51.0,0,4,0.25084269999933895,0,0,21,14,46,7,3100142,78,10,9,16,22,210.0,5484.889879296124,0.2695092000067234
0,default,42,0,16,15,True,0,15,0,0,1,0,0,30.0,405.7487498484205,251,1255.0,4529.231247726307,True,0,48.0,0,4,0.20617210000636987,0,0,0,0,40,10,3100143,50,6,5,15,25,224.0,6086.231247726308,0.22486609999032225
0,noclosure,42,0,16,15,True,0,15,0,0,1,0,0,30.0,405.7487498484205,251,1255.0,4529.231247726307,True,0,48.0,0,4,0.19795249999151565,0,0,0,0,40,10,3100143,50,6,5,15,25,224.0,6086.231247726308,0.21631969998998102
0,step,23,0,17,15,True,0,15,0,0,2,0,0,30.0,402.0260363058361,252,1260.0,4463.390544587541,True,0,51.0,0,4,0.18558800000755582,0,0,19,10,50,9,3100143,50,8,6,15,25,226.0,6030.390544587542,0.2040298000065377
0,default,13,0,26,15,True,0,15,0,0,11,1,0,30.0,402.7406057175828,203,1015.0,4739.109085763743,True,0,78.0,0,4,0.3073258999938844,0,0,0,0,40,8,3100144,35,8,6,15,25,179.0,6041.109085763742,0.32617809998919256
0,noclosure,13,0,26,15,True,0,15,0,0,11,1,0,30.0,402.7406057175828,203,1015.0,4739.109085763743,True,0,78.0,0,4,0.30493729999579955,0,0,0,0,40,8,3100144,35,8,6,15,25,179.0,6041.109085763742,0.32413540000561625
0,step,25,0,15,15,True,0,15,0,0,0,0,0,30.0,401.8021753101097,242,1210.0,4525.032629651648,True,0,45.0,0,4,0.1880005999992136,0,0,15,9,49,6,3100144,99,9,9,15,25,217.0,6027.032629651646,0.20549469999969006
0,default,47,0,25,16,True,5,16,1,0,9,2,0,32.0,388.41073513296385,315,1575.0,4242.571762127424,True,0,75.0,3,4,0.5498514000064461,0,0,0,0,36,8,3100145,32,8,6,16,20,290.0,6214.571762127422,0.5676424000121187
0,noclosure,27,0,21,16,True,0,16,0,0,5,1,0,32.0,391.30253306728304,324,1620.0,4240.84052907653,True,0,63.0,2,4,0.38039710000157356,0,0,0,0,39,5,3100145,38,12,10,16,23,305.0,6260.840529076529,0.39938180000171997
0,step,24,0,25,16,True,5,16,1,0,9,2,0,32.0,383.69432656797517,311,1555.0,4187.109225087605,True,0,75.0,1,4,0.5063573999941582,0,2,17,9,32,6,3100145,32,10,8,16,20,290.0,6139.109225087603,0.5234128000010969
0,default,60,0,15,14,True,0,14,0,0,1,0,0,28.0,429.31497154746546,271,1355.0,4332.409601664515,True,0,45.0,1,4,0.29872039999463595,0,0,0,0,39,11,3100146,64,4,3,14,25,250.0,6010.409601664516,0.3604993999906583
0,noclosure,60,0,15,14,True,0,14,0,0,1,0,0,28.0,429.31497154746546,271,1355.0,4332.409601664515,True,0,45.0,1,4,0.22369359999720473,0,0,0,0,39,11,3100146,64,4,3,14,25,250.0,6010.409601664516,0.2413284000067506
0,step,41,0,16,14,True,0,14,0,0,2,0,0,28.0,425.7961430305563,271,1355.0,4280.146002427787,True,0,48.0,0,4,0.22151499999745283,0,0,22,12,51,10,3100146,64,6,4,14,25,250.0,5961.1460024277885,0.24330829999234993
0,default,81,0,13,12,True,0,12,0,0,1,0,0,24.0,508.21414214023685,289,1445.0,4327.569705682842,True,0,39.0,0,4,0.23958540000603534,0,0,0,0,37,8,3100147,52,5,4,12,25,263.0,6098.569705682842,0.26032020000275224
0,noclosure,81,0,13,12,True,0,12,0,0,1,0,0,24.0,508.21414214023685,289,1445.0,4327.569705682842,True,0,39.0,0,4,0.22134070000902284,0,0,0,0,37,8,3100147,52,5,4,12,25,263.0,6098.569705682842,0.24246229999698699
0,step,70,0,15,12,True,0,12,0,0,3,0,0,24.0,515.1103737715109,295,1475.0,4372.32448525813,True,0,45.0,0,4,0.21720990000176243,0,0,19,11,48,8,3100147,52,7,4,12,25,265.0,6181.324485258131,0.23509019998891745
0,default,90,0,18,14,True,0,14,0,0,4,1,0,28.0,458.47314410935576,287,1435.0,4638.624017530979,True,0,54.0,1,4,0.3795550000068033,0,0,0,0,39,7,3100148,75,7,6,14,25,263.0,6418.62401753098,0.3985401000099955
0,noclosure,90,0,18,14,True,0,14,0,0,4,1,0,28.0,458.47314410935576,287,1435.0,4638.624017530979,True,0,54.0,1,4,0.3162677999935113,0,0,0,0,39,7,3100148,75,7,6,14,25,263.0,6418.62401753098,0.33483089999936055
0,step,64,0,18,14,True,0,14,0,0,4,0,0,28.0,419.9954911172717,286,1430.0,4103.936875641802,True,0,54.0,0,4,0.3374569000006886,0,0,22,15,54,7,3100148,65,11,7,14,25,264.0,5879.936875641803,0.3543754000129411
0,default,90,0,25,11,True,0,11,0,0,14,1,0,22.0,619.2779003692132,348,1740.0,4654.056904061351,True,0,75.0,1,4,0.5602900999947451,0,0,0,0,36,6,3100149,35,5,4,11,25,321.0,6812.056904061345,0.6066921000019647
0,noclosure,90,0,25,11,True,0,11,0,0,14,1,0,22.0,619.2779003692132,348,1740.0,4654.056904061351,True,0,75.0,1,4,0.5211930999939796,0,0,0,0,36,6,3100149,35,5,4,11,25,321.0,6812.056904061345,0.5559896000049775
0,step,103,0,25,11,True,0,11,0,0,14,1,0,22.0,596.4175878109382,333,1665.0,4489.593465920326,True,0,75.0,0,4,0.8608882000116864,0,1,16,9,45,6,3100149,43,5,4,11,25,309.0,6560.593465920321,0.9105455999961123
0,default,41,0,32,15,True,0,15,0,0,17,1,0,30.0,440.6302071495258,243,1215.0,5052.453107242885,True,0,96.0,0,4,0.7492725000047358,0,0,0,0,40,10,3100150,45,4,4,15,25,216.0,6609.453107242887,0.7730057999870041
0,noclosure,41,0,32,15,True,0,15,0,0,17,1,0,30.0,440.6302071495258,243,1215.0,5052.453107242885,True,0,96.0,0,4,0.7838225999876158,0,0,0,0,40,10,3100150,45,4,4,15,25,216.0,6609.453107242887,0.8480153999989852
0,step,38,0,33,15,True,0,15,0,0,18,1,0,30.0,428.16983514547053,242,1210.0,4869.547527182058,True,0,99.0,0,4,0.6263762000016868,0,1,19,9,49,9,3100150,55,6,5,15,25,214.0,6422.547527182058,0.6631838999892352
0,default,6,0,13,12,True,0,12,0,0,1,0,0,24.0,504.909994632227,277,1385.0,4354.919935586722,True,0,39.0,1,4,0.19868959998711944,0,0,0,0,37,4,3100151,50,9,8,12,25,256.0,6058.919935586724,0.2199770000006538
0,noclosure,6,0,13,12,True,0,12,0,0,1,0,0,24.0,504.909994632227,277,1385.0,4354.919935586722,True,0,39.0,1,4,0.16109949999372475,0,0,0,0,37,4,3100151,50,9,8,12,25,256.0,6058.919935586724,0.18241969999508
0,step,15,0,14,12,True,0,12,0,0,2,1,0,24.0,492.026984033682,275,1375.0,4209.323808404184,True,0,42.0,1,4,0.3932070000009844,0,1,11,6,43,4,3100151,31,8,7,12,25,254.0,5904.323808404184,0.4137687000038568
0,default,70,0,12,12,True,0,12,0,0,0,0,0,24.0,529.4304383435515,299,1495.0,4524.165260122617,True,0,36.0,0,4,0.2820759000023827,0,0,0,0,37,6,3100152,34,6,6,12,25,274.0,6353.165260122618,0.30512520000047516
0,noclosure,70,0,12,12,True,0,12,0,0,0,0,0,24.0,529.4304383435515,299,1495.0,4524.165260122617,True,0,36.0,0,4,0.327612399996724,0,0,0,0,37,6,3100152,34,6,6,12,25,274.0,6353.165260122618,0.3639591999963159
0,step,15,0,48,12,True,0,12,0,0,36,1,0,24.0,545.8542765945784,317,1585.0,4501.251319134941,True,0,144.0,0,4,0.4352024999971036,0,1,11,6,43,4,3100152,40,7,7,12,25,296.0,6550.251319134941,0.4590456999867456
0,default,84,0,12,12,True,0,12,0,0,0,0,0,24.0,521.6938656102544,300,1500.0,4427.326387323053,True,0,36.0,1,4,0.3857642999937525,0,0,0,0,37,6,3100153,61,6,6,12,25,273.0,6260.326387323053,0.42180419999931473
0,noclosure,84,0,12,12,True,0,12,0,0,0,0,0,24.0,521.6938656102544,300,1500.0,4427.326387323053,True,0,36.0,1,4,0.3904873999999836,0,0,0,0,37,6,3100153,61,6,6,12,25,273.0,6260.326387323053,0.41098349999811035
0,step,70,0,12,12,True,0,12,0,0,0,0,0,24.0,520.0823156961417,299,1495.0,4412.9877883537,True,0,36.0,1,4,0.5206957000045804,0,0,16,11,48,5,3100153,61,7,7,12,25,273.0,6240.9877883537,0.5519599000108428
0,default,39,0,45,16,True,3,16,1,0,29,2,0,32.0,399.45048130439915,220,1100.0,4930.207700870385,True,0,135.0,0,4,0.6966274000005797,0,0,0,0,38,7,3100154,75,8,7,16,22,194.0,6391.207700870386,0.7152529000013601
0,noclosure,65,0,27,16,True,0,16,0,0,11,1,0,32.0,392.03853657857206,229,1145.0,4812.616585257152,True,0,81.0,0,4,0.38764099999389146,0,0,0,0,40,8,3100154,79,8,7,16,24,202.0,6272.616585257153,0.40892380000150297
0,step,26,0,36,16,True,8,16,1,0,20,1,0,32.0,335.16228435568263,171,855.0,4213.596549690915,True,0,108.0,0,4,0.25267210000311024,0,1,17,10,36,6,3100154,54,11,9,16,17,154.0,5362.596549690922,0.27131650000228547
0,default,14,0,22,13,True,0,13,0,0,9,1,0,26.0,487.583999333148,300,1500.0,4468.591991330924,True,0,66.0,1,4,0.30207859999791253,0,0,0,0,38,7,3100155,26,8,5,13,25,278.0,6338.5919913309235,0.32268549999571405
0,noclosure,14,0,22,13,True,0,13,0,0,9,1,0,26.0,487.583999333148,300,1500.0,4468.591991330924,True,0,66.0,1,4,0.29619340000499506,0,0,0,0,38,7,3100155,26,8,5,13,25,278.0,6338.5919913309235,0.31274420001136605
0,step,0,0,22,13,True,0,13,0,0,9,1,0,26.0,485.76827086327444,298,1490.0,4454.987521222569,True,0,66.0,0,4,0.2796941999986302,0,1,13,7,45,5,3100155,26,10,7,13,25,278.0,6314.987521222568,0.29624490000423975
0,default,51,0,20,16,True,6,16,1,0,4,1,0,32.0,362.4179977793275,240,1200.0,4285.687964469238,True,0,60.0,0,4,0.3417348000075435,0,0,0,0,35,10,3100156,27,6,5,16,19,221.0,5798.68796446924,0.3603513000125531
0,noclosure,51,0,20,16,True,0,16,0,0,4,1,0,32.0,390.9762473985617,256,1280.0,4649.619958376986,True,0,60.0,0,4,0.37686119999852963,0,0,0,0,39,10,3100156,31,6,5,16,23,234.0,6255.619958376988,0.39704860000347253
0,step,37,0,20,16,True,6,16,1,0,4,1,0,32.0,356.10322168690686,242,1210.0,4168.65154699051,True,0,60.0,0,4,0.35478180000791326,0,1,25,14,47,10,3100156,31,6,5,16,19,227.0,5697.65154699051,0.3732451999967452
0,default,70,0,13,11,True,0,11,0,0,2,0,0,22.0,580.0834070044085,318,1590.0,4437.917477048494,True,0,39.0,1,4,0.20852419998846017,0,0,0,0,36,8,3100157,32,5,3,11,25,292.0,6380.917477048493,0.22669589999713935
0,noclosure,70,0,13,11,True,0,11,0,0,2,0,0,22.0,580.0834070044085,318,1590.0,4437.917477048494,True,0,39.0,1,4,0.2106062000093516,0,0,0,0,36,8,3100157,32,5,3,11,25,292.0,6380.917477048493,0.2284295999997994
0,step,37,0,14,11,True,0,11,0,0,3,0,0,22.0,576.9202115084516,316,1580.0,4408.1223265929675,True,0,42.0,0,4,0.17169810000632424,0,0,16,9,45,7,3100157,33,7,4,11,25,294.0,6346.1223265929675,0.18948470000759698
0,default,51,0,11,10,True,0,10,0,0,1,0,0,20.0,621.9831365536809,331,1655.0,4206.831365536808,True,0,33.0,0,4,0.1480980000051204,0,0,0,0,35,7,3100158,27,4,3,10,25,305.0,6219.831365536808,0.16638720000628382
0,noclosure,51,0,11,10,True,0,10,0,0,1,0,0,20.0,621.9831365536809,331,1655.0,4206.831365536808,True,0,33.0,0,4,0.14578350000374485,0,0,0,0,35,7,3100158,27,4,3,10,25,305.0,6219.831365536808,0.16358100000070408
0,step,25,0,10,10,True,0,10,0,0,0,0,0,20.0,603.5227313162333,333,1665.0,4008.2273131623338,True,0,30.0,0,4,0.1426464000105625,0,0,12,7,42,5,3100158,49,5,5,10,25,312.0,6035.227313162332,0.1603830999956699
0,default,83,0,11,10,True,0,10,0,0,1,0,0,20.0,625.3418061860514,332,1660.0,4237.418061860512,True,0,33.0,2,4,0.22939780000888277,0,0,0,0,35,10,3100159,7,1,0,10,25,303.0,6253.418061860513,0.24736860000120942
0,noclosure,83,0,11,10,True,0,10,0,0,1,0,0,20.0,625.3418061860514,332,1660.0,4237.418061860512,True,0,33.0,2,4,0.2586072999984026,0,0,0,0,35,10,3100159,7,1,0,10,25,303.0,6253.418061860513,0.2765399000054458
0,step,26,0,24,10,True,0,10,0,0,14,1,0,20.0,656.9969111757946,333,1665.0,4506.969111757951,True,0,72.0,0,4,0.3037522000086028,0,1,13,8,43,4,3100159,75,5,5,10,25,306.0,6569.969111757946,0.32121080000069924
0,default,2,0,11,10,True,0,10,0,0,1,0,0,20.0,593.5217083346874,314,1570.0,4022.2170833468745,True,0,33.0,1,4,0.11819419999665115,0,0,0,0,35,5,3100160,46,6,5,10,25,290.0,5935.2170833468745,0.13624730000447016
0,noclosure,2,0,11,10,True,0,10,0,0,1,0,0,20.0,593.5217083346874,314,1570.0,4022.2170833468745,True,0,33.0,1,4,0.11715359998925123,0,0,0,0,35,5,3100160,46,6,5,10,25,290.0,5935.2170833468745,0.13760719999845605
0,step,13,0,11,10,True,0,10,0,0,1,0,0,20.0,636.2977440611993,323,1615.0,4393.977440611991,True,0,33.0,0,4,0.13476980000268668,0,0,8,4,38,4,3100160,117,7,6,10,25,301.0,6362.977440611993,0.1527005999960238
0,default,49,0,10,10,True,0,10,0,0,0,0,0,20.0,615.287651382818,347,1735.0,4042.876513828181,True,0,30.0,0,4,0.15138429999933578,0,0,0,0,35,6,3100161,13,4,4,10,25,325.0,6152.876513828181,0.17243789999338333
0,noclosure,49,0,10,10,True,0,10,0,0,0,0,0,20.0,615.287651382818,347,1735.0,4042.876513828181,True,0,30.0,0,4,0.15613350000057835,0,0,0,0,35,6,3100161,13,4,4,10,25,325.0,6152.876513828181,0.17365659998904448
0,step,12,0,11,10,True,0,10,0,0,1,0,0,20.0,612.7789134808086,346,1730.0,4019.789134808086,True,0,33.0,0,4,0.15087680000578985,0,0,13,8,43,5,3100161,13,6,5,10,25,325.0,6127.789134808086,0.1715317999914987
0,default,110,0,16,15,True,0,15,0,0,1,0,0,30.0,428.85964072929767,310,1550.0,4521.894610939466,True,0,48.0,0,4,0.26133750000735745,0,0,0,0,40,10,3100162,70,6,5,15,25,283.0,6432.894610939465,0.27905969999847
0,noclosure,110,0,16,15,True,0,15,0,0,1,0,0,30.0,428.85964072929767,310,1550.0,4521.894610939466,True,0,48.0,0,4,0.2687118999892846,0,0,0,0,40,10,3100162,70,6,5,15,25,283.0,6432.894610939465,0.2856878000020515
0,step,52,0,16,15,True,0,15,0,0,1,0,0,30.0,427.0681992590226,318,1590.0,4443.02298888534,True,0,48.0,0,4,0.24969519999285694,0,0,22,12,52,10,3100162,68,6,5,15,25,295.0,6406.022988885339,0.26827219998813234
0,default,82,0,21,14,True,0,14,0,0,7,1,0,28.0,501.7690731868511,315,1575.0,5074.767024615914,True,0,63.0,0,4,0.3767548999894643,0,0,0,0,39,6,3100163,50,8,7,14,25,284.0,7024.767024615915,0.39455320000706706
0,noclosure,82,0,21,14,True,0,14,0,0,7,1,0,28.0,501.7690731868511,315,1575.0,5074.767024615914,True,0,63.0,0,4,0.3601887999975588,0,0,0,0,39,6,3100163,50,8,7,14,25,284.0,7024.767024615915,0.3778635999915423
0,step,0,0,16,14,True,0,14,0,0,2,0,0,28.0,448.4304075036963,299,1495.0,4433.025705051747,True,0,48.0,0,4,0.19564299999910872,0,0,19,13,52,6,3100163,49,10,8,14,25,274.0,6278.025705051748,0.2131844999967143
0,default,105,0,18,15,True,0,15,0,0,3,0,0,30.0,389.7412124908325,246,1230.0,4311.118187362486,True,0,54.0,1,4,0.27642109998851083,0,0,0,0,40,10,3100164,86,8,5,15,25,221.0,5846.118187362487,0.2934267000091495
0,noclosure,105,0,18,15,True,0,15,0,0,3,0,0,30.0,389.7412124908325,246,1230.0,4311.118187362486,True,0,54.0,1,4,0.2742274000047473,0,0,0,0,40,10,3100164,86,8,5,15,25,221.0,5846.118187362487,0.29163100000005215
0,step,75,0,19,15,True,0,15,0,0,4,0,0,30.0,380.52432707228064,237,1185.0,4220.864906084211,True,0,57.0,0,4,0.27053529999102466,0,0,22,13,53,9,3100164,83,10,6,15,25,215.0,5707.86490608421,0.28776839999773074
0,default,114,0,39,13,True,0,13,0,0,26,2,0,26.0,505.22576010470607,297,1485.0,4671.934881361178,True,0,117.0,0,4,0.5321761999948649,0,0,0,0,38,9,3100165,40,2,2,13,25,268.0,6567.934881361179,0.5499080000008689
0,noclosure,114,0,39,13,True,0,13,0,0,26,2,0,26.0,505.22576010470607,297,1485.0,4671.934881361178,True,0,117.0,0,4,0.5399800999875879,0,0,0,0,38,9,3100165,40,2,2,13,25,268.0,6567.934881361179,0.5575494000077015
0,step,30,0,39,13,True,0,13,0,0,26,2,0,26.0,494.6300281810514,276,1380.0,4655.19036635366,True,0,117.0,1,4,0.49722140000085346,0,2,14,7,45,5,3100165,46,6,6,13,25,252.0,6430.190366353668,0.5152999999991152
0,default,102,0,45,16,True,11,16,1,0,29,1,0,32.0,344.64840952231185,184,920.0,4271.374552356989,True,0,135.0,2,4,0.43289549999462906,0,0,0,0,30,12,3100166,52,4,3,16,14,156.0,5514.37455235699,0.4504231000028085
0,noclosure,106,0,45,16,True,0,16,0,0,29,1,0,32.0,394.99193610086553,226,1130.0,4824.870977613848,True,0,135.0,0,4,0.4492271999915829,0,0,0,0,39,11,3100166,67,5,4,16,23,198.0,6319.8709776138485,0.46774969999387395
0,step,25,0,45,16,True,11,16,1,0,29,1,0,32.0,367.11390584367444,178,890.0,4660.822493498788,True,0,135.0,0,4,0.3413639000063995,0,1,21,12,25,8,3100166,52,8,7,16,14,156.0,5873.822493498791,0.3589207000040915
0,default,92,0,16,16,True,12,16,1,0,0,0,0,32.0,288.2188263065174,155,775.0,3623.50122090428,True,0,48.0,1,4,0.2569943999988027,0,0,0,0,29,10,3100167,53,6,6,16,13,133.0,4611.501220904279,0.27432450000196695
0,noclosure,0,0,16,16,True,0,16,0,0,0,0,0,32.0,358.5675054273561,204,1020.0,4456.080086837697,True,0,48.0,0,4,0.16250199999194592,0,0,0,0,41,4,3100167,94,12,12,16,25,181.0,5737.080086837697,0.1804264999955194
0,step,60,0,16,16,True,16,16,1,0,0,0,0,32.0,272.09340539568126,122,610.0,3556.4944863309006,True,0,48.0,0,4,0.19192450000264216,0,0,21,15,16,6,3100167,48,10,10,16,9,107.0,4353.4944863309,0.21138959999370854
0,default,90,0,11,11,True,0,11,0,0,0,0,0,22.0,583.4790815018672,319,1595.0,4477.269896520538,True,0,33.0,0,4,0.21026209999399725,0,0,0,0,36,7,3100168,28,4,4,11,25,291.0,6418.269896520539,0.23289590000058524
0,noclosure,90,0,11,11,True,0,11,0,0,0,0,0,22.0,583.4790815018672,319,1595.0,4477.269896520538,True,0,33.0,0,4,0.21190809999825433,0,0,0,0,36,7,3100168,28,4,4,11,25,291.0,6418.269896520539,0.23039430000062566
0,step,50,0,11,11,True,0,11,0,0,0,0,0,22.0,573.371264549181,320,1600.0,4356.083910040989,True,0,33.0,0,4,0.19036869998672046,0,0,20,13,49,7,3100168,30,4,4,11,25,296.0,6307.08391004099,0.2265620999969542
0,default,70,0,20,15,True,0,15,0,0,5,1,0,30.0,428.05056245524133,266,1330.0,4761.758436828621,True,0,60.0,1,4,0.3599098000122467,0,0,0,0,40,8,3100169,64,8,6,15,25,239.0,6420.75843682862,0.3767821999936132
0,noclosure,70,0,20,15,True,0,15,0,0,5,1,0,30.0,428.05056245524133,266,1330.0,4761.758436828621,True,0,60.0,1,4,0.3668357999995351,0,0,0,0,40,8,3100169,64,8,6,15,25,239.0,6420.75843682862,0.3856488999881549
0,step,36,0,17,15,True,0,15,0,0,2,0,0,30.0,412.61594734439353,285,1425.0,4422.239210165902,True,0,51.0,0,4,0.2063534999906551,0,0,25,16,56,9,3100169,73,8,6,15,25,261.0,6189.239210165903,0.22365410000202246
0,default,12,0,25,14,True,0,14,0,0,11,1,0,28.0,454.3291322312901,266,1330.0,4691.60785123806,True,0,75.0,0,4,0.20508489999338053,0,0,0,0,39,12,3100170,36,1,1,14,25,236.0,6360.607851238061,0.2226754000002984
0,noclosure,12,0,25,14,True,0,14,0,0,11,1,0,28.0,454.3291322312901,266,1330.0,4691.60785123806,True,0,75.0,0,4,0.20784819999244064,0,0,0,0,39,12,3100170,36,1,1,14,25,236.0,6360.607851238061,0.22791729999880772
0,step,0,0,25,14,True,0,14,0,0,11,1,0,28.0,481.43598834455787,304,1520.0,4840.103836823809,True,0,75.0,0,4,0.1978289999970002,0,1,17,9,44,7,3100170,50,6,6,14,25,277.0,6740.1038368238105,0.215297400005511
0,default,89,0,13,13,True,0,13,0,0,0,0,0,26.0,508.80798414439994,303,1515.0,4759.503793877201,True,0,39.0,1,4,0.2485537999891676,0,0,0,0,38,7,3100171,17,6,6,13,25,275.0,6614.503793877199,0.2666721999994479
0,noclosure,89,0,13,13,True,0,13,0,0,0,0,0,26.0,508.80798414439994,303,1515.0,4759.503793877201,True,0,39.0,1,4,0.26156909999554045,0,0,0,0,38,7,3100171,17,6,6,13,25,275.0,6614.503793877199,0.27938710000307765
0,step,54,0,17,13,True,0,13,0,0,4,1,0,26.0,473.8854170394447,273,1365.0,4471.510421512781,True,0,51.0,0,4,0.3943788000033237,0,1,21,13,51,7,3100171,69,7,5,13,25,247.0,6160.510421512781,0.4131873000005726
0,default,25,0,15,14,True,0,14,0,0,1,0,0,28.0,442.31157112000767,263,1315.0,4564.361995680106,True,0,45.0,0,4,0.19671619999280665,0,0,0,0,39,6,3100172,109,9,8,14,25,240.0,6192.361995680108,0.21502289999625646
0,noclosure,25,0,15,14,True,0,14,0,0,1,0,0,28.0,442.31157112000767,263,1315.0,4564.361995680106,True,0,45.0,0,4,0.18507900000258815,0,0,0,0,39,6,3100172,109,9,8,14,25,240.0,6192.361995680108,0.20448230000329204
0,step,25,0,15,14,True,0,14,0,0,1,0,0,28.0,442.31157112000767,263,1315.0,4564.361995680106,True,0,45.0,0,4,0.1939103999902727,0,0,12,6,44,6,3100172,109,9,8,14,25,240.0,6192.361995680108,0.21182589999807533
0,default,66,0,14,14,True,0,14,0,0,0,0,0,28.0,434.92298213642925,261,1305.0,4475.921749910011,True,0,42.0,0,4,0.2088031999883242,0,0,0,0,39,6,3100173,90,8,8,14,25,238.0,6088.92174991001,0.22674389999883715
0,noclosure,66,0,14,14,True,0,14,0,0,0,0,0,28.0,434.92298213642925,261,1305.0,4475.921749910011,True,0,42.0,0,4,0.21119370000087656,0,0,0,0,39,6,3100173,90,8,8,14,25,238.0,6088.92174991001,0.22898980000172742
0,step,48,0,14,14,True,0,14,0,0,0,0,0,28.0,436.52051698953807,265,1325.0,4472.287237853535,True,0,42.0,0,4,0.21137930000259075,0,0,15,9,48,6,3100173,90,8,8,14,25,244.0,6111.287237853533,0.2278292999981204
0,default,83,0,11,11,True,0,11,0,0,0,0,0,22.0,604.8105701304472,336,1680.0,4609.916271434919,True,0,33.0,1,4,0.21525939999264665,0,0,0,0,36,6,3100174,35,5,5,11,25,308.0,6652.9162714349195,0.2320122000091942
0,noclosure,83,0,11,11,True,0,11,0,0,0,0,0,22.0,604.8105701304472,336,1680.0,4609.916271434919,True,0,33.0,1,4,0.21379809999780264,0,0,0,0,36,6,3100174,35,5,5,11,25,308.0,6652.9162714349195,0.23161200000322424
0,step,27,0,12,11,True,0,11,0,0,1,0,0,22.0,620.8494256733774,348,1740.0,4705.343682407152,True,0,36.0,0,4,0.17232669999066275,0,0,19,11,47,8,3100174,47,4,3,11,25,326.0,6829.343682407151,0.18924950000655372
0,default,49,0,34,13,True,0,13,0,0,21,3,0,26.0,525.332598978406,313,1565.0,4853.3237867192765,True,0,102.0,2,4,0.6385951999982353,0,0,0,0,38,6,3100175,25,5,4,13,25,283.0,6829.323786719278,0.6553464000025997
0,noclosure,49,0,34,13,True,0,13,0,0,21,3,0,26.0,525.332598978406,313,1565.0,4853.3237867192765,True,0,102.0,2,4,0.63603460000013,0,0,0,0,38,6,3100175,25,5,4,13,25,283.0,6829.323786719278,0.6541104999923846
0,step,37,0,24,13,True,0,13,0,0,11,1,0,26.0,494.48122477703447,271,1355.0,4730.255922101449,True,0,72.0,0,4,0.3368426999950316,0,1,17,10,48,6,3100175,44,6,6,13,25,245.0,6428.255922101448,0.35347219998948276
0,default,26,0,45,10,True,0,10,0,0,35,1,0,20.0,661.525173885892,329,1645.0,4514.251738858918,True,0,135.0,0,4,0.23993150000751484,0,0,0,0,35,5,3100176,30,4,4,10,25,301.0,6615.251738858919,0.2568948999978602
0,noclosure,26,0,45,10,True,0,10,0,0,35,1,0,20.0,661.525173885892,329,1645.0,4514.251738858918,True,0,135.0,0,4,0.2507422999915434,0,0,0,0,35,5,3100176,30,4,4,10,25,301.0,6615.251738858919,0.2675407000060659
0,step,26,0,45,10,True,0,10,0,0,35,1,0,20.0,666.1504374114231,331,1655.0,4548.504374114231,True,0,135.0,0,4,0.2584373999998206,0,1,12,6,41,5,3100176,30,4,4,10,25,303.0,6661.504374114232,0.2773400000005495
0,default,7,0,15,12,True,0,12,0,0,3,1,0,24.0,511.8765658249617,283,1415.0,4396.518789899539,True,0,45.0,1,4,0.20534369999950286,0,0,0,0,37,6,3100177,47,6,5,12,25,262.0,6142.51878989954,0.22328469999774825
0,noclosure,7,0,15,12,True,0,12,0,0,3,1,0,24.0,511.8765658249617,283,1415.0,4396.518789899539,True,0,45.0,1,4,0.20548170000256505,0,0,0,0,37,6,3100177,47,6,5,12,25,262.0,6142.51878989954,0.22389199999452103
0,step,8,0,15,12,True,0,12,0,0,3,1,0,24.0,506.84395108320615,281,1405.0,4345.127412998472,True,0,45.0,1,4,0.21594069999991916,0,1,12,7,44,4,3100177,49,8,7,12,25,263.0,6082.127412998474,0.2336397000035504
0,default,56,0,19,14,True,0,14,0,0,5,2,0,28.0,453.4357030151932,278,1390.0,4620.099842212708,True,0,57.0,1,4,0.4697052999981679,0,0,0,0,39,7,3100178,55,6,5,14,25,253.0,6348.099842212705,0.4875293000077363
0,noclosure,56,0,19,14,True,0,14,0,0,5,2,0,28.0,453.4357030151932,278,1390.0,4620.099842212708,True,0,57.0,1,4,0.46367450000252575,0,0,0,0,39,7,3100178,55,6,5,14,25,253.0,6348.099842212705,0.4824919999955455
0,step,27,0,23,14,True,0,14,0,0,9,3,0,28.0,455.5256111175322,279,1395.0,4630.358555645454,True,0,69.0,0,4,0.44347189999825787,0,3,16,8,47,5,3100178,55,8,6,14,25,255.0,6377.358555645451,0.46122700000705663
0,default,84,0,28,14,True,0,14,0,0,14,1,0,28.0,434.1169701258431,240,1200.0,4550.637581761805,True,0,84.0,0,4,0.4094407000084175,0,0,0,0,39,9,3100179,93,5,4,14,25,215.0,6077.637581761804,0.4270170999952825
0,noclosure,84,0,28,14,True,0,14,0,0,14,1,0,28.0,434.1169701258431,240,1200.0,4550.637581761805,True,0,84.0,0,4,0.38939270000264514,0,0,0,0,39,9,3100179,93,5,4,14,25,215.0,6077.637581761804,0.4074368000001414
0,step,61,0,29,14,True,0,14,0,0,15,1,0,28.0,430.75563572590033,241,1205.0,4493.578900162605,True,0,87.0,0,4,0.3753934999986086,0,1,22,12,51,9,3100179,93,6,4,14,25,217.0,6030.578900162604,0.3931520000041928
0,default,44,0,10,10,True,0,10,0,0,0,0,0,20.0,622.2955336313457,349,1745.0,4108.955336313458,True,0,30.0,1,4,0.18011420000402723,0,0,0,0,35,7,3100180,46,3,3,10,25,319.0,6222.955336313457,0.19653700001072139
0,noclosure,44,0,10,10,True,0,10,0,0,0,0,0,20.0,622.2955336313457,349,1745.0,4108.955336313458,True,0,30.0,1,4,0.16673899999295827,0,0,0,0,35,7,3100180,46,3,3,10,25,319.0,6222.955336313457,0.18440899999404792
0,step,39,0,10,10,True,0,10,0,0,0,0,0,20.0,621.8880426500456,348,1740.0,4109.880426500457,True,0,30.0,0,4,0.15566499999840744,0,0,14,8,43,6,3100180,46,4,4,10,25,319.0,6218.8804265004555,0.1738372999971034
0,default,93,0,14,12,True,0,12,0,0,2,0,0,24.0,516.8206697856732,289,1445.0,4429.848037428079,True,0,42.0,1,4,0.23670889998902567,0,0,0,0,37,6,3100181,51,8,6,12,25,261.0,6201.848037428079,0.25456600000325125
0,noclosure,93,0,14,12,True,0,12,0,0,2,0,0,24.0,516.8206697856732,289,1445.0,4429.848037428079,True,0,42.0,1,4,0.2411900000006426,0,0,0,0,37,6,3100181,51,8,6,12,25,261.0,6201.848037428079,0.25981119999778457
0,step,93,0,14,12,True,0,12,0,0,2,0,0,24.0,516.8206697856732,289,1445.0,4429.848037428079,True,0,42.0,1,4,0.23899519999395125,0,0,14,8,45,6,3100181,51,8,6,12,25,261.0,6201.848037428079,0.25598320001154207
0,default,62,0,12,10,True,0,10,0,0,2,0,0,20.0,628.5798199898845,329,1645.0,4280.798199898844,True,0,36.0,1,4,0.19145539999590255,0,0,0,0,35,8,3100182,16,4,2,10,25,304.0,6285.798199898845,0.21152129999245517
0,noclosure,62,0,12,10,True,0,10,0,0,2,0,0,20.0,628.5798199898845,329,1645.0,4280.798199898844,True,0,36.0,1,4,0.20728790000430308,0,0,0,0,35,8,3100182,16,4,2,10,25,304.0,6285.798199898845,0.22484469998744316
0,step,15,0,12,10,True,0,10,0,0,2,0,0,20.0,616.8851543517691,326,1630.0,4178.85154351769,True,0,36.0,0,4,0.1444785000057891,0,0,13,9,44,4,3100182,18,8,6,10,25,304.0,6168.8515435176905,0.16468030000396539
0,default,53,0,12,12,True,0,12,0,0,0,0,0,24.0,515.4781738957729,266,1330.0,4557.738086749273,True,0,36.0,0,4,0.16671419999329373,0,0,0,0,37,9,3100183,47,3,3,12,25,238.0,6185.738086749275,0.1843854999897303
0,noclosure,53,0,12,12,True,0,12,0,0,0,0,0,24.0,515.4781738957729,266,1330.0,4557.738086749273,True,0,36.0,0,4,0.16820470000675414,0,0,0,0,37,9,3100183,47,3,3,12,25,238.0,6185.738086749275,0.18706769999698736
0,step,14,0,12,12,True,0,12,0,0,0,0,0,24.0,512.5267721775607,264,1320.0,4532.321266130727,True,0,36.0,0,4,0.1511523999943165,0,0,16,9,46,7,3100183,47,5,5,12,25,238.0,6150.321266130729,0.16863710001052823
0,default,99,0,10,10,True,0,10,0,0,0,0,0,20.0,666.1830076459936,358,1790.0,4490.8300764599335,True,0,30.0,1,4,0.21103810000931844,0,0,0,0,35,5,3100184,23,5,5,10,25,331.0,6661.830076459936,0.2281821999931708
0,noclosure,99,0,10,10,True,0,10,0,0,0,0,0,20.0,666.1830076459936,358,1790.0,4490.8300764599335,True,0,30.0,1,4,0.2126282999961404,0,0,0,0,35,5,3100184,23,5,5,10,25,331.0,6661.830076459936,0.22931369999423623
0,step,84,0,10,10,True,0,10,0,0,0,0,0,20.0,664.7466107931501,356,1780.0,4486.4661079315,True,0,30.0,0,4,0.20295829999668058,0,0,12,9,44,3,3100184,23,7,7,10,25,331.0,6647.466107931501,0.22617019999597687
0,default,28,0,11,11,True,0,11,0,0,0,0,0,22.0,560.0998282723344,337,1685.0,4108.098110995677,True,0,33.0,0,4,0.12988039999618195,0,0,0,0,36,7,3100185,10,4,4,11,25,313.0,6161.098110995678,0.1482844000129262
0,noclosure,28,0,11,11,True,0,11,0,0,0,0,0,22.0,560.0998282723344,337,1685.0,4108.098110995677,True,0,33.0,0,4,0.13208169999415986,0,0,0,0,36,7,3100185,10,4,4,11,25,313.0,6161.098110995678,0.14891020000504795
0,step,0,0,12,11,True,0,11,0,0,1,0,0,22.0,553.7035823218002,337,1685.0,4032.7394055398004,True,0,36.0,0,4,0.1157804000104079,0,0,13,7,43,6,3100185,11,6,5,11,25,315.0,6090.739405539803,0.13315009999496397
0,default,53,0,14,13,True,0,13,0,0,1,0,0,26.0,470.96774424526967,283,1415.0,4383.580675188506,True,0,42.0,0,4,0.19004349999886472,0,0,0,0,38,7,3100186,34,7,6,13,25,256.0,6122.580675188506,0.20815120000042953
0,noclosure,53,0,14,13,True,0,13,0,0,1,0,0,26.0,470.96774424526967,283,1415.0,4383.580675188506,True,0,42.0,0,4,0.19564629999513272,0,0,0,0,38,7,3100186,34,7,6,13,25,256.0,6122.580675188506,0.21328429999994114
0,step,50,0,14,13,True,0,13,0,0,1,0,0,26.0,460.84460461476215,285,1425.0,4236.979859991909,True,0,42.0,0,4,0.19154960000014398,0,0,13,8,46,5,3100186,41,9,8,13,25,261.0,5990.979859991908,0.21025590000499506
0,default,61,0,24,15,True,0,15,0,0,9,1,0,30.0,434.4582880467502,278,1390.0,4771.874320701255,True,0,72.0,1,4,0.38843620000989176,0,0,0,0,40,8,3100187,73,7,6,15,25,253.0,6516.874320701253,0.40534159999515396
0,noclosure,61,0,24,15,True,0,15,0,0,9,1,0,30.0,434.4582880467502,278,1390.0,4771.874320701255,True,0,72.0,1,4,0.39126269999542274,0,0,0,0,40,8,3100187,73,7,6,15,25,253.0,6516.874320701253,0.40889949999109376
0,step,44,0,15,15,True,0,15,0,0,0,0,0,30.0,415.2380368115256,288,1440.0,4443.570552172883,True,0,45.0,0,4,0.2363385000062408,0,0,16,9,49,7,3100187,72,8,8,15,25,270.0,6228.570552172884,0.2529646000039065
0,default,28,0,15,15,True,0,15,0,0,0,0,0,30.0,403.18891386317307,253,1265.0,4477.833707947597,True,0,45.0,0,4,0.16740029999346007,0,0,0,0,40,4,3100188,97,11,11,15,25,230.0,6047.833707947596,0.18649029999505728
0,noclosure,28,0,15,15,True,0,15,0,0,0,0,0,30.0,403.18891386317307,253,1265.0,4477.833707947597,True,0,45.0,0,4,0.1697856000100728,0,0,0,0,40,4,3100188,97,11,11,15,25,230.0,6047.833707947596,0.1877472000051057
0,step,0,0,17,15,True,0,15,0,0,2,1,0,30.0,407.36731879593464,242,1210.0,4597.50978193902,True,0,51.0,0,4,0.3253314000030514,0,1,8,4,42,3,3100188,91,11,11,15,25,222.0,6110.509781939019,0.34432880001259036
0,default,62,0,14,14,True,0,14,0,0,0,0,0,28.0,452.9736007088042,274,1370.0,4655.63040992326,True,0,42.0,1,4,0.22726260000490583,0,0,0,0,39,10,3100189,87,4,4,14,25,246.0,6341.630409923259,0.24462270000367425
0,noclosure,62,0,14,14,True,0,14,0,0,0,0,0,28.0,452.9736007088042,274,1370.0,4655.63040992326,True,0,42.0,1,4,0.22384530000272207,0,0,0,0,39,10,3100189,87,4,4,14,25,246.0,6341.630409923259,0.2412272999936249
0,step,15,0,14,14,True,0,14,0,0,0,0,0,28.0,451.8310642403686,271,1355.0,4653.634899365161,True,0,42.0,0,4,0.18322900000202935,0,0,17,10,47,7,3100189,87,7,7,14,25,247.0,6325.634899365161,0.20150769999600016
0,default,80,0,17,16,True,6,16,1,0,1,0,0,32.0,328.02600777488584,224,1120.0,3847.416124398175,True,0,51.0,3,4,0.25487589999102056,0,0,0,0,35,10,3100190,49,7,6,16,19,198.0,5248.416124398173,0.27386939999996684
0,noclosure,60,0,18,16,True,0,16,0,0,2,0,0,32.0,367.2018018989092,247,1235.0,4334.228830382547,True,0,54.0,2,4,0.23138070000277366,0,0,0,0,40,9,3100190,61,9,7,16,24,220.0,5875.228830382547,0.2500047000066843
0,step,26,0,20,16,True,6,16,1,0,4,0,0,32.0,329.5843033964437,223,1115.0,3865.348854343102,True,0,60.0,0,4,0.19626899999275338,0,0,22,15,39,7,3100190,50,13,9,16,19,201.0,5273.348854343099,0.21350019999954384
0,default,54,0,13,13,True,0,13,0,0,0,0,0,26.0,445.9095303557161,241,1205.0,4313.82389462431,True,0,39.0,0,4,0.18981759999587666,0,0,0,0,38,4,3100191,84,9,9,13,25,213.0,5796.823894624309,0.21014710000599734
0,noclosure,54,0,13,13,True,0,13,0,0,0,0,0,26.0,445.9095303557161,241,1205.0,4313.82389462431,True,0,39.0,0,4,0.18805680000514258,0,0,0,0,38,4,3100191,84,9,9,13,25,213.0,5796.823894624309,0.2050328999903286
0,step,0,0,17,13,True,0,13,0,0,4,1,0,26.0,465.9455777351562,275,1375.0,4355.292510557031,True,0,51.0,0,4,0.40199709999433253,0,1,12,7,45,4,3100191,34,9,8,13,25,250.0,6057.29251055703,0.4188488999934634
0,default,66,0,18,16,True,5,16,1,0,2,0,0,32.0,340.1429904688687,204,1020.0,4152.287847501899,True,0,54.0,0,4,0.2022141999914311,0,0,0,0,36,11,3100192,46,7,5,16,20,184.0,5442.287847501899,0.21974469999258872
0,noclosure,66,0,18,16,True,0,16,0,0,2,0,0,32.0,354.8175730093837,216,1080.0,4317.081168150139,True,0,54.0,0,4,0.20546240000112448,0,0,0,0,39,11,3100192,49,7,5,16,23,194.0,5677.081168150139,0.22195490000012796
0,step,65,0,18,16,True,5,16,1,0,2,0,0,32.0,346.14814926108437,217,1085.0,4171.370388177351,True,0,54.0,0,4,0.27762730000540614,0,0,26,16,45,10,3100192,61,8,6,16,20,196.0,5538.37038817735,0.2943068000022322
0,default,59,0,11,11,True,0,11,0,0,0,0,0,22.0,595.5882648721969,334,1670.0,4518.470913594167,True,0,33.0,1,4,0.2480922999966424,0,0,0,0,36,8,3100193,39,3,3,11,25,308.0,6551.470913594166,0.26521470000443514
0,noclosure,59,0,11,11,True,0,11,0,0,0,0,0,22.0,595.5882648721969,334,1670.0,4518.470913594167,True,0,33.0,1,4,0.34850740000547376,0,0,0,0,36,8,3100193,39,3,3,11,25,308.0,6551.470913594166,0.3698824000020977
0,step,0,0,11,11,True,0,11,0,0,0,0,0,22.0,582.5599772795332,332,1660.0,4383.159750074862,True,0,33.0,0,4,0.3271048000024166,0,0,14,8,44,6,3100193,30,5,5,11,25,310.0,6408.159750074865,0.3786264999944251
0,default,68,0,15,15,True,0,15,0,0,0,0,0,30.0,446.1304023972607,303,1515.0,4826.956035958909,True,0,45.0,0,4,0.42244740000751335,0,0,0,0,40,8,3100194,23,7,7,15,25,275.0,6691.95603595891,0.460648600012064
0,noclosure,68,0,15,15,True,0,15,0,0,0,0,0,30.0,446.1304023972607,303,1515.0,4826.956035958909,True,0,45.0,0,4,0.5317899000074249,0,0,0,0,40,8,3100194,23,7,7,15,25,275.0,6691.95603595891,0.5750301999942167
0,step,27,0,15,15,True,0,15,0,0,0,0,0,30.0,425.596172893804,272,1360.0,4701.9425934070605,True,0,45.0,0,4,0.6156982999964384,0,0,17,10,50,7,3100194,52,8,8,15,25,247.0,6383.9425934070605,0.681810800000676
0,default,56,0,16,12,True,0,12,0,0,4,1,0,24.0,512.8798725656305,302,1510.0,4296.558470787567,True,0,48.0,1,4,0.7789284999889787,0,0,0,0,37,8,3100195,49,4,3,12,25,276.0,6154.558470787567,0.8447462000040105
0,noclosure,56,0,16,12,True,0,12,0,0,4,1,0,24.0,512.8798725656305,302,1510.0,4296.558470787567,True,0,48.0,1,4,0.9782575999997789,0,0,0,0,37,8,3100195,49,4,3,12,25,276.0,6154.558470787567,1.0229676000017207
0,step,14,0,16,12,True,0,12,0,0,4,1,0,24.0,509.21709033294763,301,1505.0,4257.605083995371,True,0,48.0,0,4,0.8090738000028068,0,1,16,8,45,7,3100195,49,5,4,12,25,276.0,6110.605083995371,0.8640580000064801
0,default,65,0,20,12,True,0,12,0,0,8,2,0,24.0,570.0641593516598,375,1875.0,4533.769912219917,True,0,60.0,0,4,0.5501821999932872,0,0,0,0,37,4,3100196,11,6,6,12,25,348.0,6840.769912219917,0.5826381000078982
0,noclosure,65,0,20,12,True,0,12,0,0,8,2,0,24.0,570.0641593516598,375,1875.0,4533.769912219917,True,0,60.0,0,4,0.5155258999875514,0,0,0,0,37,4,3100196,11,6,6,12,25,348.0,6840.769912219917,0.5450281999947038
0,step,0,0,18,12,True,0,12,0,0,6,1,0,24.0,562.3250194797565,341,1705.0,4649.900233757077,True,0,54.0,0,4,0.22716560000844765,0,1,9,4,41,4,3100196,12,7,7,12,25,315.0,6747.900233757078,0.2467942000075709
0,default,20,0,12,12,True,0,12,0,0,0,0,0,24.0,514.7983609011541,309,1545.0,4287.580330813848,True,0,36.0,1,4,0.18204210000112653,0,0,0,0,37,4,3100197,111,8,8,12,25,285.0,6177.580330813849,0.20165589998941869
0,noclosure,20,0,12,12,True,0,12,0,0,0,0,0,24.0,514.7983609011541,309,1545.0,4287.580330813848,True,0,36.0,1,4,0.18293969999649562,0,0,0,0,37,4,3100197,111,8,8,12,25,285.0,6177.580330813849,0.20305480000388343
0,step,0,0,12,12,True,0,12,0,0,0,0,0,24.0,512.2242035676087,308,1540.0,4261.690442811305,True,0,36.0,0,4,0.1730498999968404,0,0,6,3,40,3,3100197,112,9,9,12,25,285.0,6146.690442811305,0.1934592000034172
0,default,15,0,18,16,True,5,16,1,0,2,0,0,32.0,336.29192971776376,246,1230.0,3837.6708754842207,True,0,54.0,1,4,0.18560860000434332,0,0,0,0,36,7,3100198,91,11,9,16,20,227.0,5380.67087548422,0.20728829999279696
0,noclosure,15,0,18,16,True,0,16,0,0,2,0,0,32.0,380.3603157741032,266,1330.0,4426.765052385652,True,0,54.0,1,4,0.19400960000348277,0,0,0,0,41,7,3100198,101,11,9,16,25,243.0,6085.765052385651,0.21527620000415482
0,step,13,0,18,16,True,5,16,1,0,2,0,0,32.0,335.96833903283715,245,1225.0,3837.4934245253944,True,0,54.0,0,4,0.1733970000059344,0,0,11,5,37,6,3100198,91,12,10,16,20,227.0,5375.493424525394,0.1933813000068767
0,default,82,0,60,14,True,0,14,0,0,46,2,0,28.0,472.1906232008827,296,1480.0,4652.668724812359,True,0,180.0,0,4,0.5607038999878569,0,0,0,0,39,9,3100199,16,4,3,14,25,270.0,6610.668724812358,0.5798476000054507
0,noclosure,82,0,60,14,True,0,14,0,0,46,2,0,28.0,472.1906232008827,296,1480.0,4652.668724812359,True,0,180.0,0,4,0.6106969999964349,0,0,0,0,39,9,3100199,16,4,3,14,25,270.0,6610.668724812358,0.6309966999979224
0,step,58,0,14,14,True,0,14,0,0,0,0,0,28.0,479.3823173626362,325,1625.0,4715.352443076907,True,0,42.0,1,4,0.32134530000621453,0,0,23,14,53,9,3100199,40,5,5,14,25,301.0,6711.352443076907,0.3429462999920361
0,default,14,0,26,11,True,0,11,0,0,15,1,0,22.0,614.2299189008465,326,1630.0,4726.529107909314,True,0,78.0,0,4,0.38364550001278985,0,0,0,0,36,7,3100200,13,4,3,11,25,300.0,6756.529107909312,0.40563800001109485
0,noclosure,14,0,26,11,True,0,11,0,0,15,1,0,22.0,614.2299189008465,326,1630.0,4726.529107909314,True,0,78.0,0,4,0.3294067999959225,0,0,0,0,36,7,3100200,13,4,3,11,25,300.0,6756.529107909312,0.3511406000034185
0,step,12,0,40,11,True,0,11,0,0,29,2,0,22.0,640.6675648988653,334,1670.0,4925.343213887518,True,0,120.0,0,4,0.49590409999655094,0,2,12,7,42,3,3100200,63,7,6,11,25,310.0,7047.343213887519,0.5155966000020271
0,default,26,0,19,10,True,0,10,0,0,9,1,0,20.0,648.1343864582599,324,1620.0,4485.343864582597,True,0,57.0,0,4,0.30214990000240505,0,0,0,0,35,7,3100201,18,2,2,10,25,299.0,6481.343864582599,0.3203036999912001
0,noclosure,26,0,19,10,True,0,10,0,0,9,1,0,20.0,648.1343864582599,324,1620.0,4485.343864582597,True,0,57.0,0,4,0.29842659999849275,0,0,0,0,35,7,3100201,18,2,2,10,25,299.0,6481.343864582599,0.3179976999963401
0,step,14,0,19,10,True,0,10,0,0,9,1,0,20.0,642.5297844908123,325,1625.0,4421.297844908122,True,0,57.0,0,4,0.3080768000072567,0,1,17,9,44,7,3100201,18,2,2,10,25,302.0,6425.297844908123,0.3278398999973433
0,default,64,0,33,16,True,9,16,1,0,17,1,0,32.0,337.67355036252104,204,1020.0,4069.776805800343,True,0,99.0,2,4,0.4037795000040205,0,0,0,0,32,8,3100202,46,10,7,16,16,182.0,5402.776805800337,0.4218235000007553
0,noclosure,44,0,33,16,True,0,16,0,0,17,1,0,32.0,366.06983776343344,231,1155.0,4363.1174042149405,True,0,99.0,1,4,0.3939440999965882,0,0,0,0,38,7,3100202,53,11,8,16,22,208.0,5857.117404214935,0.4163477999973111
0,step,40,0,33,16,True,9,16,1,0,17,1,0,32.0,332.72817503338115,208,1040.0,3963.650800534106,True,0,99.0,0,4,0.353472500006319,0,1,19,12,34,6,3100202,47,12,9,16,16,189.0,5323.650800534098,0.3705917000042973
0,default,38,0,27,10,True,0,10,0,0,17,1,0,20.0,646.3342548655726,323,1615.0,4447.3425486557235,True,0,81.0,0,4,0.29562849999638274,0,0,0,0,35,7,3100203,15,3,2,10,25,300.0,6463.342548655725,0.315073100005975
0,noclosure,38,0,27,10,True,0,10,0,0,17,1,0,20.0,646.3342548655726,323,1615.0,4447.3425486557235,True,0,81.0,0,4,0.2854137999966042,0,0,0,0,35,7,3100203,15,3,2,10,25,300.0,6463.342548655725,0.3015551999997115
0,step,0,0,11,10,True,0,10,0,0,1,0,0,20.0,626.2468751162735,327,1635.0,4266.468751162732,True,0,33.0,0,4,0.16453399999591056,0,0,19,11,46,8,3100203,27,3,2,10,25,308.0,6262.468751162734,0.1839728000049945
0,default,57,0,12,10,True,0,10,0,0,2,0,0,20.0,618.142746665488,314,1570.0,4270.427466654878,True,0,36.0,2,4,0.22736499999882653,0,0,0,0,35,5,3100204,75,7,5,10,25,285.0,6181.427466654879,0.24591070000315085
0,noclosure,57,0,12,10,True,0,10,0,0,2,0,0,20.0,618.142746665488,314,1570.0,4270.427466654878,True,0,36.0,2,4,0.20910589999402873,0,0,0,0,35,5,3100204,75,7,5,10,25,285.0,6181.427466654879,0.23008950000803452
0,step,51,0,12,10,True,0,10,0,0,2,0,0,20.0,617.0345316989567,312,1560.0,4269.3453169895665,True,0,36.0,0,4,0.2098002999991877,0,0,11,8,43,3,3100204,75,9,7,10,25,285.0,6170.345316989567,0.22905329999048263
0,default,51,0,13,12,True,0,12,0,0,1,0,0,24.0,556.6725175752282,350,1750.0,4548.07021090274,True,0,39.0,0,4,0.23846309998771176,0,0,0,0,37,10,3100205,38,3,2,12,25,319.0,6680.070210902738,0.2593715999973938
0,noclosure,51,0,13,12,True,0,12,0,0,1,0,0,24.0,556.6725175752282,350,1750.0,4548.07021090274,True,0,39.0,0,4,0.2661867999995593,0,0,0,0,37,10,3100205,38,3,2,12,25,319.0,6680.070210902738,0.29246639998746105
0,step,49,0,13,12,True,0,12,0,0,1,0,0,24.0,540.9601781027017,352,1760.0,4346.522137232423,True,0,39.0,0,4,0.2562123999960022,0,0,24,15,52,9,3100205,39,4,3,12,25,322.0,6491.52213723242,0.28587859999970533
0,default,67,0,13,13,True,0,13,0,0,0,0,0,26.0,506.07913052643556,349,1745.0,4443.02869684366,True,0,39.0,0,4,0.2141364999988582,0,0,0,0,38,9,3100206,24,4,4,13,25,326.0,6579.028696843662,0.23473549999471288
0,noclosure,67,0,13,13,True,0,13,0,0,0,0,0,26.0,506.07913052643556,349,1745.0,4443.02869684366,True,0,39.0,0,4,0.25724849999824073,0,0,0,0,38,9,3100206,24,4,4,13,25,326.0,6579.028696843662,0.27770419999433216
0,step,54,0,13,13,True,0,13,0,0,0,0,0,26.0,490.30529124052657,347,1735.0,4247.968786126843,True,0,39.0,0,4,0.23507330000575166,0,0,20,12,49,8,3100206,24,5,5,13,25,326.0,6373.968786126846,0.25766259999363683
0,default,39,0,10,10,True,0,10,0,0,0,0,0,20.0,629.9101944774379,338,1690.0,4243.101944774378,True,0,30.0,0,4,0.17613049999636132,0,0,0,0,35,5,3100207,42,5,5,10,25,316.0,6299.101944774379,0.1946106000104919
0,noclosure,39,0,10,10,True,0,10,0,0,0,0,0,20.0,629.9101944774379,338,1690.0,4243.101944774378,True,0,30.0,0,4,0.21250449999934062,0,0,0,0,35,5,3100207,42,5,5,10,25,316.0,6299.101944774379,0.24103079999622423
0,step,0,0,10,10,True,0,10,0,0,0,0,0,20.0,614.9022684166492,341,1705.0,4072.0226841664903,True,0,30.0,0,4,0.19168669999635313,0,0,8,4,39,4,3100207,56,6,6,10,25,322.0,6149.022684166493,0.2153563000028953
0,default,14,0,15,11,True,0,11,0,0,4,1,0,22.0,575.6762573595583,338,1690.0,4260.438830955142,True,0,45.0,0,4,0.4332137000019429,0,0,0,0,36,4,3100208,53,7,6,11,25,315.0,6332.438830955141,0.46245949999138247
0,noclosure,14,0,15,11,True,0,11,0,0,4,1,0,22.0,575.6762573595583,338,1690.0,4260.438830955142,True,0,45.0,0,4,0.36318330001085997,0,0,0,0,36,4,3100208,53,7,6,11,25,315.0,6332.438830955141,0.3909183999930974
0,step,0,0,15,11,True,0,11,0,0,4,1,0,22.0,574.6508748170409,337,1685.0,4254.15962298745,True,0,45.0,0,4,0.3243891000020085,0,1,7,3,39,3,3100208,53,8,7,11,25,315.0,6321.159622987449,0.34534629998961464
0,default,0,0,19,14,True,0,14,0,0,5,1,0,28.0,440.1970581783699,275,1375.0,4448.758814497179,True,0,57.0,0,4,0.3362400999903912,0,0,0,0,39,7,3100209,64,6,6,14,25,254.0,6162.758814497179,0.3569036000117194
0,noclosure,0,0,19,14,True,0,14,0,0,5,1,0,28.0,440.1970581783699,275,1375.0,4448.758814497179,True,0,57.0,0,4,0.3254012000106741,0,0,0,0,39,7,3100209,64,6,6,14,25,254.0,6162.758814497179,0.3439959999959683
0,step,25,0,19,14,True,0,14,0,0,5,1,0,28.0,446.5862212952474,279,1395.0,4516.207098133464,True,0,57.0,0,4,0.35506460000760853,0,1,19,10,49,8,3100209,75,5,5,14,25,256.0,6252.207098133464,0.3732272000052035
0,default,26,0,13,10,True,0,10,0,0,3,1,0,20.0,670.7539669717795,357,1785.0,4532.539669717794,True,0,39.0,0,4,0.1925863000069512,0,0,0,0,35,8,3100210,7,1,1,10,25,331.0,6707.539669717795,0.21161050000227988
0,noclosure,26,0,13,10,True,0,10,0,0,3,1,0,20.0,670.7539669717795,357,1785.0,4532.539669717794,True,0,39.0,0,4,0.2293883999955142,0,0,0,0,35,8,3100210,7,1,1,10,25,331.0,6707.539669717795,0.25254519999725744
0,step,0,0,24,10,True,0,10,0,0,14,2,0,20.0,687.842375201815,361,1805.0,4645.4237520181505,True,0,72.0,0,4,0.32827179999731015,0,2,20,12,47,6,3100210,25,2,2,10,25,336.0,6878.4237520181505,0.3471198000042932
0,default,38,0,13,13,True,0,13,0,0,0,0,0,26.0,487.0642595738822,284,1420.0,4594.83537446047,True,0,39.0,0,4,0.16563470000983216,0,0,0,0,38,7,3100211,56,6,6,13,25,252.0,6331.835374460469,0.18363070000486914
0,noclosure,38,0,13,13,True,0,13,0,0,0,0,0,26.0,487.0642595738822,284,1420.0,4594.83537446047,True,0,39.0,0,4,0.15919429999485146,0,0,0,0,38,7,3100211,56,6,6,13,25,252.0,6331.835374460469,0.1768574999878183
0,step,27,0,13,13,True,0,13,0,0,0,0,0,26.0,464.2693883984292,277,1385.0,4332.502049179581,True,0,39.0,0,4,0.1655209000018658,0,0,13,7,45,6,3100211,54,7,7,13,25,253.0,6035.502049179579,0.18360709999979008
0,default,3,0,25,14,True,0,14,0,0,11,1,0,28.0,475.005945999627,290,1450.0,4831.083243994777,True,0,75.0,1,4,0.2535124999994878,0,0,0,0,39,9,3100212,20,6,4,14,25,266.0,6650.083243994778,0.2704184000031091
0,noclosure,3,0,25,14,True,0,14,0,0,11,1,0,28.0,475.005945999627,290,1450.0,4831.083243994777,True,0,75.0,1,4,0.2715320999996038,0,0,0,0,39,9,3100212,20,6,4,14,25,266.0,6650.083243994778,0.29069399999571033
0,step,0,0,25,14,True,0,14,0,0,11,1,0,28.0,459.2653973396894,288,1440.0,4620.715562755652,True,0,75.0,0,4,0.2654222999990452,0,1,18,9,48,8,3100212,21,7,5,14,25,266.0,6429.715562755651,0.2849105000059353
0,default,30,0,11,10,True,0,10,0,0,1,0,0,20.0,664.1884066648615,370,1850.0,4396.884066648616,True,0,33.0,2,4,0.1986068999976851,0,0,0,0,35,7,3100213,20,4,3,10,25,342.0,6641.884066648616,0.21907379999174736
0,noclosure,30,0,11,10,True,0,10,0,0,1,0,0,20.0,664.1884066648615,370,1850.0,4396.884066648616,True,0,33.0,2,4,0.2159793000028003,0,0,0,0,35,7,3100213,20,4,3,10,25,342.0,6641.884066648616,0.24183990000165068
0,step,0,0,11,10,True,0,10,0,0,1,0,0,20.0,641.8638215537159,338,1690.0,4360.638215537158,True,0,33.0,0,4,0.1370518999901833,0,0,12,7,41,5,3100213,24,6,5,10,25,315.0,6418.638215537158,0.1583637000003364
0,default,91,0,10,10,True,0,10,0,0,0,0,0,20.0,659.7100756194093,364,1820.0,4391.100756194091,True,0,30.0,0,4,0.22386009999900125,0,0,0,0,35,7,3100214,24,3,3,10,25,336.0,6597.100756194092,0.2496376000053715
0,noclosure,91,0,10,10,True,0,10,0,0,0,0,0,20.0,659.7100756194093,364,1820.0,4391.100756194091,True,0,30.0,0,4,0.207149699999718,0,0,0,0,35,7,3100214,24,3,3,10,25,336.0,6597.100756194092,0.22573730000294745
0,step,50,0,10,10,True,0,10,0,0,0,0,0,20.0,659.3566846502665,372,1860.0,4335.566846502664,True,0,30.0,0,4,0.18391530000371858,0,0,16,11,46,5,3100214,20,5,5,10,25,348.0,6593.566846502665,0.20126499999605585
0,default,64,0,14,14,True,0,14,0,0,0,0,0,28.0,418.92181562066247,282,1410.0,4130.905418689274,True,0,42.0,1,4,0.20901800000865478,0,0,0,0,39,7,3100215,49,7,7,14,25,254.0,5864.9054186892745,0.22798019999754615
0,noclosure,64,0,14,14,True,0,14,0,0,0,0,0,28.0,418.92181562066247,282,1410.0,4130.905418689274,True,0,42.0,1,4,0.21354180001071654,0,0,0,0,39,7,3100215,49,7,7,14,25,254.0,5864.9054186892745,0.23043359999428503
0,step,0,0,15,14,True,0,14,0,0,1,0,0,28.0,409.7019562500499,270,1350.0,4061.8273875006957,True,0,45.0,0,4,0.1625077000062447,0,0,11,6,45,5,3100215,80,10,9,14,25,251.0,5735.827387500698,0.1814763000002131
0,default,91,0,17,16,True,9,16,1,0,1,0,0,32.0,343.9544327574759,221,1105.0,4115.270924119614,True,0,51.0,4,4,0.29569540001102723,0,0,0,0,32,11,3100216,57,6,5,16,16,200.0,5503.270924119614,0.3155994999979157
0,noclosure,48,0,17,16,True,0,16,0,0,1,0,0,32.0,379.18850702621216,262,1310.0,4437.016112419394,True,0,51.0,1,4,0.22568020000471734,0,0,0,0,41,7,3100216,93,10,9,16,25,237.0,6067.016112419395,0.24570909999602009
0,step,0,0,16,16,True,8,16,1,0,0,1,0,32.0,310.52838144507155,213,1065.0,3630.454103121143,True,0,48.0,0,4,0.26037750000250526,0,1,13,6,30,6,3100216,63,9,9,16,17,193.0,4968.454103121145,0.28069759999925736
0,default,65,0,16,14,True,0,14,0,0,2,1,0,28.0,460.8567780865075,259,1295.0,4848.994893211107,True,0,48.0,0,4,0.3513237000006484,0,0,0,0,39,9,3100217,48,4,4,14,25,232.0,6451.994893211106,0.3699449999985518
0,noclosure,65,0,16,14,True,0,14,0,0,2,1,0,28.0,460.8567780865075,259,1295.0,4848.994893211107,True,0,48.0,0,4,0.3618890000070678,0,0,0,0,39,9,3100217,48,4,4,14,25,232.0,6451.994893211106,0.3820065999898361
0,step,32,0,17,14,True,0,14,0,0,3,1,0,28.0,451.8330840144471,300,1500.0,4466.66317620226,True,0,51.0,1,4,0.3646509999962291,0,1,18,9,48,8,3100217,23,6,5,14,25,280.0,6325.663176202259,0.38481320001301356
0,default,74,0,15,15,True,0,15,0,0,0,0,0,30.0,420.00089787407785,280,1400.0,4572.01346811117,True,0,45.0,1,4,0.2250017000042135,0,0,0,0,40,9,3100218,42,6,6,15,25,253.0,6300.013468111168,0.24228960000618827
0,noclosure,74,0,15,15,True,0,15,0,0,0,0,0,30.0,420.00089787407785,280,1400.0,4572.01346811117,True,0,45.0,1,4,0.22436690000176895,0,0,0,0,40,9,3100218,42,6,6,15,25,253.0,6300.013468111168,0.24206179998873267
0,step,28,0,15,15,True,0,15,0,0,0,0,0,30.0,411.9923811250179,276,1380.0,4469.88571687527,True,0,45.0,0,4,0.18125560000771657,0,0,14,10,50,4,3100218,42,11,11,15,25,255.0,6179.885716875268,0.19867739999608602
0,default,42,0,11,10,True,0,10,0,0,1,0,0,20.0,628.6536302011808,313,1565.0,4380.53630201181,True,0,33.0,0,4,0.13929629999620374,0,0,0,0,35,4,3100219,16,7,6,10,25,288.0,6286.536302011808,0.15692670000134967
0,noclosure,42,0,11,10,True,0,10,0,0,1,0,0,20.0,628.6536302011808,313,1565.0,4380.53630201181,True,0,33.0,0,4,0.13831369999388698,0,0,0,0,35,4,3100219,16,7,6,10,25,288.0,6286.536302011808,0.15535290000843816
0,step,14,0,11,10,True,0,10,0,0,1,0,0,20.0,626.0433082053123,313,1565.0,4354.433082053123,True,0,33.0,0,4,0.12563779999618419,0,0,10,6,41,4,3100219,16,7,6,10,25,288.0,6260.433082053123,0.1434871999954339
0,default,42,0,16,16,True,3,16,1,0,0,0,0,32.0,365.03746803807087,221,1105.0,4459.599488609133,True,0,48.0,0,4,0.20790600001055282,0,0,0,0,38,9,3100220,67,7,7,16,22,196.0,5840.599488609134,0.225377099995967
0,noclosure,42,0,16,16,True,0,16,0,0,0,0,0,32.0,381.52232482199355,233,1165.0,4653.357197151896,True,0,48.0,0,4,0.2112182999990182,0,0,0,0,41,9,3100220,70,7,7,16,25,206.0,6104.357197151897,0.22849480000149924
0,step,14,0,18,16,True,4,16,1,0,2,0,0,32.0,376.88435506495324,280,1400.0,4284.149681039252,True,0,54.0,0,4,0.20743660000152886,0,0,25,15,40,10,3100220,71,8,6,16,21,260.0,6030.149681039252,0.2262263000011444
0,default,34,0,13,13,True,0,13,0,0,0,0,0,26.0,462.21661154318275,310,1550.0,4109.815950061376,True,0,39.0,2,4,0.1842268000036711,0,0,0,0,38,7,3100221,10,6,6,13,25,284.0,6008.815950061376,0.20149199999286793
0,noclosure,34,0,13,13,True,0,13,0,0,0,0,0,26.0,462.21661154318275,310,1550.0,4109.815950061376,True,0,39.0,2,4,0.18503259999852162,0,0,0,0,38,7,3100221,10,6,6,13,25,284.0,6008.815950061376,0.2026759000000311
0,step,25,0,20,13,True,0,13,0,0,7,1,0,26.0,512.2937423988502,329,1645.0,4625.818651185052,True,0,60.0,0,4,0.275694800002384,0,1,19,12,50,6,3100221,51,8,6,13,25,303.0,6659.818651185053,0.2953706000116654
0,default,15,0,16,10,True,0,10,0,0,6,1,0,20.0,634.7339370826596,335,1675.0,4291.3393708265985,True,0,48.0,1,4,0.28881040000123903,0,0,0,0,35,8,3100222,39,2,1,10,25,313.0,6347.339370826597,0.30806339999253396
0,noclosure,15,0,16,10,True,0,10,0,0,6,1,0,20.0,634.7339370826596,335,1675.0,4291.3393708265985,True,0,48.0,1,4,0.288386400003219,0,0,0,0,35,8,3100222,39,2,1,10,25,313.0,6347.339370826597,0.3067563000076916
0,step,13,0,16,10,True,0,10,0,0,6,1,0,20.0,634.219650268214,334,1670.0,4291.196502682141,True,0,48.0,0,4,0.28502790001221,0,1,15,7,42,7,3100222,39,3,2,10,25,313.0,6342.19650268214,0.3025004000082845
0,default,29,0,13,11,True,0,11,0,0,2,0,0,22.0,570.8638941086848,327,1635.0,4280.502835195533,True,0,39.0,0,4,0.15162649999547284,0,0,0,0,36,10,3100223,28,3,1,11,25,303.0,6279.502835195533,0.1690604000032181
0,noclosure,29,0,13,11,True,0,11,0,0,2,0,0,22.0,570.8638941086848,327,1635.0,4280.502835195533,True,0,39.0,0,4,0.15165060000435915,0,0,0,0,36,10,3100223,28,3,1,11,25,303.0,6279.502835195533,0.1684977999975672
0,step,29,0,13,11,True,0,11,0,0,2,0,0,22.0,562.1846404591614,327,1635.0,4183.031045050777,True,0,39.0,0,4,0.1583390000014333,0,0,15,6,42,9,3100223,40,4,2,11,25,305.0,6184.031045050775,0.17727660000673495
0,default,26,0,16,10,True,0,10,0,0,6,2,0,20.0,661.0366054925822,333,1665.0,4570.36605492582,True,0,48.0,0,4,0.4667525000113528,0,0,0,0,35,5,3100224,16,4,3,10,25,307.0,6610.366054925822,0.48543220000283327
0,noclosure,26,0,16,10,True,0,10,0,0,6,2,0,20.0,661.0366054925822,333,1665.0,4570.36605492582,True,0,48.0,0,4,0.46690259999013506,0,0,0,0,35,5,3100224,16,4,3,10,25,307.0,6610.366054925822,0.4867820999934338
0,step,34,0,16,10,True,0,10,0,0,6,2,0,20.0,639.5351912437171,344,1720.0,4287.351912437172,True,0,48.0,0,4,0.46690850000595674,0,2,12,6,41,4,3100224,52,5,4,10,25,320.0,6395.351912437171,0.4838945000083186
0,default,21,0,17,16,True,8,16,1,0,1,0,0,32.0,316.21077021608437,186,930.0,3879.37232345735,True,0,51.0,1,4,0.20311320001201238,0,0,0,0,33,12,3100225,95,5,4,16,17,167.0,5059.37232345735,0.22307339998951647
0,noclosure,21,0,17,16,True,0,16,0,0,1,0,0,32.0,330.805325515854,204,1020.0,4006.8852082536655,True,0,51.0,1,4,0.21077979999245144,0,0,0,0,37,12,3100225,121,5,4,16,21,183.0,5292.885208253664,0.22738460000255145
0,step,15,0,16,16,True,13,16,1,0,0,0,0,32.0,276.49491892574963,144,720.0,3492.9187028119936,True,0,48.0,0,4,0.17861630000697915,0,0,21,12,33,9,3100225,45,7,7,16,12,131.0,4423.918702811994,0.1955976000026567
0,default,0,0,13,13,True,0,13,0,0,0,0,0,26.0,449.4140543600462,283,1415.0,4102.3827066806025,True,0,39.0,0,4,0.13177409999480005,0,0,0,0,38,6,3100226,46,7,7,13,25,260.0,5842.382706680601,0.1496335999981966
0,noclosure,0,0,13,13,True,0,13,0,0,0,0,0,26.0,449.4140543600462,283,1415.0,4102.3827066806025,True,0,39.0,0,4,0.13431490000220947,0,0,0,0,38,6,3100226,46,7,7,13,25,260.0,5842.382706680601,0.1542784000048414
0,step,0,0,13,13,True,0,13,0,0,0,0,0,26.0,449.4140543600462,283,1415.0,4102.3827066806025,True,0,39.0,0,4,0.13529589999234304,0,0,10,4,42,6,3100226,46,7,7,13,25,260.0,5842.382706680601,0.1516259999916656
0,default,67,0,11,11,True,0,11,0,0,0,0,0,22.0,593.3045666159035,334,1670.0,4495.350232774939,True,0,33.0,0,4,0.17803149999235757,0,0,0,0,36,7,3100227,85,4,4,11,25,306.0,6526.350232774938,0.1970186999969883
0,noclosure,67,0,11,11,True,0,11,0,0,0,0,0,22.0,593.3045666159035,334,1670.0,4495.350232774939,True,0,33.0,0,4,0.17897130000346806,0,0,0,0,36,7,3100227,85,4,4,11,25,306.0,6526.350232774938,0.19696359999943525
0,step,48,0,11,11,True,0,11,0,0,0,0,0,22.0,584.5460326633329,338,1690.0,4371.006359296661,True,0,33.0,0,4,0.1681659000023501,0,0,17,10,46,7,3100227,42,4,4,11,25,314.0,6430.006359296662,0.18542389999493025
0,default,38,0,12,10,True,0,10,0,0,2,0,0,20.0,684.2660660840094,357,1785.0,4673.660660840092,True,0,36.0,2,4,0.1629634000128135,0,0,0,0,35,8,3100228,24,4,2,10,25,328.0,6842.660660840093,0.18044290000398178
0,noclosure,38,0,12,10,True,0,10,0,0,2,0,0,20.0,684.2660660840094,357,1785.0,4673.660660840092,True,0,36.0,2,4,0.16129479999653995,0,0,0,0,35,8,3100228,24,4,2,10,25,328.0,6842.660660840093,0.180452200002037
0,step,32,0,13,10,True,0,10,0,0,3,0,0,20.0,686.3770883090712,364,1820.0,4649.7708830907095,True,0,39.0,1,4,0.15445509999699425,0,0,18,11,44,7,3100228,32,6,3,10,25,335.0,6863.770883090711,0.17214419999800157
0,default,88,0,17,16,True,5,16,1,0,1,1,0,32.0,423.86569148188136,304,1520.0,4905.8510637101035,True,0,51.0,0,4,0.2436673000047449,0,0,0,0,36,13,3100229,43,3,2,16,20,273.0,6781.851063710102,0.2604416999965906
0,noclosure,102,0,17,16,True,0,16,0,0,1,1,0,32.0,430.6231405485394,320,1600.0,4918.970248776633,True,0,51.0,0,4,0.2544363000051817,0,0,0,0,40,12,3100229,44,4,3,16,24,288.0,6889.970248776631,0.2737329000083264
0,step,88,0,19,16,True,4,16,1,0,3,1,0,32.0,397.08210233095446,295,1475.0,4516.313637295273,True,0,57.0,0,4,0.2581233000091743,0,1,28,18,45,9,3100229,45,7,6,16,21,273.0,6353.313637295271,0.27600369999709073
0,default,68,0,14,12,True,0,12,0,0,2,0,0,24.0,501.1327297447335,271,1355.0,4342.5927569368005,True,0,42.0,0,4,0.21228500000142958,0,0,0,0,37,8,3100230,33,6,4,12,25,250.0,6013.592756936802,0.23178900001221336
0,noclosure,68,0,14,12,True,0,12,0,0,2,0,0,24.0,501.1327297447335,271,1355.0,4342.5927569368005,True,0,42.0,0,4,0.20941389999643434,0,0,0,0,37,8,3100230,33,6,4,12,25,250.0,6013.592756936802,0.22647850000066683
0,step,0,0,14,12,True,0,12,0,0,2,0,0,24.0,501.43191212800843,296,1480.0,4197.1829455361,True,0,42.0,0,4,0.13439999999536667,0,0,12,6,43,6,3100230,73,8,6,12,25,274.0,6017.182945536101,0.1506670000089798
0,default,27,0,11,10,True,0,10,0,0,1,0,0,20.0,648.9066197926654,350,1750.0,4361.066197926652,True,0,33.0,0,4,0.14094499999191612,0,0,0,0,35,8,3100231,37,3,2,10,25,325.0,6489.066197926654,0.15850410000712145
0,noclosure,27,0,11,10,True,0,10,0,0,1,0,0,20.0,648.9066197926654,350,1750.0,4361.066197926652,True,0,33.0,0,4,0.13981140000396408,0,0,0,0,35,8,3100231,37,3,2,10,25,325.0,6489.066197926654,0.1576585000002524
0,step,14,0,11,10,True,0,10,0,0,1,0,0,20.0,647.0757646330214,349,1745.0,4347.757646330214,True,0,33.0,0,4,0.1369596000004094,0,0,12,6,41,6,3100231,37,5,4,10,25,325.0,6470.757646330215,0.15410960000008345
0,default,91,0,16,14,True,0,14,0,0,2,0,0,28.0,443.5758343402517,271,1355.0,4537.061680763523,True,0,48.0,0,4,0.23343259999819566,0,0,0,0,39,9,3100232,58,7,5,14,25,242.0,6210.061680763523,0.2524771999887889
0,noclosure,91,0,16,14,True,0,14,0,0,2,0,0,28.0,443.5758343402517,271,1355.0,4537.061680763523,True,0,48.0,0,4,0.23477560000901576,0,0,0,0,39,9,3100232,58,7,5,14,25,242.0,6210.061680763523,0.2525999000063166
0,step,50,0,16,14,True,0,14,0,0,2,0,0,28.0,425.1496108406362,251,1255.0,4398.094551768908,True,0,48.0,0,4,0.2089820000110194,0,0,19,11,50,8,3100232,62,8,6,14,25,223.0,5952.094551768907,0.22605460000340827
0,default,96,0,31,16,True,6,16,1,0,15,1,0,32.0,345.51250086280317,200,1000.0,4228.200013804848,True,0,93.0,1,4,0.4188414000091143,0,0,0,0,35,11,3100233,72,6,4,16,19,175.0,5528.200013804851,0.4365685999946436
0,noclosure,90,0,31,16,True,0,16,0,0,15,1,0,32.0,359.5016237603305,209,1045.0,4397.025980165286,True,0,93.0,0,4,0.39726890000747517,0,0,0,0,37,11,3100233,73,6,4,16,21,185.0,5752.025980165288,0.41521049999573734
0,step,76,0,32,16,True,6,16,1,0,16,1,0,32.0,332.3344327567188,199,995.0,4018.3509241074994,True,0,96.0,0,4,0.4087500000023283,0,1,25,15,45,9,3100233,72,9,6,16,19,176.0,5317.350924107501,0.42554959999688435
0,default,25,0,53,13,True,0,13,0,0,40,2,0,26.0,498.3763794060749,296,1480.0,4544.892932278972,True,0,159.0,0,4,0.2787026000005426,0,0,0,0,38,4,3100234,22,7,7,13,25,269.0,6478.892932278974,0.296062699999311
0,noclosure,25,0,53,13,True,0,13,0,0,40,2,0,26.0,498.3763794060749,296,1480.0,4544.892932278972,True,0,159.0,0,4,0.2889398999977857,0,0,0,0,38,4,3100234,22,7,7,13,25,269.0,6478.892932278974,0.30680769999162294
0,step,13,0,53,13,True,0,13,0,0,40,2,0,26.0,497.73728561900873,295,1475.0,4541.584713047112,True,0,159.0,0,4,0.279498899995815,0,2,10,5,43,3,3100234,22,8,8,13,25,269.0,6470.584713047114,0.2972295000072336
0,default,26,0,15,14,True,0,14,0,0,1,0,0,28.0,464.12611720698726,325,1625.0,4499.765640897822,True,0,45.0,0,4,0.17629869999655057,0,0,0,0,39,7,3100235,86,8,7,14,25,300.0,6497.765640897822,0.19375059999583755
0,noclosure,26,0,15,14,True,0,14,0,0,1,0,0,28.0,464.12611720698726,325,1625.0,4499.765640897822,True,0,45.0,0,4,0.1729438000038499,0,0,0,0,39,7,3100235,86,8,7,14,25,300.0,6497.765640897822,0.1911407000006875
0,step,38,0,17,14,True,0,14,0,0,3,1,0,28.0,442.996558283046,272,1360.0,4517.951815962644,True,0,51.0,0,4,0.3496473999985028,0,1,17,10,49,6,3100235,39,8,7,14,25,245.0,6201.951815962644,0.3671678999962751
0,default,132,0,32,15,True,0,15,0,0,17,1,0,30.0,420.3370574313676,288,1440.0,4480.055861470516,True,0,96.0,0,4,0.4529103000095347,0,0,0,0,40,9,3100236,43,6,5,15,25,259.0,6305.055861470514,0.469825000007404
0,noclosure,132,0,32,15,True,0,15,0,0,17,1,0,30.0,420.3370574313676,288,1440.0,4480.055861470516,True,0,96.0,0,4,0.45701899999403395,0,0,0,0,40,9,3100236,43,6,5,15,25,259.0,6305.055861470514,0.47403909999411553
0,step,103,0,33,15,True,0,15,0,0,18,1,0,30.0,422.90425759203777,289,1445.0,4509.563863880569,True,0,99.0,0,4,0.43795950000640005,0,1,23,14,54,8,3100236,43,8,6,15,25,260.0,6343.563863880567,0.4551694999972824
0,default,57,0,15,14,True,0,14,0,0,1,0,0,28.0,447.4278836196839,240,1200.0,4780.990370675572,True,0,45.0,2,4,0.21441200000117533,0,0,0,0,39,8,3100237,78,7,6,14,25,210.0,6263.990370675574,0.23271539999404922
0,noclosure,57,0,15,14,True,0,14,0,0,1,0,0,28.0,447.4278836196839,240,1200.0,4780.990370675572,True,0,45.0,2,4,0.21160409999720287,0,0,0,0,39,8,3100237,78,7,6,14,25,210.0,6263.990370675574,0.22849280000082217
0,step,12,0,56,14,True,0,14,0,0,42,1,0,28.0,468.91315009732335,234,1170.0,4990.784101362527,True,0,168.0,0,4,0.3485151000058977,0,1,20,13,52,6,3100237,78,8,7,14,25,208.0,6564.784101362527,0.36643829999957234
0,default,67,0,19,10,True,0,10,0,0,9,1,0,20.0,647.9849762130351,377,1885.0,4168.849762130351,True,0,57.0,0,4,0.3105670000077225,0,0,0,0,35,5,3100238,27,4,4,10,25,349.0,6479.849762130351,0.32776290000765584
0,noclosure,67,0,19,10,True,0,10,0,0,9,1,0,20.0,647.9849762130351,377,1885.0,4168.849762130351,True,0,57.0,0,4,0.3133449000015389,0,0,0,0,35,5,3100238,27,4,4,10,25,349.0,6479.849762130351,0.33011169999372214
0,step,50,0,20,10,True,0,10,0,0,10,1,0,20.0,650.5298981252795,377,1885.0,4191.298981252797,True,0,60.0,0,4,0.295265599997947,0,1,9,4,39,4,3100238,27,6,5,10,25,349.0,6505.298981252795,0.31243869999889284
0,default,0,0,23,15,True,0,15,0,0,8,1,0,30.0,419.94907199945976,287,1435.0,4497.236079991894,True,0,69.0,0,4,0.3060490000061691,0,0,0,0,40,5,3100239,37,9,9,15,25,268.0,6299.236079991896,0.32472520000010263
0,noclosure,0,0,23,15,True,0,15,0,0,8,1,0,30.0,419.94907199945976,287,1435.0,4497.236079991894,True,0,69.0,0,4,0.30380809999769554,0,0,0,0,40,5,3100239,37,9,9,15,25,268.0,6299.236079991896,0.3233846000075573
0,step,0,0,23,15,True,0,15,0,0,8,1,0,30.0,413.4305615043811,273,1365.0,4484.4584225657145,True,0,69.0,0,4,0.3169008999975631,0,1,8,4,43,3,3100239,70,11,11,15,25,253.0,6201.458422565716,0.3351373999903444
0,default,66,0,17,14,True,0,14,0,0,3,0,0,28.0,409.0235069324239,257,1285.0,4130.329097053934,True,0,51.0,0,4,0.22192660000291653,0,0,0,0,39,10,3100240,70,7,4,14,25,232.0,5726.329097053935,0.24030220000713598
0,noclosure,66,0,17,14,True,0,14,0,0,3,0,0,28.0,409.0235069324239,257,1285.0,4130.329097053934,True,0,51.0,0,4,0.22319969999080058,0,0,0,0,39,10,3100240,70,7,4,14,25,232.0,5726.329097053935,0.24087879998842254
0,step,26,0,16,14,True,0,14,0,0,2,0,0,28.0,405.37941317536007,254,1270.0,4098.31178445504,True,0,48.0,0,4,0.22708569999667816,0,0,18,10,49,8,3100240,70,8,6,14,25,231.0,5675.311784455041,0.2477402000076836
0,default,107,0,16,16,True,2,16,1,0,0,0,0,32.0,400.6778686278775,262,1310.0,4787.84589804604,True,0,48.0,1,4,0.2831683999975212,0,0,0,0,39,11,3100241,53,5,5,16,23,233.0,6410.84589804604,0.30117790000804234
0,noclosure,107,0,16,16,True,0,16,0,0,0,0,0,32.0,400.6778686278775,262,1310.0,4787.84589804604,True,0,48.0,1,4,0.2790908000024501,0,0,0,0,39,11,3100241,53,5,5,16,23,233.0,6410.84589804604,0.295691600011196
0,step,0,0,17,16,True,2,16,1,0,1,0,0,32.0,355.86514240968626,243,1215.0,4171.842278554982,True,0,51.0,0,4,0.16838600000482984,0,0,16,8,43,8,3100241,69,9,8,16,23,224.0,5693.84227855498,0.18509959999937564
0,default,27,0,18,14,True,0,14,0,0,4,0,0,28.0,426.6764943129334,256,1280.0,4376.470920381068,True,0,54.0,0,4,0.17351380000764038,0,0,0,0,39,8,3100242,114,10,6,14,25,235.0,5973.470920381068,0.19218509999336675
0,noclosure,27,0,18,14,True,0,14,0,0,4,0,0,28.0,426.6764943129334,256,1280.0,4376.470920381068,True,0,54.0,0,4,0.17771970000467263,0,0,0,0,39,8,3100242,114,10,6,14,25,235.0,5973.470920381068,0.19629920000443235
0,step,35,0,18,14,True,0,14,0,0,4,0,0,28.0,433.0655983957802,259,1295.0,4449.918377540923,True,0,54.0,0,4,0.19537319999653846,0,0,15,7,44,8,3100242,114,10,6,14,25,236.0,6062.918377540923,0.21256660000653937
0,default,51,0,10,10,True,0,10,0,0,0,0,0,20.0,655.7051856507617,359,1795.0,4377.051856507617,True,0,30.0,0,4,0.15504699999291915,0,0,0,0,35,8,3100243,23,2,2,10,25,335.0,6557.051856507617,0.17225309999776073
0,noclosure,51,0,10,10,True,0,10,0,0,0,0,0,20.0,655.7051856507617,359,1795.0,4377.051856507617,True,0,30.0,0,4,0.15592379998997785,0,0,0,0,35,8,3100243,23,2,2,10,25,335.0,6557.051856507617,0.1740113999985624
0,step,38,0,10,10,True,0,10,0,0,0,0,0,20.0,641.4214080622918,312,1560.0,4517.21408062292,True,0,30.0,0,4,0.18016189998888876,0,0,19,12,47,7,3100243,71,3,3,10,25,287.0,6414.214080622918,0.19855530001223087
0,default,48,0,15,11,True,0,11,0,0,4,1,0,22.0,575.5942859988135,317,1585.0,4392.537145986947,True,0,45.0,2,4,0.3456173999875318,0,0,0,0,36,6,3100244,15,5,4,11,25,287.0,6331.537145986948,0.36515099999087397
0,noclosure,48,0,15,11,True,0,11,0,0,4,1,0,22.0,575.5942859988135,317,1585.0,4392.537145986947,True,0,45.0,2,4,0.34354449999227654,0,0,0,0,36,6,3100244,15,5,4,11,25,287.0,6331.537145986948,0.3621930999943288
0,step,18,0,15,11,True,0,11,0,0,4,1,0,22.0,562.4843007728673,314,1570.0,4263.327308501539,True,0,45.0,1,4,0.31369619999895804,0,1,12,8,44,3,3100244,16,8,7,11,25,287.0,6187.327308501541,0.3306523999926867
0,default,31,0,39,10,True,0,10,0,0,29,2,0,20.0,689.3712771107928,342,1710.0,4732.712771107925,True,0,117.0,2,4,0.3272914999979548,0,0,0,0,35,4,3100245,19,4,4,10,25,314.0,6893.712771107927,0.3457658000115771
0,noclosure,31,0,39,10,True,0,10,0,0,29,2,0,20.0,689.3712771107928,342,1710.0,4732.712771107925,True,0,117.0,2,4,0.32484209998801816,0,0,0,0,35,4,3100245,19,4,4,10,25,314.0,6893.712771107927,0.34220129999448545
0,step,37,0,39,10,True,0,10,0,0,29,2,0,20.0,664.8745974103131,328,1640.0,4566.745974103131,True,0,117.0,0,4,0.3222409999871161,0,2,11,6,41,3,3100245,22,5,5,10,25,305.0,6648.745974103131,0.34019119999720715
0,default,33,0,25,16,True,9,16,1,0,9,1,0,32.0,303.15386260768776,171,855.0,3735.461801723006,True,0,75.0,1,4,0.35883290000492707,0,0,0,0,32,9,3100246,99,6,6,16,16,153.0,4850.461801723004,0.37619499998982064
0,noclosure,41,0,25,16,True,0,16,0,0,9,1,0,32.0,338.6844238421012,196,980.0,4157.95078147362,True,0,75.0,0,4,0.3726351999939652,0,0,0,0,38,7,3100246,118,8,8,16,22,174.0,5418.950781473619,0.38951470000029076
0,step,31,0,26,16,True,9,16,1,0,10,1,0,32.0,304.09969857141175,172,860.0,3741.5951771425894,True,0,78.0,0,4,0.3537859999923967,0,1,22,12,34,9,3100246,100,7,6,16,16,154.0,4865.595177142588,0.37074399999983143
0,default,17,0,24,12,True,0,12,0,0,12,1,0,24.0,535.9021771133151,264,1320.0,4773.8261253597775,True,0,72.0,1,4,0.3255174000078114,0,0,0,0,37,8,3100247,29,4,3,12,25,241.0,6430.826125359781,0.34258690000569914
0,noclosure,17,0,24,12,True,0,12,0,0,12,1,0,24.0,535.9021771133151,264,1320.0,4773.8261253597775,True,0,72.0,1,4,0.32072170000174083,0,0,0,0,37,8,3100247,29,4,3,12,25,241.0,6430.826125359781,0.33937229998991825
0,step,22,0,23,12,True,0,12,0,0,11,1,0,24.0,518.114125911339,274,1370.0,4503.369510936069,True,0,69.0,0,4,0.31110150000313297,0,1,15,8,45,6,3100247,77,5,5,12,25,251.0,6217.369510936068,0.32892179999907967
0,default,84,0,15,13,True,0,13,0,0,2,0,0,26.0,466.6383499469232,299,1495.0,4225.29854931,True,0,45.0,1,4,0.2187668999977177,0,0,0,0,38,9,3100248,46,6,4,13,25,275.0,6066.298549310001,0.23647899999923538
0,noclosure,84,0,15,13,True,0,13,0,0,2,0,0,26.0,466.6383499469232,299,1495.0,4225.29854931,True,0,45.0,1,4,0.21569289999024477,0,0,0,0,38,9,3100248,46,6,4,13,25,275.0,6066.298549310001,0.23347010000725277
0,step,0,0,15,13,True,0,13,0,0,2,0,0,26.0,474.8873567833495,296,1480.0,4345.535638183541,True,0,45.0,0,4,0.15065450000111014,0,0,20,10,48,10,3100248,47,5,3,13,25,277.0,6173.535638183544,0.1674572000047192
0,default,61,0,13,12,True,0,12,0,0,1,1,0,24.0,546.4863605559595,348,1740.0,4432.836326671514,True,0,39.0,1,4,0.35256409998692106,0,0,0,0,37,8,3100249,37,4,3,12,25,322.0,6557.836326671515,0.3702463999943575
0,noclosure,61,0,13,12,True,0,12,0,0,1,1,0,24.0,546.4863605559595,348,1740.0,4432.836326671514,True,0,39.0,1,4,0.35953829999198206,0,0,0,0,37,8,3100249,37,4,3,12,25,322.0,6557.836326671515,0.3769444000063231
0,step,27,0,13,12,True,0,12,0,0,1,1,0,24.0,542.7548300867766,344,1720.0,4408.057961041317,True,0,39.0,0,4,0.3217103000060888,0,1,16,10,46,5,3100249,40,7,6,12,25,322.0,6513.057961041319,0.33898129999579396
0,default,112,0,16,16,True,7,16,1,0,0,0,0,32.0,367.6121087366226,250,1250.0,4325.793739785962,True,0,48.0,0,4,0.2698147999908542,0,0,0,0,34,13,3100250,72,3,3,16,18,226.0,5881.793739785961,0.2867423000134295
0,noclosure,83,0,17,16,True,0,16,0,0,1,0,0,32.0,419.0222094345936,284,1420.0,4944.355350953499,True,0,51.0,0,4,0.24717249999230262,0,0,0,0,40,12,3100250,87,5,4,16,24,257.0,6704.355350953498,0.2653924000042025
0,step,72,0,17,16,True,16,16,1,0,1,0,0,32.0,240.06130101918234,153,765.0,2853.980816306918,True,0,51.0,0,4,0.23866880001151003,0,0,24,15,26,9,3100250,18,8,7,16,9,139.0,3840.9808163069174,0.2564688999991631
0,default,89,0,15,12,True,0,12,0,0,3,0,0,24.0,540.4422622691628,299,1495.0,4651.307147229953,True,0,45.0,1,4,0.2206436999986181,0,0,0,0,37,10,3100251,68,5,2,12,25,270.0,6485.307147229953,0.23777079999854323
0,noclosure,89,0,15,12,True,0,12,0,0,3,0,0,24.0,540.4422622691628,299,1495.0,4651.307147229953,True,0,45.0,1,4,0.2200272999907611,0,0,0,0,37,10,3100251,68,5,2,12,25,270.0,6485.307147229953,0.23772099999769125
0,step,35,0,16,12,True,0,12,0,0,4,0,0,24.0,537.7077551263408,296,1480.0,4630.49306151609,True,0,48.0,0,4,0.1587809000047855,0,0,16,10,47,6,3100251,69,10,6,12,25,270.0,6452.493061516089,0.17611879999458324
0,default,65,0,16,14,True,0,14,0,0,2,0,0,28.0,446.889292966646,301,1505.0,4399.450101533045,True,0,48.0,0,4,0.19395380000059959,0,0,0,0,39,10,3100252,54,6,4,14,25,276.0,6256.450101533044,0.21297140000388026
0,noclosure,65,0,16,14,True,0,14,0,0,2,0,0,28.0,446.889292966646,301,1505.0,4399.450101533045,True,0,48.0,0,4,0.19596519999322481,0,0,0,0,39,10,3100252,54,6,4,14,25,276.0,6256.450101533044,0.21292809999431483
0,step,29,0,17,14,True,0,14,0,0,3,0,0,28.0,435.24797146285033,299,1495.0,4243.471600479906,True,0,51.0,0,4,0.18745450000278652,0,0,23,13,52,10,3100252,43,7,4,14,25,276.0,6093.471600479905,0.20628410000063013
0,default,26,0,22,11,True,0,11,0,0,11,1,0,22.0,592.4053119063333,315,1575.0,4562.458430969664,True,0,66.0,0,4,0.27864709999994375,0,0,0,0,36,7,3100253,106,5,3,11,25,291.0,6516.458430969666,0.2963643000111915
0,noclosure,26,0,22,11,True,0,11,0,0,11,1,0,22.0,592.4053119063333,315,1575.0,4562.458430969664,True,0,66.0,0,4,0.27992149999772664,0,0,0,0,36,7,3100253,106,5,3,11,25,291.0,6516.458430969666,0.2983566999901086
0,step,26,0,21,11,True,0,11,0,0,10,1,0,22.0,585.9272885537647,317,1585.0,4483.200174091414,True,0,63.0,0,4,0.29267339999205433,0,1,15,8,44,6,3100253,82,5,4,11,25,292.0,6445.200174091412,0.3106707999977516
0,default,29,0,16,13,True,0,13,0,0,3,1,0,26.0,495.0590300523671,306,1530.0,4552.767390680771,True,0,48.0,2,4,0.3101028000091901,0,0,0,0,38,6,3100254,34,6,6,13,25,279.0,6435.767390680772,0.3275911999953678
0,noclosure,29,0,16,13,True,0,13,0,0,3,1,0,26.0,495.0590300523671,306,1530.0,4552.767390680771,True,0,48.0,2,4,0.3094213000003947,0,0,0,0,38,6,3100254,34,6,6,13,25,279.0,6435.767390680772,0.3277710000111256
0,step,0,0,17,13,True,0,13,0,0,4,1,0,26.0,485.7922135104774,295,1475.0,4491.2987756362045,True,0,51.0,0,4,0.26506329998665024,0,1,12,6,44,5,3100254,72,8,7,13,25,272.0,6315.298775636206,0.28190279999398626
0,default,26,0,28,15,True,0,15,0,0,13,2,0,30.0,414.4095410065152,257,1285.0,4585.143115097725,True,0,84.0,0,4,0.4564415999921039,0,0,0,0,40,4,3100255,65,9,9,15,25,232.0,6216.143115097728,0.47388279999722727
0,noclosure,26,0,28,15,True,0,15,0,0,13,2,0,30.0,414.4095410065152,257,1285.0,4585.143115097725,True,0,84.0,0,4,0.4557776000001468,0,0,0,0,40,4,3100255,65,9,9,15,25,232.0,6216.143115097728,0.4750363000057405
0,step,26,0,28,15,True,0,15,0,0,13,2,0,30.0,414.4095410065152,257,1285.0,4585.143115097725,True,0,84.0,0,4,0.461516199997277,0,2,11,5,45,4,3100255,65,9,9,15,25,232.0,6216.143115097728,0.4786388999928022
0,default,128,0,48,16,True,5,16,1,0,32,1,0,32.0,368.64126515194346,232,1160.0,4360.260242431097,True,0,144.0,1,4,0.44857279999996535,0,0,0,0,36,9,3100256,79,6,6,16,20,202.0,5898.260242431095,0.4653318000055151
0,noclosure,126,0,48,16,True,0,16,0,0,32,1,0,32.0,403.8679338332083,252,1260.0,4806.886941331335,True,0,144.0,0,4,0.4491103999898769,0,0,0,0,40,8,3100256,81,7,7,16,24,219.0,6461.886941331333,0.466603099994245
0,step,30,0,50,16,True,8,16,1,0,34,1,0,32.0,351.80256380270566,212,1060.0,4197.841020843291,True,0,150.0,0,4,0.38169850000122096,0,1,24,15,36,8,3100256,75,9,7,16,17,189.0,5628.841020843291,0.39983130000473466
0,default,40,0,15,15,True,0,15,0,0,0,0,0,30.0,408.5410010222536,277,1385.0,4418.115015333807,True,0,45.0,0,4,0.2051723999902606,0,0,0,0,40,8,3100257,92,7,7,15,25,250.0,6128.115015333804,0.22303520000423305
0,noclosure,40,0,15,15,True,0,15,0,0,0,0,0,30.0,408.5410010222536,277,1385.0,4418.115015333807,True,0,45.0,0,4,0.20243580000533257,0,0,0,0,40,8,3100257,92,7,7,15,25,250.0,6128.115015333804,0.21893460000865161
0,step,39,0,15,15,True,0,15,0,0,0,0,0,30.0,392.6056024837882,264,1320.0,4254.084037256822,True,0,45.0,0,4,0.21431049999955576,0,0,17,10,50,7,3100257,72,8,8,15,25,240.0,5889.084037256823,0.2311541999952169
0,default,86,0,13,13,True,0,13,0,0,0,0,0,26.0,493.22288348990116,367,1835.0,4170.897485368714,True,0,39.0,0,4,0.21477540000341833,0,0,0,0,38,9,3100258,32,4,4,13,25,341.0,6411.897485368715,0.2317410999967251
0,noclosure,86,0,13,13,True,0,13,0,0,0,0,0,26.0,493.22288348990116,367,1835.0,4170.897485368714,True,0,39.0,0,4,0.21017270001175348,0,0,0,0,38,9,3100258,32,4,4,13,25,341.0,6411.897485368715,0.22786459999042563
0,step,74,0,13,13,True,0,13,0,0,0,0,0,26.0,491.983327510914,365,1825.0,4164.783257641881,True,0,39.0,0,4,0.21275089999835473,0,0,17,9,47,8,3100258,32,5,5,13,25,341.0,6395.783257641882,0.23064680000243243
0,default,43,0,21,14,True,0,14,0,0,7,1,0,28.0,479.87937335539647,310,1550.0,4795.311226975554,True,0,63.0,0,4,0.19355740000901278,0,0,0,0,39,8,3100259,73,6,5,14,25,282.0,6718.31122697555,0.21242189999611583
0,noclosure,43,0,21,14,True,0,14,0,0,7,1,0,28.0,479.87937335539647,310,1550.0,4795.311226975554,True,0,63.0,0,4,0.19417309999698773,0,0,0,0,39,8,3100259,73,6,5,14,25,282.0,6718.31122697555,0.21255330000713002
0,step,14,0,21,14,True,0,14,0,0,7,1,0,28.0,473.1048627537861,309,1545.0,4703.468078553009,True,0,63.0,0,4,0.1789543000049889,0,1,16,8,47,7,3100259,73,7,6,14,25,284.0,6623.468078553005,0.19736290001310408
0,default,15,0,20,11,True,0,11,0,0,9,1,0,22.0,586.282125648169,308,1540.0,4541.103382129858,True,0,60.0,0,4,0.2754660999926273,0,0,0,0,36,5,3100260,43,5,5,11,25,286.0,6449.103382129859,0.2951448999956483
0,noclosure,15,0,20,11,True,0,11,0,0,9,1,0,22.0,586.282125648169,308,1540.0,4541.103382129858,True,0,60.0,0,4,0.26826229998550843,0,0,0,0,36,5,3100260,43,5,5,11,25,286.0,6449.103382129859,0.28656960000807885
0,step,0,0,20,11,True,0,11,0,0,9,1,0,22.0,567.3607032268886,297,1485.0,4397.967735495773,True,0,60.0,0,4,0.26752809999743477,0,1,13,7,43,5,3100260,30,5,5,11,25,276.0,6240.967735495775,0.286029500013683
0,default,53,0,15,12,True,0,12,0,0,3,0,0,24.0,543.4876870214239,299,1495.0,4685.852244257085,True,0,45.0,0,4,0.1748331999988295,0,0,0,0,37,10,3100261,51,5,2,12,25,272.0,6521.852244257087,0.1916400999907637
0,noclosure,53,0,15,12,True,0,12,0,0,3,0,0,24.0,543.4876870214239,299,1495.0,4685.852244257085,True,0,45.0,0,4,0.16853520000586286,0,0,0,0,37,10,3100261,51,5,2,12,25,272.0,6521.852244257087,0.18559819999791216
0,step,14,0,17,12,True,0,12,0,0,5,0,0,24.0,527.6171521991834,299,1495.0,4486.405826390201,True,0,51.0,0,4,0.1619654999958584,0,0,23,14,51,9,3100261,55,8,3,12,25,275.0,6331.405826390201,0.17832579999230802
0,default,67,0,12,12,True,0,12,0,0,0,0,0,24.0,532.1742172559157,323,1615.0,4412.090607070987,True,0,36.0,0,4,0.19814999999653082,0,0,0,0,37,10,3100262,37,2,2,12,25,299.0,6386.090607070988,0.21528059999400284
0,noclosure,67,0,12,12,True,0,12,0,0,0,0,0,24.0,532.1742172559157,323,1615.0,4412.090607070987,True,0,36.0,0,4,0.19067070000164676,0,0,0,0,37,10,3100262,37,2,2,12,25,299.0,6386.090607070988,0.20846370000799652
0,step,49,0,13,12,True,0,12,0,0,1,0,0,24.0,521.5519766523186,324,1620.0,4270.623719827822,True,0,39.0,0,4,0.1903561999934027,0,0,19,11,48,8,3100262,38,5,4,12,25,305.0,6258.623719827823,0.20766089999233373
0,default,66,0,11,11,True,0,11,0,0,0,0,0,22.0,605.991093244308,355,1775.0,4505.902025687388,True,0,33.0,0,4,0.17403759999433532,0,0,0,0,36,7,3100263,18,4,4,11,25,330.0,6665.902025687388,0.192815000002156
0,noclosure,66,0,11,11,True,0,11,0,0,0,0,0,22.0,605.991093244308,355,1775.0,4505.902025687388,True,0,33.0,0,4,0.1717540999961784,0,0,0,0,36,7,3100263,18,4,4,11,25,330.0,6665.902025687388,0.1884254000033252
0,step,0,0,11,11,True,0,11,0,0,0,0,0,22.0,570.1281469221756,346,1730.0,4158.40961614393,True,0,33.0,0,4,0.11886380000214558,0,0,12,6,42,6,3100263,24,5,5,11,25,328.0,6271.409616143931,0.13631119999627117
0,default,79,0,17,16,True,2,16,1,0,1,0,0,32.0,413.2656669520614,291,1455.0,4810.250671232984,True,0,51.0,0,4,0.24142330000177026,0,0,0,0,39,11,3100264,89,6,5,16,23,264.0,6612.250671232982,0.25890470000740606
0,noclosure,79,0,17,16,True,0,16,0,0,1,0,0,32.0,420.1215098810007,299,1495.0,4872.944158096013,True,0,51.0,0,4,0.2466392999922391,0,0,0,0,41,11,3100264,91,6,5,16,25,271.0,6721.944158096011,0.264157300000079
0,step,11,0,34,16,True,6,16,1,0,18,2,0,32.0,395.10254506884775,276,1380.0,4555.640721101561,True,0,102.0,0,4,0.4317114000004949,0,2,24,14,35,8,3100264,76,9,6,16,19,252.0,6321.640721101564,0.4484995000093477
0,default,82,0,14,12,True,0,12,0,0,2,0,0,24.0,538.5230652528336,327,1635.0,4463.276783034002,True,0,42.0,0,4,0.18670339998789132,0,0,0,0,37,7,3100265,53,7,5,12,25,298.0,6462.276783034003,0.20406119999825023
0,noclosure,82,0,14,12,True,0,12,0,0,2,0,0,24.0,538.5230652528336,327,1635.0,4463.276783034002,True,0,42.0,0,4,0.1882467999967048,0,0,0,0,37,7,3100265,53,7,5,12,25,298.0,6462.276783034003,0.20550850000290666
0,step,54,0,15,12,True,0,12,0,0,3,0,0,24.0,534.1743220875593,316,1580.0,4469.091865050715,True,0,45.0,0,4,0.18253660001209937,0,0,22,14,51,8,3100265,54,7,4,12,25,292.0,6410.091865050712,0.1993499999953201
0,default,117,0,12,12,True,0,12,0,0,0,0,0,24.0,557.8187399841244,335,1675.0,4652.824879809492,True,0,36.0,1,4,0.2399003000027733,0,0,0,0,37,10,3100266,58,2,2,12,25,306.0,6693.824879809493,0.25635650000185706
0,noclosure,117,0,12,12,True,0,12,0,0,0,0,0,24.0,557.8187399841244,335,1675.0,4652.824879809492,True,0,36.0,1,4,0.2369397000002209,0,0,0,0,37,10,3100266,58,2,2,12,25,306.0,6693.824879809493,0.25392390000342857
0,step,72,0,13,12,True,0,12,0,0,1,0,0,24.0,556.740685614072,332,1660.0,4651.888227368864,True,0,39.0,0,4,0.19793799999752082,0,0,18,11,48,7,3100266,58,6,5,12,25,306.0,6680.888227368864,0.21573009999701753
0,default,40,0,14,14,True,0,14,0,0,0,0,0,28.0,418.8764973064801,234,1170.0,4414.27096229072,True,0,42.0,0,4,0.17713589999766555,0,0,0,0,39,7,3100267,54,7,7,14,25,210.0,5864.270962290721,0.19392140000127256
0,noclosure,40,0,14,14,True,0,14,0,0,0,0,0,28.0,418.8764973064801,234,1170.0,4414.27096229072,True,0,42.0,0,4,0.17809780000243336,0,0,0,0,39,7,3100267,54,7,7,14,25,210.0,5864.270962290721,0.1957500999997137
0,step,35,0,14,14,True,0,14,0,0,0,0,0,28.0,407.23194788829176,231,1155.0,4270.247270436083,True,0,42.0,0,4,0.1842188000009628,0,0,13,8,47,5,3100267,64,9,9,14,25,206.0,5701.247270436084,0.20085649999964517
0,default,149,0,46,13,True,0,13,0,0,33,1,0,26.0,488.49670693192854,265,1325.0,4627.457190115073,True,0,138.0,1,4,0.43087859998922795,0,0,0,0,38,8,3100268,17,4,4,13,25,234.0,6350.457190115071,0.4477130000013858
0,noclosure,149,0,46,13,True,0,13,0,0,33,1,0,26.0,488.49670693192854,265,1325.0,4627.457190115073,True,0,138.0,1,4,0.433531500006211,0,0,0,0,38,8,3100268,17,4,4,13,25,234.0,6350.457190115071,0.450804899999639
0,step,65,0,47,13,True,0,13,0,0,34,1,0,26.0,485.67638633155127,267,1335.0,4569.793022310168,True,0,141.0,0,4,0.3684423999948194,0,1,18,11,49,6,3100268,31,7,6,13,25,242.0,6313.793022310167,0.3860763999982737
0,default,31,0,11,10,True,0,10,0,0,1,0,0,20.0,626.1904589202679,366,1830.0,4034.904589202677,True,0,33.0,1,4,0.16019610001239926,0,0,0,0,35,9,3100269,15,2,1,10,25,344.0,6261.90458920268,0.17883859999710694
0,noclosure,31,0,11,10,True,0,10,0,0,1,0,0,20.0,626.1904589202679,366,1830.0,4034.904589202677,True,0,33.0,1,4,0.16151350000291131,0,0,0,0,35,9,3100269,15,2,1,10,25,344.0,6261.90458920268,0.18072659999597818
0,step,28,0,11,10,True,0,10,0,0,1,0,0,20.0,624.9954191050066,365,1825.0,4027.9541910500634,True,0,33.0,0,4,0.15997890000289772,0,0,14,6,41,8,3100269,15,3,2,10,25,344.0,6249.954191050066,0.1767106000042986
0,default,46,0,14,13,True,0,13,0,0,1,0,0,26.0,486.346384719919,291,1455.0,4531.503001358947,True,0,42.0,1,4,0.19331750000128523,0,0,0,0,38,5,3100270,83,9,8,13,25,268.0,6322.503001358947,0.21056780000799336
0,noclosure,46,0,14,13,True,0,13,0,0,1,0,0,26.0,486.346384719919,291,1455.0,4531.503001358947,True,0,42.0,1,4,0.1915475999994669,0,0,0,0,38,5,3100270,83,9,8,13,25,268.0,6322.503001358947,0.20927830001164693
0,step,32,0,15,13,True,0,13,0,0,2,0,0,26.0,486.8091839604987,291,1455.0,4534.519391486483,True,0,45.0,1,4,0.19321480000508018,0,0,13,8,46,5,3100270,83,10,8,13,25,268.0,6328.519391486483,0.2100228000053903
0,default,29,0,13,13,True,0,13,0,0,0,0,0,26.0,460.53927597437263,267,1335.0,4343.010587666844,True,0,39.0,0,4,0.15943090000655502,0,0,0,0,38,8,3100271,48,5,5,13,25,244.0,5987.010587666844,0.1784443999931682
0,noclosure,29,0,13,13,True,0,13,0,0,0,0,0,26.0,460.53927597437263,267,1335.0,4343.010587666844,True,0,39.0,0,4,0.15838890000304673,0,0,0,0,38,8,3100271,48,5,5,13,25,244.0,5987.010587666844,0.17559610000171233
0,step,0,0,14,13,True,0,13,0,0,1,0,0,26.0,471.3468025891828,306,1530.0,4245.508433659377,True,0,42.0,0,4,0.14123610001115594,0,0,14,8,46,6,3100271,47,8,7,13,25,284.0,6127.508433659376,0.15824530000099912
0,default,102,0,13,13,True,0,13,0,0,0,0,0,26.0,478.40519240796664,308,1540.0,4331.267501303565,True,0,39.0,3,4,0.2615531000046758,0,0,0,0,38,11,3100272,39,2,2,13,25,283.0,6219.267501303566,0.2783168000023579
0,noclosure,102,0,13,13,True,0,13,0,0,0,0,0,26.0,478.40519240796664,308,1540.0,4331.267501303565,True,0,39.0,3,4,0.255789899994852,0,0,0,0,38,11,3100272,39,2,2,13,25,283.0,6219.267501303566,0.2725629999913508
0,step,40,0,13,13,True,0,13,0,0,0,0,0,26.0,459.4875794403885,304,1520.0,4103.338532725051,True,0,39.0,0,4,0.1878694000042742,0,0,19,11,48,8,3100272,40,5,5,13,25,285.0,5973.338532725051,0.20515310000337195
0,default,26,0,11,11,True,0,11,0,0,0,0,0,22.0,534.774498532074,315,1575.0,3961.5194838528123,True,0,33.0,0,4,0.14564960000279825,0,0,0,0,36,6,3100273,44,5,5,11,25,291.0,5882.519483852813,0.16377610000199638
0,noclosure,26,0,11,11,True,0,11,0,0,0,0,0,22.0,534.774498532074,315,1575.0,3961.5194838528123,True,0,33.0,0,4,0.1471432999969693,0,0,0,0,36,6,3100273,44,5,5,11,25,291.0,5882.519483852813,0.1644489999889629
0,step,26,0,11,11,True,0,11,0,0,0,0,0,22.0,534.774498532074,315,1575.0,3961.5194838528123,True,0,33.0,0,4,0.15310530000715517,0,0,11,5,41,6,3100273,44,5,5,11,25,291.0,5882.519483852813,0.1701273999933619
0,default,89,0,14,14,True,0,14,0,0,0,0,0,28.0,429.7801953056169,286,1430.0,4256.922734278639,True,0,42.0,1,4,0.23533179999503773,0,0,0,0,39,10,3100274,43,4,4,14,25,260.0,6016.922734278637,0.25335709999490064
0,noclosure,89,0,14,14,True,0,14,0,0,0,0,0,28.0,429.7801953056169,286,1430.0,4256.922734278639,True,0,42.0,1,4,0.23017739999340847,0,0,0,0,39,10,3100274,43,4,4,14,25,260.0,6016.922734278637,0.2469917999987956
0,step,28,0,14,14,True,0,14,0,0,0,0,0,28.0,407.55830124071946,282,1410.0,3966.8162173700734,True,0,42.0,0,4,0.19084169999405276,0,0,18,12,51,6,3100274,45,8,8,14,25,259.0,5705.816217370072,0.2079507000016747
0,default,29,0,15,14,True,0,14,0,0,1,0,0,28.0,464.45755639154623,292,1460.0,4704.405789481645,True,0,45.0,0,4,0.16439259999606293,0,0,0,0,39,6,3100275,35,9,8,14,25,265.0,6502.405789481647,0.18228470000030939
0,noclosure,29,0,15,14,True,0,14,0,0,1,0,0,28.0,464.45755639154623,292,1460.0,4704.405789481645,True,0,45.0,0,4,0.1658397999999579,0,0,0,0,39,6,3100275,35,9,8,14,25,265.0,6502.405789481647,0.18273410000256263
0,step,25,0,33,14,True,0,14,0,0,19,2,0,28.0,482.7706724568134,296,1480.0,4878.789414395387,True,0,99.0,1,4,0.4023678999947151,0,2,25,16,54,7,3100275,56,6,5,14,25,273.0,6758.789414395387,0.4190500999975484
0,default,13,0,13,11,True,0,11,0,0,2,0,0,22.0,519.3264798508883,269,1345.0,4061.5912783597723,True,0,39.0,0,4,0.12754309999581892,0,0,0,0,36,6,3100276,143,7,5,11,25,245.0,5712.591278359771,0.14485039999999572
0,noclosure,13,0,13,11,True,0,11,0,0,2,0,0,22.0,519.3264798508883,269,1345.0,4061.5912783597723,True,0,39.0,0,4,0.12992799999483395,0,0,0,0,36,6,3100276,143,7,5,11,25,245.0,5712.591278359771,0.147567700012587
0,step,13,0,13,11,True,0,11,0,0,2,0,0,22.0,519.3264798508883,269,1345.0,4061.5912783597723,True,0,39.0,0,4,0.1337226999894483,0,0,11,5,41,6,3100276,143,7,5,11,25,245.0,5712.591278359771,0.1509626000042772
0,default,43,0,48,13,True,0,13,0,0,35,1,0,26.0,531.7129418936215,340,1700.0,4724.268244617076,True,0,144.0,1,4,0.3019105999992462,0,0,0,0,38,7,3100277,64,8,5,13,25,318.0,6912.268244617079,0.3194755000004079
0,noclosure,43,0,48,13,True,0,13,0,0,35,1,0,26.0,531.7129418936215,340,1700.0,4724.268244617076,True,0,144.0,1,4,0.2996087999927113,0,0,0,0,38,7,3100277,64,8,5,13,25,318.0,6912.268244617079,0.3172813999990467
0,step,2,0,16,13,True,0,13,0,0,3,0,0,26.0,513.7639187831558,344,1720.0,4558.930944181026,True,0,48.0,1,4,0.16326590000244323,0,0,16,8,45,8,3100277,83,8,5,13,25,326.0,6678.930944181025,0.1798341999965487
0,default,55,0,12,11,True,0,11,0,0,1,0,0,22.0,580.2675686552169,308,1540.0,4501.943255207385,True,0,36.0,0,4,0.15309629999683239,0,0,0,0,36,4,3100278,54,8,7,11,25,283.0,6382.943255207386,0.16980119999789167
0,noclosure,55,0,12,11,True,0,11,0,0,1,0,0,22.0,580.2675686552169,308,1540.0,4501.943255207385,True,0,36.0,0,4,0.15461169999616686,0,0,0,0,36,4,3100278,54,8,7,11,25,283.0,6382.943255207386,0.17184889999043662
0,step,41,0,12,11,True,0,11,0,0,1,0,0,22.0,579.3366915766306,307,1535.0,4496.703607342936,True,0,36.0,0,4,0.15074560001085047,0,0,10,7,43,3,3100278,54,9,8,11,25,283.0,6372.703607342937,0.16775320000306237
0,default,34,0,15,15,True,0,15,0,0,0,0,0,30.0,432.3399254856439,279,1395.0,4764.098882284658,True,0,45.0,2,4,0.20574169998872094,0,0,0,0,40,9,3100279,88,6,6,15,25,251.0,6485.098882284658,0.22334820000105537
0,noclosure,34,0,15,15,True,0,15,0,0,0,0,0,30.0,432.3399254856439,279,1395.0,4764.098882284658,True,0,45.0,2,4,0.2129465999896638,0,0,0,0,40,9,3100279,88,6,6,15,25,251.0,6485.098882284658,0.23041260000900365
0,step,19,0,16,15,True,0,15,0,0,1,0,0,30.0,404.0493615058866,232,1160.0,4613.740422588298,True,0,48.0,1,4,0.20853940000233706,0,0,19,11,51,8,3100279,69,8,7,15,25,209.0,6060.740422588299,0.22605540000949986
0,default,0,0,31,13,True,0,13,0,0,18,2,0,26.0,507.9952000116225,306,1530.0,4670.937600151086,True,0,93.0,0,4,0.4288499999966007,0,0,0,0,38,4,3100280,57,7,7,13,25,284.0,6603.937600151093,0.44618299999274313
0,noclosure,0,0,31,13,True,0,13,0,0,18,2,0,26.0,507.9952000116225,306,1530.0,4670.937600151086,True,0,93.0,0,4,0.42968329999712296,0,0,0,0,38,4,3100280,57,7,7,13,25,284.0,6603.937600151093,0.4465582999982871
0,step,0,0,31,13,True,0,13,0,0,18,2,0,26.0,507.9952000116225,306,1530.0,4670.937600151086,True,0,93.0,0,4,0.42239569999219384,0,2,9,3,41,4,3100280,57,7,7,13,25,284.0,6603.937600151093,0.43936639999446925
0,default,53,0,12,12,True,0,12,0,0,0,0,0,24.0,516.3507723128099,281,1405.0,4483.20926775372,True,0,36.0,0,4,0.1733193999971263,0,0,0,0,37,6,3100281,37,6,6,12,25,248.0,6196.209267753718,0.19023389999347273
0,noclosure,53,0,12,12,True,0,12,0,0,0,0,0,24.0,516.3507723128099,281,1405.0,4483.20926775372,True,0,36.0,0,4,0.1727930000051856,0,0,0,0,37,6,3100281,37,6,6,12,25,248.0,6196.209267753718,0.18984249999630265
0,step,39,0,13,12,True,0,12,0,0,1,0,0,24.0,515.2846601407646,282,1410.0,4460.415921689177,True,0,39.0,0,4,0.17688149999594316,0,0,12,8,45,4,3100281,47,9,8,12,25,250.0,6183.415921689175,0.193987599996035
0,default,69,0,12,10,True,0,10,0,0,2,0,0,20.0,640.4878881078936,353,1765.0,4257.878881078936,True,0,36.0,0,4,0.18833590000576805,0,0,0,0,35,6,3100282,28,6,4,10,25,326.0,6404.878881078936,0.20566609999514185
0,noclosure,69,0,12,10,True,0,10,0,0,2,0,0,20.0,640.4878881078936,353,1765.0,4257.878881078936,True,0,36.0,0,4,0.182573100013542,0,0,0,0,35,6,3100282,28,6,4,10,25,326.0,6404.878881078936,0.20036839999374934
0,step,40,0,12,10,True,0,10,0,0,2,0,0,20.0,630.8274668782811,358,1790.0,4129.274668782811,True,0,36.0,0,4,0.16666519999853335,0,0,15,11,46,4,3100282,30,8,6,10,25,333.0,6308.274668782811,0.18549089999578428
0,default,140,0,16,16,True,5,16,1,0,0,0,0,32.0,377.73990774960726,242,1210.0,4543.838523993717,True,0,48.0,1,4,0.30636370000138413,0,0,0,0,36,9,3100283,63,7,7,16,20,210.0,6043.838523993716,0.3238590999972075
0,noclosure,109,0,16,16,True,0,16,0,0,0,0,0,32.0,404.47468438364524,265,1325.0,4835.594950138326,True,0,48.0,1,4,0.2672227000002749,0,0,0,0,41,8,3100283,72,8,8,16,25,231.0,6471.594950138324,0.28457249999337364
0,step,65,0,16,16,True,10,16,1,0,0,0,0,32.0,297.7522875074362,177,885.0,3643.036600118981,True,0,48.0,0,4,0.21635429999150801,0,0,17,10,25,7,3100283,83,9,9,16,15,156.0,4764.03660011898,0.23608960000274237
0,default,39,0,10,10,True,0,10,0,0,0,0,0,20.0,662.0012115492776,373,1865.0,4360.0121154927765,True,0,30.0,0,4,0.13756540000031237,0,0,0,0,35,6,3100284,44,4,4,10,25,345.0,6620.0121154927765,0.15450390000478365
0,noclosure,39,0,10,10,True,0,10,0,0,0,0,0,20.0,662.0012115492776,373,1865.0,4360.0121154927765,True,0,30.0,0,4,0.17043030000058934,0,0,0,0,35,6,3100284,44,4,4,10,25,345.0,6620.0121154927765,0.1886559000122361
0,step,53,0,10,10,True,0,10,0,0,0,0,0,20.0,634.1478805255244,316,1580.0,4423.478805255246,True,0,30.0,0,4,0.1734244000108447,0,0,15,8,43,7,3100284,52,3,3,10,25,288.0,6341.478805255245,0.19290949999412987
0,default,92,0,25,16,True,2,16,1,0,9,1,0,32.0,393.3287608212045,231,1155.0,4828.260173139275,True,0,75.0,3,4,0.4298849000042537,0,0,0,0,39,10,3100285,71,7,5,16,23,203.0,6293.260173139272,0.4471932000014931
0,noclosure,92,0,25,16,True,0,16,0,0,9,1,0,32.0,393.3287608212045,231,1155.0,4828.260173139275,True,0,75.0,3,4,0.4291952999919886,0,0,0,0,39,10,3100285,71,7,5,16,23,203.0,6293.260173139272,0.4467432000092231
0,step,105,0,27,16,True,9,16,1,0,11,1,0,32.0,343.83300109554233,218,1090.0,4106.328017528674,True,0,81.0,0,4,0.3919960000057472,0,1,22,15,27,6,3100285,74,13,9,16,16,192.0,5501.328017528677,0.41025910001189914
0,default,84,0,17,15,True,0,15,0,0,2,0,0,30.0,422.3675199764603,277,1385.0,4616.512799646903,True,0,51.0,1,4,0.2566074999922421,0,0,0,0,40,11,3100286,92,6,4,15,25,253.0,6335.512799646905,0.27439809999486897
0,noclosure,84,0,17,15,True,0,15,0,0,2,0,0,30.0,422.3675199764603,277,1385.0,4616.512799646903,True,0,51.0,1,4,0.25758889999997336,0,0,0,0,40,11,3100286,92,6,4,15,25,253.0,6335.512799646905,0.2755316999973729
0,step,39,0,22,15,True,0,15,0,0,7,1,0,30.0,436.9102209300052,290,1450.0,4734.65331395008,True,0,66.0,0,4,0.35687659999530297,0,1,19,10,48,8,3100286,91,10,6,15,25,273.0,6553.653313950078,0.37561339999956544
0,default,72,0,30,15,True,0,15,0,0,15,2,0,30.0,428.8233436618478,234,1170.0,4936.350154927717,True,0,90.0,1,4,0.5050817000010284,0,0,0,0,40,7,3100287,72,6,6,15,25,206.0,6432.350154927717,0.5223226999951294
0,noclosure,72,0,30,15,True,0,15,0,0,15,2,0,30.0,428.8233436618478,234,1170.0,4936.350154927717,True,0,90.0,1,4,0.5055973999988055,0,0,0,0,40,7,3100287,72,6,6,15,25,206.0,6432.350154927717,0.5225921999954153
0,step,35,0,30,15,True,0,15,0,0,15,2,0,30.0,417.0122236178247,230,1150.0,4778.18335426737,True,0,90.0,1,4,0.491473699992639,0,2,18,10,50,6,3100287,73,7,7,15,25,207.0,6255.18335426737,0.509670899991761
0,default,52,0,14,14,True,0,14,0,0,0,0,0,28.0,441.42024920788515,286,1430.0,4419.883488910393,True,0,42.0,0,4,0.18475410000246484,0,0,0,0,39,6,3100288,88,8,8,14,25,260.0,6179.883488910392,0.20248989999527112
0,noclosure,52,0,14,14,True,0,14,0,0,0,0,0,28.0,441.42024920788515,286,1430.0,4419.883488910393,True,0,42.0,0,4,0.18417910000425763,0,0,0,0,39,6,3100288,88,8,8,14,25,260.0,6179.883488910392,0.20158819999778643
0,step,48,0,14,14,True,0,14,0,0,0,0,0,28.0,446.2235409584604,289,1445.0,4470.129573418446,True,0,42.0,0,4,0.18209659999411087,0,0,13,7,46,6,3100288,88,8,8,14,25,262.0,6247.129573418445,0.2001281000120798
0,default,3,0,11,10,True,0,10,0,0,1,0,0,20.0,620.873258402431,316,1580.0,4284.732584024312,True,0,33.0,1,4,0.11035879999690223,0,0,0,0,35,7,3100289,45,4,3,10,25,291.0,6208.73258402431,0.12795720000576694
0,noclosure,3,0,11,10,True,0,10,0,0,1,0,0,20.0,620.873258402431,316,1580.0,4284.732584024312,True,0,33.0,1,4,0.11041580000892282,0,0,0,0,35,7,3100289,45,4,3,10,25,291.0,6208.73258402431,0.12800070000230335
0,step,13,0,11,10,True,0,10,0,0,1,0,0,20.0,616.6907042897566,317,1585.0,4234.9070428975665,True,0,33.0,0,4,0.1320045000029495,0,0,14,8,43,6,3100289,46,5,4,10,25,294.0,6166.907042897566,0.149578600001405
0,default,30,0,13,11,True,0,11,0,0,2,0,0,22.0,573.230235284779,329,1645.0,4294.532588132568,True,0,39.0,1,4,0.1603315999964252,0,0,0,0,36,5,3100290,42,8,6,11,25,305.0,6305.53258813257,0.17912860000797082
0,noclosure,30,0,13,11,True,0,11,0,0,2,0,0,22.0,573.230235284779,329,1645.0,4294.532588132568,True,0,39.0,1,4,0.16462560000945814,0,0,0,0,36,5,3100290,42,8,6,11,25,305.0,6305.53258813257,0.1829499999876134
0,step,14,0,11,11,True,0,11,0,0,0,0,0,22.0,547.937730140039,301,1505.0,4190.315031540427,True,0,33.0,0,4,0.14952600000833627,0,0,12,8,44,4,3100290,28,7,7,11,25,277.0,6027.315031540428,0.166341400006786
0,default,43,0,15,14,True,0,14,0,0,1,0,0,28.0,448.64586352972395,262,1310.0,4656.042089416135,True,0,45.0,1,4,0.19769310000992846,0,0,0,0,39,11,3100291,77,4,3,14,25,242.0,6281.042089416135,0.2160852000088198
0,noclosure,43,0,15,14,True,0,14,0,0,1,0,0,28.0,448.64586352972395,262,1310.0,4656.042089416135,True,0,45.0,1,4,0.19861629999650177,0,0,0,0,39,11,3100291,77,4,3,14,25,242.0,6281.042089416135,0.2160888999933377
0,step,26,0,15,14,True,0,14,0,0,1,0,0,28.0,438.3743641744477,262,1310.0,4513.241098442269,True,0,45.0,0,4,0.19534269999712706,0,0,22,13,52,9,3100291,62,6,5,14,25,241.0,6137.241098442268,0.2125240000023041
0,default,41,0,11,11,True,0,11,0,0,0,0,0,22.0,584.3024217683634,343,1715.0,4341.326639451998,True,0,33.0,0,4,0.1645126000075834,0,0,0,0,36,9,3100292,11,2,2,11,25,316.0,6427.326639451998,0.18238499999279156
0,noclosure,41,0,11,11,True,0,11,0,0,0,0,0,22.0,584.3024217683634,343,1715.0,4341.326639451998,True,0,33.0,0,4,0.1709893000079319,0,0,0,0,36,9,3100292,11,2,2,11,25,316.0,6427.326639451998,0.18940160000056494
0,step,41,0,11,11,True,0,11,0,0,0,0,0,22.0,584.3024217683634,343,1715.0,4341.326639451998,True,0,33.0,0,4,0.17665429999760818,0,0,20,11,46,9,3100292,11,2,2,11,25,316.0,6427.326639451998,0.19291290000546724
0,default,100,0,15,15,True,0,15,0,0,0,0,0,30.0,409.8711910200411,264,1320.0,4521.067865300618,True,0,45.0,1,4,0.2457565000077011,0,0,0,0,40,10,3100293,16,5,5,15,25,232.0,6148.067865300617,0.2630133000056958
0,noclosure,100,0,15,15,True,0,15,0,0,0,0,0,30.0,409.8711910200411,264,1320.0,4521.067865300618,True,0,45.0,1,4,0.24914369999896735,0,0,0,0,40,10,3100293,16,5,5,15,25,232.0,6148.067865300617,0.2664183999877423
0,step,74,0,15,15,True,0,15,0,0,0,0,0,30.0,397.4796292421175,261,1305.0,4348.194438631762,True,0,45.0,1,4,0.24507219999213703,0,0,21,12,52,9,3100293,17,6,6,15,25,234.0,5962.194438631762,0.2636188999895239
0,default,37,0,117,12,True,0,12,0,0,105,2,0,24.0,602.3355668381341,307,1535.0,5034.026802057609,True,0,351.0,0,4,0.3423731999937445,0,0,0,0,37,8,3100294,63,5,2,12,25,284.0,7228.0268020576095,0.35978549999708775
0,noclosure,37,0,117,12,True,0,12,0,0,105,2,0,24.0,602.3355668381341,307,1535.0,5034.026802057609,True,0,351.0,0,4,0.34617100001196377,0,0,0,0,37,8,3100294,63,5,2,12,25,284.0,7228.0268020576095,0.36389629999757744
0,step,51,0,47,12,True,0,12,0,0,35,1,0,24.0,563.0246712538859,298,1490.0,4831.2960550466305,True,0,141.0,0,4,0.2918938000075286,0,1,15,8,45,6,3100294,24,6,5,12,25,270.0,6756.2960550466305,0.3091943000035826
0,default,85,0,21,15,True,0,15,0,0,6,1,0,30.0,411.83106231665295,254,1270.0,4592.465934749795,True,0,63.0,1,4,0.37625949998619035,0,0,0,0,40,6,3100295,86,9,8,15,25,222.0,6177.4659347497945,0.3937932999979239
0,noclosure,85,0,21,15,True,0,15,0,0,6,1,0,30.0,411.83106231665295,254,1270.0,4592.465934749795,True,0,63.0,1,4,0.37215509999077767,0,0,0,0,40,6,3100295,86,9,8,15,25,222.0,6177.4659347497945,0.38921229999687057
0,step,30,0,20,15,True,0,15,0,0,5,1,0,30.0,392.77723343895644,212,1060.0,4553.658501584347,True,0,60.0,0,4,0.32603980001294985,0,1,11,7,47,3,3100295,49,12,11,15,25,188.0,5891.658501584347,0.3432365999906324
0,default,74,0,13,12,True,0,12,0,0,1,1,0,24.0,527.2288637076819,310,1550.0,4432.746364492181,True,0,39.0,2,4,0.23066719999769703,0,0,0,0,37,9,3100296,25,3,2,12,25,281.0,6326.746364492183,0.24747889999707695
0,noclosure,74,0,13,12,True,0,12,0,0,1,1,0,24.0,527.2288637076819,310,1550.0,4432.746364492181,True,0,39.0,2,4,0.22719879999931436,0,0,0,0,37,9,3100296,25,3,2,12,25,281.0,6326.746364492183,0.24503140000160784
0,step,53,0,13,12,True,0,12,0,0,1,0,0,24.0,503.9132466813964,307,1535.0,4164.958960176755,True,0,39.0,0,4,0.21235109999543056,0,0,22,14,51,8,3100296,25,5,4,12,25,284.0,6046.958960176757,0.23118760000215843
0,default,97,0,11,11,True,0,11,0,0,0,0,0,22.0,591.3597237061398,317,1585.0,4573.956960767538,True,0,33.0,0,4,0.2064859000092838,0,0,0,0,36,8,3100297,46,3,3,11,25,291.0,6504.956960767538,0.22395759999926668
0,noclosure,97,0,11,11,True,0,11,0,0,0,0,0,22.0,591.3597237061398,317,1585.0,4573.956960767538,True,0,33.0,0,4,0.2035226000007242,0,0,0,0,36,8,3100297,46,3,3,11,25,291.0,6504.956960767538,0.22052560000156518
0,step,16,0,11,11,True,0,11,0,0,0,0,0,22.0,580.6088524241864,331,1655.0,4366.6973766660485,True,0,33.0,0,4,0.16094729999895208,0,0,16,12,48,4,3100297,49,7,7,11,25,310.0,6386.697376666049,0.1786054999975022
0,default,43,0,12,10,True,0,10,0,0,2,0,0,20.0,607.1540441821982,316,1580.0,4145.54044182198,True,0,36.0,1,4,0.16592349999700673,0,0,0,0,35,7,3100298,26,5,3,10,25,290.0,6071.540441821981,0.18284629999834578
0,noclosure,43,0,12,10,True,0,10,0,0,2,0,0,20.0,607.1540441821982,316,1580.0,4145.54044182198,True,0,36.0,1,4,0.1676475999993272,0,0,0,0,35,7,3100298,26,5,3,10,25,290.0,6071.540441821981,0.1850683999946341
0,step,0,0,12,10,True,0,10,0,0,2,0,0,20.0,587.6063742560635,316,1580.0,3947.0637425606337,True,0,36.0,0,4,0.13776369999686722,0,0,15,8,43,7,3100298,27,5,3,10,25,293.0,5876.063742560636,0.1571200000034878
0,default,43,0,15,11,True,0,11,0,0,4,1,0,22.0,586.164752010866,319,1595.0,4492.812272119528,True,0,45.0,1,4,0.2101464000006672,0,0,0,0,36,7,3100299,13,3,3,11,25,293.0,6447.812272119526,0.22845399999641813
0,noclosure,43,0,15,11,True,0,11,0,0,4,1,0,22.0,586.164752010866,319,1595.0,4492.812272119528,True,0,45.0,1,4,0.20518750000337604,0,0,0,0,36,7,3100299,13,3,3,11,25,293.0,6447.812272119526,0.22331729999859817
0,step,75,0,16,11,True,0,11,0,0,5,1,0,22.0,634.0363695763217,387,1935.0,4608.400065339538,True,0,48.0,0,4,0.2459752999857301,0,1,20,12,48,7,3100299,51,4,3,11,25,361.0,6974.400065339539,0.26297330000670627
0,default,46,0,15,13,True,0,13,0,0,2,1,0,26.0,449.872165653756,254,1270.0,4278.338153498825,True,0,45.0,1,4,0.2824676000018371,0,0,0,0,38,6,3100300,32,7,6,13,25,229.0,5848.3381534988275,0.299714100008714
0,noclosure,46,0,15,13,True,0,13,0,0,2,1,0,26.0,449.872165653756,254,1270.0,4278.338153498825,True,0,45.0,1,4,0.2744562999869231,0,0,0,0,38,6,3100300,32,7,6,13,25,229.0,5848.3381534988275,0.2919879000110086
0,step,12,0,15,13,True,0,13,0,0,2,0,0,26.0,457.95369793852535,303,1515.0,4086.39807320083,True,0,45.0,0,4,0.1484339999879012,0,0,15,7,45,8,3100300,63,7,5,13,25,281.0,5953.3980732008295,0.16661149999708869
0,default,79,0,14,14,True,0,14,0,0,0,0,0,28.0,471.45710473502055,292,1460.0,4809.399466290289,True,0,42.0,0,4,0.2172193000005791,0,0,0,0,39,9,3100301,33,5,5,14,25,261.0,6600.399466290288,0.23543899999640416
0,noclosure,79,0,14,14,True,0,14,0,0,0,0,0,28.0,471.45710473502055,292,1460.0,4809.399466290289,True,0,42.0,0,4,0.22047879999445286,0,0,0,0,39,9,3100301,33,5,5,14,25,261.0,6600.399466290288,0.23816350000561215
0,step,42,0,15,14,True,0,14,0,0,1,0,0,28.0,425.45036912709156,314,1570.0,4026.3051677792837,True,0,45.0,0,4,0.1973808999900939,0,0,19,12,51,7,3100301,44,8,7,14,25,287.0,5956.305167779282,0.21498970000538975
0,default,45,0,32,16,True,0,16,1,0,16,1,0,32.0,413.7475833093797,294,1470.0,4750.961332950075,True,0,96.0,0,4,0.3396361000050092,0,0,0,0,41,9,3100302,54,7,6,16,25,271.0,6619.961332950075,0.3566780000110157
0,noclosure,45,0,32,16,True,0,16,0,0,16,1,0,32.0,413.7475833093797,294,1470.0,4750.961332950075,True,0,96.0,0,4,0.3415115999960108,0,0,0,0,41,9,3100302,54,7,6,16,25,271.0,6619.961332950075,0.3603856999980053
0,step,0,0,31,16,True,2,16,1,0,15,1,0,32.0,390.1955814897192,264,1320.0,4557.129303835506,True,0,93.0,0,4,0.29255520000879187,0,1,11,5,38,5,3100302,71,10,10,16,23,241.0,6243.129303835507,0.30960209999466315
0,default,95,0,18,16,True,11,16,1,0,2,1,0,32.0,282.00578088513043,175,875.0,3397.092494162088,True,0,54.0,3,4,0.27594049999606796,0,0,0,0,30,10,3100303,69,6,5,16,14,154.0,4512.092494162087,0.29352300000027753
0,noclosure,86,0,17,16,True,0,16,0,0,1,0,0,32.0,347.9869232648863,211,1055.0,4244.790772238181,True,0,51.0,2,4,0.25846650000312366,0,0,0,0,38,11,3100303,73,6,5,16,22,185.0,5567.790772238181,0.27646310000272933
0,step,85,0,18,16,True,11,16,1,0,2,1,0,32.0,298.4929080027138,176,880.0,3652.8865280434225,True,0,54.0,1,4,0.2615859000070486,0,1,27,18,36,8,3100303,71,8,7,16,14,157.0,4775.886528043421,0.2781654999998864
0,default,94,0,17,16,True,8,16,1,0,1,0,0,32.0,327.80922460367094,223,1115.0,3848.9475936587373,True,0,51.0,0,4,0.23294320001150481,0,0,0,0,33,9,3100304,47,8,7,16,17,198.0,5244.947593658735,0.2509957000002032
0,noclosure,40,0,17,16,True,0,16,0,0,1,0,0,32.0,337.5662920929326,237,1185.0,3916.060673486922,True,0,51.0,0,4,0.18818509999255184,0,0,0,0,37,7,3100304,50,10,9,16,21,217.0,5401.060673486922,0.2059226999990642
0,step,91,0,17,16,True,8,16,1,0,1,0,0,32.0,313.8759444928879,187,935.0,3838.0151118862073,True,0,51.0,0,4,0.24932629999238998,0,0,23,15,36,8,3100304,67,9,8,16,17,166.0,5022.015111886207,0.26656329999968875
0,default,25,0,11,10,True,0,10,0,0,1,0,0,20.0,612.9864957325242,328,1640.0,4129.864957325243,True,0,33.0,0,4,0.1301534999947762,0,0,0,0,35,6,3100305,60,5,4,10,25,307.0,6129.864957325242,0.14713669999036938
0,noclosure,25,0,11,10,True,0,10,0,0,1,0,0,20.0,612.9864957325242,328,1640.0,4129.864957325243,True,0,33.0,0,4,0.13223759998800233,0,0,0,0,35,6,3100305,60,5,4,10,25,307.0,6129.864957325242,0.1501778999954695
0,step,25,0,11,10,True,0,10,0,0,1,0,0,20.0,612.9864957325242,328,1640.0,4129.864957325243,True,0,33.0,0,4,0.13581580000754911,0,0,12,6,41,6,3100305,60,5,4,10,25,307.0,6129.864957325242,0.15287240000907332
0,default,65,0,17,15,True,0,15,0,0,2,0,0,30.0,435.3223364346964,276,1380.0,4817.835046520444,True,0,51.0,0,4,0.21440489999076817,0,0,0,0,40,10,3100306,48,7,5,15,25,251.0,6529.835046520446,0.23238279999350198
0,noclosure,65,0,17,15,True,0,15,0,0,2,0,0,30.0,435.3223364346964,276,1380.0,4817.835046520444,True,0,51.0,0,4,0.2135847999888938,0,0,0,0,40,10,3100306,48,7,5,15,25,251.0,6529.835046520446,0.23074410000117496
0,step,50,0,32,15,True,0,15,0,0,17,1,0,30.0,431.99343919169803,248,1240.0,4887.90158787547,True,0,96.0,0,4,0.37057199999981094,0,1,21,11,51,9,3100306,72,6,5,15,25,226.0,6479.901587875471,0.38815250000334345
0,default,82,0,15,11,True,0,11,0,0,4,1,0,22.0,586.9867312507877,317,1585.0,4518.854043758664,True,0,45.0,0,4,0.21781329999794252,0,0,0,0,36,6,3100307,14,4,4,11,25,286.0,6456.854043758664,0.23567049999837764
0,noclosure,82,0,15,11,True,0,11,0,0,4,1,0,22.0,586.9867312507877,317,1585.0,4518.854043758664,True,0,45.0,0,4,0.21839829999953508,0,0,0,0,36,6,3100307,14,4,4,11,25,286.0,6456.854043758664,0.23493620000954252
0,step,13,0,15,11,True,0,11,0,0,4,1,0,22.0,573.7405466305162,313,1565.0,4390.146012935678,True,0,45.0,0,4,0.16821870001149364,0,1,14,8,44,5,3100307,15,5,5,11,25,289.0,6311.146012935678,0.18535500000871252
0,default,64,0,20,16,True,3,16,1,0,4,0,0,32.0,380.0397347134953,258,1290.0,4467.635755415927,True,0,60.0,0,4,0.21072730000014417,0,0,0,0,38,12,3100308,97,8,4,16,22,231.0,6080.635755415925,0.22783290001098067
0,noclosure,64,0,20,16,True,0,16,0,0,4,0,0,32.0,389.9569007610495,270,1350.0,4556.310412176794,True,0,60.0,0,4,0.20815390000643674,0,0,0,0,41,12,3100308,100,8,4,16,25,241.0,6239.310412176792,0.22469299999647774
0,step,60,0,20,16,True,3,16,1,0,4,0,0,32.0,379.73532790577724,259,1295.0,4453.765246492438,True,0,60.0,0,4,0.2140221999870846,0,0,24,13,48,11,3100308,98,9,5,16,22,235.0,6075.765246492436,0.23187319999851752
0,default,73,0,30,16,True,13,16,1,0,14,1,0,32.0,282.8261395100954,154,770.0,3494.218232161525,True,0,90.0,3,4,0.4104315000004135,0,0,0,0,28,12,3100309,41,3,3,16,12,139.0,4525.218232161526,0.4285545999882743
0,noclosure,95,0,30,16,True,0,16,0,0,14,1,0,32.0,347.3049742154029,194,970.0,4292.879587446448,True,0,90.0,2,4,0.42901760000677314,0,0,0,0,37,12,3100309,53,3,3,16,21,172.0,5556.879587446447,0.4477506999974139
0,step,12,0,16,16,True,8,16,1,0,0,0,0,32.0,317.6252140263769,190,950.0,3882.0034244220296,True,0,48.0,0,4,0.1992132000013953,0,0,23,15,39,8,3100309,76,8,8,16,17,170.0,5082.003424422031,0.21800930000608787
0,default,91,0,14,14,True,0,14,0,0,0,0,0,28.0,479.55160015593714,309,1545.0,4817.722402183121,True,0,42.0,1,4,0.23069470000336878,0,0,0,0,39,10,3100310,19,4,4,14,25,281.0,6713.72240218312,0.24879490000603255
0,noclosure,91,0,14,14,True,0,14,0,0,0,0,0,28.0,479.55160015593714,309,1545.0,4817.722402183121,True,0,42.0,1,4,0.23748429999977816,0,0,0,0,39,10,3100310,19,4,4,14,25,281.0,6713.72240218312,0.25468899999395944
0,step,51,0,14,14,True,0,14,0,0,0,0,0,28.0,467.49091641728035,305,1525.0,4668.8728298419255,True,0,42.0,0,4,0.19508729998779017,0,0,18,12,51,6,3100310,19,8,8,14,25,281.0,6544.872829841925,0.21240930000203662
0,default,81,0,14,13,True,0,13,0,0,1,0,0,26.0,471.1242976328128,258,1290.0,4537.615869226565,True,0,42.0,2,4,0.24677860000520013,0,0,0,0,38,11,3100311,28,3,2,13,25,229.0,6124.615869226566,0.2639674000092782
0,noclosure,81,0,14,13,True,0,13,0,0,1,0,0,26.0,471.1242976328128,258,1290.0,4537.615869226565,True,0,42.0,2,4,0.25117609999142587,0,0,0,0,38,11,3100311,28,3,2,13,25,229.0,6124.615869226566,0.26820190000580624
0,step,38,0,14,13,True,0,13,0,0,1,0,0,26.0,457.8682758510649,260,1300.0,4345.287586063843,True,0,42.0,0,4,0.19209960001171567,0,0,21,12,50,9,3100311,44,5,4,13,25,239.0,5952.287586063843,0.2095912000077078
0,default,101,0,12,11,True,0,11,0,0,1,0,0,22.0,602.7517469117874,342,1710.0,4549.269216029663,True,0,36.0,1,4,0.2176261999993585,0,0,0,0,36,7,3100312,20,5,4,11,25,313.0,6630.269216029662,0.23519649999798276
0,noclosure,101,0,12,11,True,0,11,0,0,1,0,0,22.0,602.7517469117874,342,1710.0,4549.269216029663,True,0,36.0,1,4,0.2161268000054406,0,0,0,0,36,7,3100312,20,5,4,11,25,313.0,6630.269216029662,0.2335634999908507
0,step,28,0,13,11,True,0,11,0,0,2,0,0,22.0,591.384109094797,340,1700.0,4428.225200042768,True,0,39.0,0,4,0.15683120000176132,0,0,14,9,44,5,3100312,23,8,6,11,25,316.0,6505.225200042768,0.17355269999825396
0,default,96,0,28,14,True,0,14,0,0,14,1,0,28.0,443.5790111347504,273,1365.0,4485.106155886503,True,0,84.0,1,4,0.4230274000001373,0,0,0,0,39,9,3100313,44,5,4,14,25,248.0,6210.106155886505,0.4401866999978665
0,noclosure,96,0,28,14,True,0,14,0,0,14,1,0,28.0,443.5790111347504,273,1365.0,4485.106155886503,True,0,84.0,1,4,0.4119887999986531,0,0,0,0,39,9,3100313,44,5,4,14,25,248.0,6210.106155886505,0.4310172999976203
0,step,24,0,14,14,True,0,14,0,0,0,0,0,28.0,450.0968910842943,274,1370.0,4612.356475180118,True,0,42.0,0,4,0.18482769999536686,0,0,15,9,48,6,3100313,74,8,8,14,25,249.0,6301.3564751801205,0.2017474000022048
0,default,18,0,29,15,True,0,15,0,0,14,1,0,30.0,423.09398953016984,251,1255.0,4745.409842952547,True,0,87.0,1,4,0.3325613999913912,0,0,0,0,40,9,3100314,79,7,5,15,25,229.0,6346.4098429525475,0.3503966999996919
0,noclosure,18,0,29,15,True,0,15,0,0,14,1,0,30.0,423.09398953016984,251,1255.0,4745.409842952547,True,0,87.0,1,4,0.3320104000013089,0,0,0,0,40,9,3100314,79,7,5,15,25,229.0,6346.4098429525475,0.3484215999924345
0,step,0,0,30,15,True,0,15,0,0,15,1,0,30.0,423.7861758100601,251,1255.0,4751.792637150901,True,0,90.0,0,4,0.321443900000304,0,1,18,9,48,8,3100314,80,9,6,15,25,230.0,6356.792637150902,0.33965539999189787
0,default,67,0,23,16,True,2,16,1,0,7,1,0,32.0,394.33373130090007,239,1195.0,4798.339700814401,True,0,69.0,0,4,0.30947290000040084,0,0,0,0,39,10,3100315,55,7,5,16,23,215.0,6309.339700814401,0.32740259999991395
0,noclosure,67,0,23,16,True,0,16,0,0,7,1,0,32.0,394.33373130090007,239,1195.0,4798.339700814401,True,0,69.0,0,4,0.3159104000078514,0,0,0,0,39,10,3100315,55,7,5,16,23,215.0,6309.339700814401,0.3339988999941852
0,step,39,0,22,16,True,3,16,1,0,6,1,0,32.0,359.33537595402487,243,1215.0,4214.366015264395,True,0,66.0,0,4,0.2829970000020694,0,1,19,11,48,7,3100315,29,9,8,16,22,222.0,5749.366015264398,0.3005969000078039
0,default,67,0,22,11,True,0,11,0,0,11,1,0,22.0,571.0188620048662,299,1495.0,4427.207482053526,True,0,66.0,0,4,0.34433989999524783,0,0,0,0,36,6,3100316,44,5,4,11,25,271.0,6281.207482053527,0.36060909999650903
0,noclosure,67,0,22,11,True,0,11,0,0,11,1,0,22.0,571.0188620048662,299,1495.0,4427.207482053526,True,0,66.0,0,4,0.3396846999967238,0,0,0,0,36,6,3100316,44,5,4,11,25,271.0,6281.207482053527,0.3565692999982275
0,step,49,0,22,11,True,0,11,0,0,11,1,0,22.0,574.5010528907734,303,1515.0,4438.511581798508,True,0,66.0,0,4,0.3392859000014141,0,1,18,10,46,7,3100316,44,4,3,11,25,278.0,6319.511581798508,0.3563189999986207
0,default,70,0,29,15,True,0,15,0,0,14,1,0,30.0,405.93689701484436,244,1220.0,4531.0534552226645,True,0,87.0,0,4,0.35013079999771435,0,0,0,0,40,10,3100317,29,5,4,15,25,221.0,6089.053455222665,0.3670399999973597
0,noclosure,70,0,29,15,True,0,15,0,0,14,1,0,30.0,405.93689701484436,244,1220.0,4531.0534552226645,True,0,87.0,0,4,0.3511743999988539,0,0,0,0,40,10,3100317,29,5,4,15,25,221.0,6089.053455222665,0.3699568000010913
0,step,64,0,29,15,True,0,15,0,0,14,1,0,30.0,411.5199857286443,236,1180.0,4660.799785929665,True,0,87.0,0,4,0.36578419999568723,0,1,23,14,54,8,3100317,53,7,6,15,25,215.0,6172.799785929665,0.3829708999983268
0,default,39,0,12,11,True,0,11,0,0,1,0,0,22.0,619.8187689440182,337,1685.0,4761.0064583842,True,0,36.0,0,4,0.16822240001056343,0,0,0,0,36,10,3100318,48,2,1,11,25,314.0,6818.0064583841995,0.1857531999994535
0,noclosure,39,0,12,11,True,0,11,0,0,1,0,0,22.0,619.8187689440182,337,1685.0,4761.0064583842,True,0,36.0,0,4,0.1667170000000624,0,0,0,0,36,10,3100318,48,2,1,11,25,314.0,6818.0064583841995,0.1844783999986248
0,step,26,0,12,11,True,0,11,0,0,1,0,0,22.0,619.6082413116158,336,1680.0,4763.690654427774,True,0,36.0,0,4,0.16829040000448003,0,0,20,11,47,9,3100318,48,3,2,11,25,314.0,6815.690654427774,0.18550010000762995
0,default,43,0,10,10,True,0,10,0,0,0,0,0,20.0,612.9900104347635,340,1700.0,4064.9001043476355,True,0,30.0,0,4,0.14600459999928717,0,0,0,0,35,6,3100319,55,4,4,10,25,315.0,6129.900104347635,0.16359500000544358
0,noclosure,43,0,10,10,True,0,10,0,0,0,0,0,20.0,612.9900104347635,340,1700.0,4064.9001043476355,True,0,30.0,0,4,0.16261280000617262,0,0,0,0,35,6,3100319,55,4,4,10,25,315.0,6129.900104347635,0.17940379999345168
0,step,26,0,10,10,True,0,10,0,0,0,0,0,20.0,634.9110222213166,354,1770.0,4197.110222213166,True,0,30.0,0,4,0.1602265000110492,0,0,17,10,45,7,3100319,36,3,3,10,25,332.0,6349.110222213166,0.17873020000115503
0,default,78,0,48,10,True,0,10,0,0,38,1,0,20.0,671.6986273904128,328,1640.0,4609.986273904128,True,0,144.0,0,4,0.3339114999980666,0,0,0,0,35,5,3100320,34,5,4,10,25,303.0,6716.986273904127,0.3507167999923695
0,noclosure,78,0,48,10,True,0,10,0,0,38,1,0,20.0,671.6986273904128,328,1640.0,4609.986273904128,True,0,144.0,0,4,0.32981260000087786,0,0,0,0,35,5,3100320,34,5,4,10,25,303.0,6716.986273904127,0.34676020000188146
0,step,51,0,49,10,True,0,10,0,0,39,1,0,20.0,670.6276742030421,327,1635.0,4601.2767420304235,True,0,147.0,0,4,0.3227467999968212,0,1,14,9,44,4,3100320,34,7,5,10,25,303.0,6706.276742030422,0.3394969999935711
0,default,57,0,12,10,True,0,10,0,0,2,1,0,20.0,654.2640000263958,344,1720.0,4445.6400002639575,True,0,36.0,0,4,0.264056600004551,0,0,0,0,35,4,3100321,40,5,5,10,25,321.0,6542.640000263958,0.2809934999968391
0,noclosure,57,0,12,10,True,0,10,0,0,2,1,0,20.0,654.2640000263958,344,1720.0,4445.6400002639575,True,0,36.0,0,4,0.2682297999999719,0,0,0,0,35,4,3100321,40,5,5,10,25,321.0,6542.640000263958,0.2863463999965461
0,step,29,0,13,10,True,0,10,0,0,3,1,0,20.0,639.8451167821427,327,1635.0,4404.451167821426,True,0,39.0,0,4,0.2643973999947775,0,1,18,11,46,6,3100321,69,4,3,10,25,300.0,6398.451167821427,0.2810472999990452
0,default,97,0,17,16,True,5,16,1,0,1,1,0,32.0,342.7711133920058,219,1095.0,4111.337814272092,True,0,51.0,1,4,0.4184782000083942,0,0,0,0,36,8,3100322,56,8,7,16,20,195.0,5484.337814272093,0.4356580000021495
0,noclosure,95,0,17,16,True,0,16,0,0,1,1,0,32.0,349.30879886091617,223,1115.0,4191.94078177466,True,0,51.0,0,4,0.3991958999977214,0,0,0,0,37,8,3100322,56,8,7,16,21,199.0,5588.940781774659,0.41698570000880864
0,step,51,0,17,16,True,5,16,1,0,1,1,0,32.0,341.1569046995604,218,1090.0,4089.5104751929675,True,0,51.0,0,4,0.37573350001184735,0,1,21,14,47,6,3100322,57,10,9,16,20,196.0,5458.510475192967,0.39241430000402033
0,default,46,0,11,11,True,0,11,0,0,0,0,0,22.0,588.9934482840754,338,1690.0,4420.927931124829,True,0,33.0,1,4,0.16909349999332335,0,0,0,0,36,10,3100323,45,1,1,11,25,313.0,6478.927931124829,0.18639620000612922
0,noclosure,46,0,11,11,True,0,11,0,0,0,0,0,22.0,588.9934482840754,338,1690.0,4420.927931124829,True,0,33.0,1,4,0.16668150000623427,0,0,0,0,36,10,3100323,45,1,1,11,25,313.0,6478.927931124829,0.18475679999392014
0,step,46,0,11,11,True,0,11,0,0,0,0,0,22.0,583.2151044399421,338,1690.0,4357.3661488393645,True,0,33.0,1,4,0.18195589999959338,0,0,18,8,44,10,3100323,45,1,1,11,25,313.0,6415.366148839364,0.19983459998911712
0,default,12,0,10,10,True,0,10,0,0,0,0,0,20.0,653.34656113686,340,1700.0,4467.465611368602,True,0,30.0,0,4,0.14139270001032855,0,0,0,0,35,6,3100324,38,4,4,10,25,316.0,6533.465611368601,0.1590213000017684
0,noclosure,12,0,10,10,True,0,10,0,0,0,0,0,20.0,653.34656113686,340,1700.0,4467.465611368602,True,0,30.0,0,4,0.1373539000051096,0,0,0,0,35,6,3100324,38,4,4,10,25,316.0,6533.465611368601,0.15470359999744687
0,step,0,0,10,10,True,0,10,0,0,0,0,0,20.0,633.7075145443458,337,1685.0,4288.07514544346,True,0,30.0,0,4,0.13076179999916349,0,0,11,5,40,6,3100324,34,4,4,10,25,314.0,6337.0751454434585,0.14798729999165516
0,default,110,0,16,16,True,5,16,1,0,0,0,0,32.0,355.39989943679376,242,1210.0,4182.3983909887,True,0,48.0,1,4,0.2558291999885114,0,0,0,0,36,9,3100325,38,7,7,16,20,214.0,5686.3983909887,0.27233379999233875
0,noclosure,85,0,16,16,True,0,16,0,0,0,0,0,32.0,365.00606601545365,249,1245.0,4293.0970562472585,True,0,48.0,1,4,0.230970199991134,0,0,0,0,38,9,3100325,38,7,7,16,22,222.0,5840.0970562472585,0.24821349998819642
0,step,77,0,17,16,True,5,16,1,0,1,0,0,32.0,338.08876036701906,238,1190.0,3922.4201658723055,True,0,51.0,0,4,0.23126410000259057,0,0,22,16,48,6,3100325,38,11,10,16,20,214.0,5409.420165872305,0.2481083999882685
0,default,38,0,11,11,True,0,11,0,0,0,0,0,22.0,579.2315003314175,286,1430.0,4626.546503645592,True,0,33.0,0,4,0.14473039998847526,0,0,0,0,36,5,3100326,43,6,6,11,25,260.0,6371.546503645593,0.16295710000849795
0,noclosure,38,0,11,11,True,0,11,0,0,0,0,0,22.0,579.2315003314175,286,1430.0,4626.546503645592,True,0,33.0,0,4,0.14181279999320395,0,0,0,0,36,5,3100326,43,6,6,11,25,260.0,6371.546503645593,0.16013189998921007
0,step,26,0,11,11,True,0,11,0,0,0,0,0,22.0,579.3622666105347,286,1430.0,4625.984932715881,True,0,33.0,0,4,0.15027790000021923,0,0,14,9,45,5,3100326,43,6,6,11,25,262.0,6372.984932715881,0.16912150000280235
0,default,63,0,14,14,True,0,14,0,0,0,0,0,28.0,447.50424865887345,259,1295.0,4668.059481224227,True,0,42.0,2,4,0.23108300000603776,0,0,0,0,39,6,3100327,88,8,8,14,25,232.0,6265.059481224228,0.24909420000039972
0,noclosure,63,0,14,14,True,0,14,0,0,0,0,0,28.0,447.50424865887345,259,1295.0,4668.059481224227,True,0,42.0,2,4,0.22891760000493377,0,0,0,0,39,6,3100327,88,8,8,14,25,232.0,6265.059481224228,0.2476813000102993
0,step,0,0,14,14,True,0,14,0,0,0,1,0,28.0,434.54083009666294,257,1285.0,4494.5716213532805,True,0,42.0,0,4,0.28595510000013746,0,1,13,7,45,5,3100327,81,8,8,14,25,234.0,6083.571621353281,0.30456010000489186
0,default,41,0,11,11,True,0,11,0,0,0,0,0,22.0,554.23883955046,275,1375.0,4414.627235055061,True,0,33.0,0,4,0.18133469999884255,0,0,0,0,36,5,3100328,72,6,6,11,25,252.0,6096.627235055061,0.19909819999884348
0,noclosure,41,0,11,11,True,0,11,0,0,0,0,0,22.0,554.23883955046,275,1375.0,4414.627235055061,True,0,33.0,0,4,0.15480950000346638,0,0,0,0,36,5,3100328,72,6,6,11,25,252.0,6096.627235055061,0.17406629999459255
0,step,27,0,11,11,True,0,11,0,0,0,0,0,22.0,552.2458933236029,274,1370.0,4397.704826559632,True,0,33.0,0,4,0.14666359999682754,0,0,9,5,41,4,3100328,74,7,7,11,25,252.0,6074.704826559631,0.16518830000131857
0,default,51,0,60,16,True,14,16,1,0,44,1,0,32.0,315.4519087216157,168,840.0,3846.230539545849,True,0,180.0,2,4,0.3756234000029508,0,0,0,0,27,12,3100329,35,5,3,16,11,149.0,5047.230539545852,0.3947158999944804
0,noclosure,58,0,61,16,True,0,16,0,0,45,1,0,32.0,404.8099045683965,232,1160.0,4896.958473094344,True,0,183.0,1,4,0.39302049999241717,0,0,0,0,41,11,3100329,71,7,4,16,25,205.0,6476.958473094344,0.4104094000067562
0,step,28,0,60,16,True,14,16,1,0,44,1,0,32.0,314.6918518098573,164,820.0,3854.069628957718,True,0,180.0,0,4,0.325517299992498,0,1,23,14,20,8,3100329,35,9,7,16,11,149.0,5035.069628957717,0.3425193000002764
0,default,63,0,11,11,True,0,11,0,0,0,0,0,22.0,623.0263666396212,355,1775.0,4697.2900330358325,True,0,33.0,1,4,0.18979940000281204,0,0,0,0,36,8,3100330,84,3,3,11,25,326.0,6853.290033035833,0.2065899999870453
0,noclosure,63,0,11,11,True,0,11,0,0,0,0,0,22.0,623.0263666396212,355,1775.0,4697.2900330358325,True,0,33.0,1,4,0.2029261999996379,0,0,0,0,36,8,3100330,84,3,3,11,25,326.0,6853.290033035833,0.2207023999944795
0,step,22,0,11,11,True,0,11,0,0,0,0,0,22.0,607.920643647427,354,1770.0,4534.127080121696,True,0,33.0,1,4,0.15797989998827688,0,0,15,8,41,7,3100330,84,4,4,11,25,328.0,6687.127080121697,0.17758420000609476
0,default,126,0,16,15,True,0,15,0,0,1,0,0,30.0,437.0284264928822,284,1420.0,4799.426397393234,True,0,48.0,1,4,0.27308340001036413,0,0,0,0,40,10,3100331,40,6,5,15,25,258.0,6555.426397393233,0.29112339999119285
0,noclosure,126,0,16,15,True,0,15,0,0,1,0,0,30.0,437.0284264928822,284,1420.0,4799.426397393234,True,0,48.0,1,4,0.27363560000958387,0,0,0,0,40,10,3100331,40,6,5,15,25,258.0,6555.426397393233,0.290564800001448
0,step,13,0,16,15,True,0,15,0,0,1,0,0,30.0,425.278956012325,278,1390.0,4653.184340184876,True,0,48.0,0,4,0.1544119000027422,0,0,14,8,48,6,3100331,44,10,9,15,25,258.0,6379.1843401848755,0.17270640000060666
0,default,49,0,13,13,True,0,13,0,0,0,0,0,26.0,504.42046635447633,302,1510.0,4707.46606260819,True,0,39.0,2,4,0.19631359999766573,0,0,0,0,38,10,3100332,35,3,3,13,25,275.0,6557.466062608192,0.21454549999907613
0,noclosure,49,0,13,13,True,0,13,0,0,0,0,0,26.0,504.42046635447633,302,1510.0,4707.46606260819,True,0,39.0,2,4,0.1943256999948062,0,0,0,0,38,10,3100332,35,3,3,13,25,275.0,6557.466062608192,0.21137400000588968
0,step,76,0,14,13,True,0,13,0,0,1,0,0,26.0,499.55611769534397,311,1555.0,4585.229530039473,True,0,42.0,0,4,0.21461439999984577,0,0,25,16,54,9,3100332,11,5,4,13,25,286.0,6494.229530039472,0.2311422000057064
0,default,82,0,13,12,True,0,12,0,0,1,0,0,24.0,534.9578560743919,324,1620.0,4435.494272892703,True,0,39.0,0,4,0.2202573999966262,0,0,0,0,37,9,3100333,32,4,3,12,25,301.0,6419.494272892703,0.23779040000226814
0,noclosure,82,0,13,12,True,0,12,0,0,1,0,0,24.0,534.9578560743919,324,1620.0,4435.494272892703,True,0,39.0,0,4,0.22183490000315942,0,0,0,0,37,9,3100333,32,4,3,12,25,301.0,6419.494272892703,0.23948489999747835
0,step,28,0,12,12,True,0,12,0,0,0,0,0,24.0,530.5982313831358,338,1690.0,4302.178776597632,True,0,36.0,0,4,0.15387870000267867,0,0,10,6,43,4,3100333,20,8,8,12,25,315.0,6367.1787765976305,0.172074000001885
0,default,88,0,16,15,True,0,15,0,0,1,0,0,30.0,421.6947884790348,244,1220.0,4813.421827185522,True,0,48.0,2,4,0.2586794000089867,0,0,0,0,40,9,3100334,70,7,6,15,25,214.0,6325.421827185522,0.2755833999981405
0,noclosure,88,0,16,15,True,0,15,0,0,1,0,0,30.0,421.6947884790348,244,1220.0,4813.421827185522,True,0,48.0,2,4,0.25790140000754036,0,0,0,0,40,9,3100334,70,7,6,15,25,214.0,6325.421827185522,0.27515990000392776
0,step,92,0,18,15,True,0,15,0,0,3,0,0,30.0,404.63331099496133,250,1250.0,4514.49966492442,True,0,54.0,1,4,0.26497659999586176,0,0,20,14,54,6,3100334,71,12,9,15,25,221.0,6069.49966492442,0.28324100001191255
0,default,34,0,19,15,True,0,15,0,0,4,0,0,30.0,391.4353402141199,246,1230.0,4332.5301032117995,True,0,57.0,1,4,0.20359540000208654,0,0,0,0,40,8,3100335,96,11,7,15,25,222.0,5871.530103211799,0.22043699999630917
0,noclosure,34,0,19,15,True,0,15,0,0,4,0,0,30.0,391.4353402141199,246,1230.0,4332.5301032117995,True,0,57.0,1,4,0.20583880000049248,0,0,0,0,40,8,3100335,96,11,7,15,25,222.0,5871.530103211799,0.22363489998679142
0,step,27,0,19,15,True,0,15,0,0,4,0,0,30.0,390.5758651654179,245,1225.0,4324.637977481268,True,0,57.0,0,4,0.1899338999937754,0,0,14,7,47,7,3100335,96,12,8,15,25,222.0,5858.6379774812685,0.20877690000634175
0,default,29,0,12,12,True,0,12,0,0,0,0,0,24.0,548.7061604480594,300,1500.0,4753.473925376712,True,0,36.0,0,4,0.14616609999211505,0,0,0,0,37,8,3100336,27,4,4,12,25,271.0,6584.473925376713,0.16381209999963176
0,noclosure,29,0,12,12,True,0,12,0,0,0,0,0,24.0,548.7061604480594,300,1500.0,4753.473925376712,True,0,36.0,0,4,0.14742360000673216,0,0,0,0,37,8,3100336,27,4,4,12,25,271.0,6584.473925376713,0.16495849999773782
0,step,41,0,12,12,True,0,12,0,0,0,0,0,24.0,528.1566401224318,303,1515.0,4488.879681469181,True,0,36.0,0,4,0.18230519999633543,0,0,16,10,47,6,3100336,37,6,6,12,25,274.0,6337.879681469181,0.20046870000078343
0,default,69,0,19,10,True,0,10,0,0,9,2,0,20.0,679.0995615938965,341,1705.0,4696.995615938964,True,0,57.0,1,4,0.4584234999929322,0,0,0,0,35,7,3100337,9,1,1,10,25,312.0,6790.995615938965,0.47556690000055823
0,noclosure,69,0,19,10,True,0,10,0,0,9,2,0,20.0,679.0995615938965,341,1705.0,4696.995615938964,True,0,57.0,1,4,0.47136300000420306,0,0,0,0,35,7,3100337,9,1,1,10,25,312.0,6790.995615938965,0.48903120000613853
0,step,24,0,13,10,True,0,10,0,0,3,1,0,20.0,663.3347025584528,332,1660.0,4608.347025584529,True,0,39.0,1,4,0.3177618999907281,0,1,14,8,43,5,3100337,21,4,4,10,25,306.0,6633.347025584529,0.3357460999977775
0,default,7,0,10,10,True,0,10,0,0,0,0,0,20.0,586.4297807326357,306,1530.0,4000.297807326357,True,0,30.0,1,4,0.12334039999404922,0,0,0,0,35,4,3100338,73,6,6,10,25,284.0,5864.297807326357,0.14215949999925215
0,noclosure,7,0,10,10,True,0,10,0,0,0,0,0,20.0,586.4297807326357,306,1530.0,4000.297807326357,True,0,30.0,1,4,0.11996769999677781,0,0,0,0,35,4,3100338,73,6,6,10,25,284.0,5864.297807326357,0.13704699999652803
0,step,7,0,10,10,True,0,10,0,0,0,0,0,20.0,586.4297807326357,306,1530.0,4000.297807326357,True,0,30.0,1,4,0.12734490000002552,0,0,8,4,39,4,3100338,73,6,6,10,25,284.0,5864.297807326357,0.14550100000633392
0,default,69,0,14,12,True,0,12,0,0,2,0,0,24.0,575.1778102571242,333,1665.0,4861.133723085491,True,0,42.0,0,4,0.20308229999500327,0,0,0,0,37,10,3100339,26,4,2,12,25,310.0,6902.133723085491,0.22159060000558384
0,noclosure,69,0,14,12,True,0,12,0,0,2,0,0,24.0,575.1778102571242,333,1665.0,4861.133723085491,True,0,42.0,0,4,0.19245510001201183,0,0,0,0,37,10,3100339,26,4,2,12,25,310.0,6902.133723085491,0.21176890000060666
0,step,27,0,23,12,True,0,12,0,0,11,1,0,24.0,582.9066640063396,362,1810.0,4757.879968076078,True,0,69.0,0,4,0.16955289999896195,0,1,16,9,45,6,3100339,51,6,5,12,25,334.0,6994.879968076076,0.18746980000287294
0,default,65,0,16,13,True,0,13,0,0,3,2,0,26.0,490.7460481205623,283,1415.0,4635.698625567308,True,0,48.0,0,4,0.3561933000019053,0,0,0,0,38,6,3100340,34,5,5,13,25,255.0,6379.69862556731,0.37341019998712
0,noclosure,65,0,16,13,True,0,13,0,0,3,2,0,26.0,490.7460481205623,283,1415.0,4635.698625567308,True,0,48.0,0,4,0.35684440001205076,0,0,0,0,38,6,3100340,34,5,5,13,25,255.0,6379.69862556731,0.37574879999738187
0,step,37,0,17,13,True,0,13,0,0,4,2,0,26.0,490.4287812755528,282,1410.0,4633.5741565821845,True,0,51.0,0,4,0.34458610000729095,0,2,15,8,45,5,3100340,34,7,6,13,25,255.0,6375.574156582186,0.36249479999241885
0,default,22,0,22,13,True,0,13,0,0,9,1,0,26.0,484.5987181739316,261,1305.0,4666.783336261113,True,0,66.0,1,4,0.3384102999989409,0,0,0,0,38,5,3100341,75,8,7,13,25,236.0,6299.783336261111,0.35712600000260863
0,noclosure,22,0,22,13,True,0,13,0,0,9,1,0,26.0,484.5987181739316,261,1305.0,4666.783336261113,True,0,66.0,1,4,0.34007419999397825,0,0,0,0,38,5,3100341,75,8,7,13,25,236.0,6299.783336261111,0.3567479000048479
0,step,0,0,22,13,True,0,13,0,0,9,1,0,26.0,484.2546595740609,259,1295.0,4672.310574462793,True,0,66.0,0,4,0.299508899988723,0,1,7,3,41,3,3100341,75,10,9,13,25,236.0,6295.310574462792,0.3167057999962708
0,default,80,0,24,12,True,0,12,0,0,12,1,0,24.0,548.5353509673545,330,1650.0,4533.424211608256,True,0,72.0,0,4,0.3334716999961529,0,0,0,0,37,6,3100342,49,5,5,12,25,303.0,6582.424211608253,0.35006840000278316
0,noclosure,80,0,24,12,True,0,12,0,0,12,1,0,24.0,548.5353509673545,330,1650.0,4533.424211608256,True,0,72.0,0,4,0.33160549998865463,0,0,0,0,37,6,3100342,49,5,5,12,25,303.0,6582.424211608253,0.3487467000086326
0,step,26,0,25,12,True,0,12,0,0,13,1,0,24.0,542.5073612989822,329,1645.0,4461.0883355877895,True,0,75.0,0,4,0.2988948000129312,0,1,13,6,43,6,3100342,50,6,5,12,25,305.0,6510.088335587787,0.3156681000109529
0,default,52,0,10,10,True,0,10,0,0,0,1,0,20.0,639.2481815515978,336,1680.0,4353.481815515979,True,0,30.0,0,4,0.14495329999772366,0,0,0,0,35,4,3100343,74,5,5,10,25,309.0,6392.481815515977,0.16219109999656212
0,noclosure,52,0,10,10,True,0,10,0,0,0,1,0,20.0,639.2481815515978,336,1680.0,4353.481815515979,True,0,30.0,0,4,0.14688359999854583,0,0,0,0,35,4,3100343,74,5,5,10,25,309.0,6392.481815515977,0.1640207000018563
0,step,40,0,10,10,True,0,10,0,0,0,1,0,20.0,638.3984512567993,335,1675.0,4349.984512567993,True,0,30.0,0,4,0.14433670000289567,0,1,11,7,39,3,3100343,74,6,6,10,25,309.0,6383.984512567992,0.16169180000724737
0,default,49,0,17,16,True,8,16,1,0,1,0,0,32.0,305.5675341554927,201,1005.0,3617.080546487883,True,0,51.0,0,4,0.19214410000131465,0,0,0,0,33,7,3100344,66,10,9,16,17,184.0,4889.080546487883,0.20943289999559056
0,noclosure,24,0,17,16,True,0,16,0,0,1,0,0,32.0,370.50127753908134,240,1200.0,4425.0204406253,True,0,51.0,0,4,0.18002230000274722,0,0,0,0,41,6,3100344,106,11,10,16,25,220.0,5928.0204406253015,0.19868989998940378
0,step,24,0,17,16,True,8,16,1,0,1,0,0,32.0,304.22588339100486,200,1000.0,3599.6141342560777,True,0,51.0,0,4,0.17422640000586398,0,0,15,9,29,6,3100344,66,11,10,16,17,185.0,4867.614134256078,0.19104229999356903
0,default,26,0,34,16,True,5,16,1,0,18,1,0,32.0,342.64652347458053,220,1100.0,4048.344375593281,True,0,102.0,0,4,0.29851720000442583,0,0,0,0,36,7,3100345,34,10,8,16,20,200.0,5482.3443755932885,0.3159012999967672
0,noclosure,26,0,34,16,True,0,16,0,0,18,1,0,32.0,344.4380879913607,225,1125.0,4049.0094078617644,True,0,102.0,0,4,0.30368989999988116,0,0,0,0,37,7,3100345,36,10,8,16,21,203.0,5511.009407861771,0.32120880000002217
0,step,26,0,34,16,True,5,16,1,0,18,1,0,32.0,338.3734215708773,221,1105.0,3972.9747451340286,True,0,102.0,0,4,0.31110639999678824,0,1,13,5,38,7,3100345,35,10,8,16,20,202.0,5413.974745134037,0.3278943000041181
0,default,71,0,13,12,True,0,12,0,0,1,0,0,24.0,551.565940898528,310,1550.0,4727.791290782336,True,0,39.0,1,4,0.19264710000425112,0,0,0,0,37,6,3100346,46,7,6,12,25,278.0,6618.791290782336,0.2096973000006983
0,noclosure,71,0,13,12,True,0,12,0,0,1,0,0,24.0,551.565940898528,310,1550.0,4727.791290782336,True,0,39.0,1,4,0.19671829999424517,0,0,0,0,37,6,3100346,46,7,6,12,25,278.0,6618.791290782336,0.21524059999501333
0,step,27,0,13,12,True,0,12,0,0,1,0,0,24.0,544.0194400080605,292,1460.0,4736.233280096725,True,0,39.0,0,4,0.14739790000021458,0,0,9,6,43,3,3100346,80,10,9,12,25,269.0,6528.233280096726,0.1646309000061592
0,default,93,0,15,13,True,0,13,0,0,2,1,0,26.0,473.3924071929939,307,1535.0,4266.101293508922,True,0,45.0,0,4,0.34826739999698475,0,0,0,0,38,8,3100347,32,5,4,13,25,282.0,6154.101293508921,0.3654480999975931
0,noclosure,93,0,15,13,True,0,13,0,0,2,1,0,26.0,473.3924071929939,307,1535.0,4266.101293508922,True,0,45.0,0,4,0.35180160000163596,0,0,0,0,38,8,3100347,32,5,4,13,25,282.0,6154.101293508921,0.3700657000008505
0,step,65,0,18,13,True,0,13,0,0,5,1,0,26.0,475.7379456631097,307,1535.0,4287.593293620428,True,0,54.0,0,4,0.3312575000018114,0,1,19,11,49,7,3100347,32,9,5,13,25,282.0,6184.593293620426,0.3484449000097811
0,default,54,0,14,12,True,0,12,0,0,2,0,0,24.0,519.4817062566556,338,1690.0,4163.780475079867,True,0,42.0,0,4,0.1847157000011066,0,0,0,0,37,6,3100348,43,8,6,12,25,314.0,6233.780475079867,0.20246089999272954
0,noclosure,54,0,14,12,True,0,12,0,0,2,0,0,24.0,519.4817062566556,338,1690.0,4163.780475079867,True,0,42.0,0,4,0.18444300000555813,0,0,0,0,37,6,3100348,43,8,6,12,25,314.0,6233.780475079867,0.20345760000054725
0,step,22,0,14,12,True,0,12,0,0,2,0,0,24.0,503.5976904889285,339,1695.0,3962.1722858671424,True,0,42.0,0,4,0.1613978999957908,0,0,15,9,46,6,3100348,44,8,6,12,25,320.0,6043.172285867142,0.17872029999853112
0,default,89,0,17,16,True,3,16,1,0,1,0,0,32.0,359.89451365274795,225,1125.0,4348.31221844397,True,0,51.0,1,4,0.2550584999989951,0,0,0,0,38,9,3100349,36,8,7,16,22,202.0,5758.312218443967,0.272209800008568
0,noclosure,74,0,17,16,True,0,16,0,0,1,0,0,32.0,377.60630263483364,232,1160.0,4588.70084215734,True,0,51.0,1,4,0.22604909999063239,0,0,0,0,40,8,3100349,38,9,8,16,24,210.0,6041.700842157338,0.24332870000216644
0,step,26,0,19,16,True,3,16,1,0,3,0,0,32.0,358.87756561101844,224,1120.0,4329.041049776296,True,0,57.0,0,4,0.17952499999955762,0,0,20,12,41,8,3100349,35,11,8,16,22,204.0,5742.041049776295,0.1971851999987848
0,default,71,0,15,13,True,0,13,0,0,2,0,0,26.0,483.2347929577311,309,1545.0,4383.052308450505,True,0,45.0,2,4,0.23550029999751132,0,0,0,0,38,10,3100350,45,5,3,13,25,283.0,6282.052308450504,0.2539663999923505
0,noclosure,71,0,15,13,True,0,13,0,0,2,0,0,26.0,483.2347929577311,309,1545.0,4383.052308450505,True,0,45.0,2,4,0.2336412000004202,0,0,0,0,38,10,3100350,45,5,3,13,25,283.0,6282.052308450504,0.2515103000041563
0,step,24,0,14,13,True,0,13,0,0,1,0,0,26.0,472.91729434982386,288,1440.0,4373.924826547708,True,0,42.0,0,4,0.18429699999978766,0,0,20,13,51,7,3100350,12,7,6,13,25,266.0,6147.92482654771,0.20103470000321977
0,default,73,0,82,16,True,6,16,1,0,66,1,0,32.0,378.81454409047046,197,985.0,4626.032705447518,True,0,246.0,1,4,0.2799777000036556,0,0,0,0,35,9,3100351,39,6,6,16,19,172.0,6061.032705447527,0.29765010000846814
0,noclosure,70,0,82,16,True,0,16,0,0,66,1,0,32.0,394.63812830846115,212,1060.0,4788.210052935369,True,0,246.0,0,4,0.2704669999948237,0,0,0,0,39,8,3100351,41,7,7,16,23,188.0,6314.210052935378,0.28692909999517724
0,step,0,0,82,16,True,2,16,1,0,66,1,0,32.0,395.41603527785867,222,1110.0,4737.656564445738,True,0,246.0,0,4,0.2084867000085069,0,1,14,6,42,7,3100351,41,8,8,16,23,201.0,6326.656564445739,0.2251605999917956
0,default,82,0,28,16,True,11,16,1,0,12,1,0,32.0,293.23356712030994,154,770.0,3670.7370739249595,True,0,84.0,2,4,0.3877191000065068,0,0,0,0,30,9,3100352,43,6,6,16,14,135.0,4691.737073924959,0.40451439999742433
0,noclosure,29,0,29,16,True,0,16,0,0,13,1,0,32.0,334.8854482297826,184,920.0,4152.167171676522,True,0,87.0,1,4,0.33545699999376666,0,0,0,0,36,8,3100352,53,8,7,16,20,167.0,5358.167171676521,0.35366459999931976
0,step,42,0,30,16,True,7,16,1,0,14,1,0,32.0,331.9095793315622,184,920.0,4104.553269304996,True,0,90.0,0,4,0.3544646999944234,0,1,18,11,39,6,3100352,62,11,9,16,18,164.0,5310.553269304995,0.3714643999992404
0,default,48,0,13,13,True,0,13,0,0,0,1,0,26.0,524.0308183563728,312,1560.0,4905.400638632849,True,0,39.0,2,4,0.19118759999400936,0,0,0,0,38,7,3100353,58,5,5,13,25,282.0,6812.4006386328465,0.20788609998999164
0,noclosure,48,0,13,13,True,0,13,0,0,0,1,0,26.0,524.0308183563728,312,1560.0,4905.400638632849,True,0,39.0,2,4,0.1924474000115879,0,0,0,0,38,7,3100353,58,5,5,13,25,282.0,6812.4006386328465,0.21047819999512285
0,step,54,0,13,13,True,0,13,0,0,0,0,0,26.0,509.94639460534387,307,1535.0,4748.303129869474,True,0,39.0,0,4,0.19549410000036005,0,0,16,10,48,6,3100353,44,7,7,13,25,281.0,6629.3031298694705,0.21230370001285337
0,default,27,0,10,10,True,0,10,0,0,0,0,0,20.0,639.8410186946593,358,1790.0,4226.410186946593,True,0,30.0,0,4,0.12748049999936484,0,0,0,0,35,3,3100354,20,7,7,10,25,332.0,6398.410186946593,0.1448511999915354
0,noclosure,27,0,10,10,True,0,10,0,0,0,0,0,20.0,639.8410186946593,358,1790.0,4226.410186946593,True,0,30.0,0,4,0.12981830000353511,0,0,0,0,35,3,3100354,20,7,7,10,25,332.0,6398.410186946593,0.14671299999463372
0,step,14,0,10,10,True,0,10,0,0,0,0,0,20.0,639.6375604482553,358,1790.0,4222.375604482552,True,0,30.0,0,4,0.12869129999307916,0,0,8,6,41,2,3100354,20,8,8,10,25,334.0,6396.375604482552,0.14535130000149366
0,default,205,0,27,16,True,11,16,1,0,11,1,0,32.0,343.36481741993583,213,1065.0,4128.8370787189715,True,0,81.0,5,4,0.46323509998910595,0,0,0,0,30,13,3100355,44,3,2,16,14,187.0,5493.837078718973,0.48020659999747295
0,noclosure,138,0,27,16,True,0,16,0,0,11,1,0,32.0,406.24875694737574,264,1320.0,4828.980111158009,True,0,81.0,1,4,0.38259009999455884,0,0,0,0,40,12,3100355,66,4,3,16,24,238.0,6499.980111158012,0.39920749999873806
0,step,147,0,29,16,True,11,16,1,0,13,1,0,32.0,361.9578576649963,210,1050.0,4434.325722639936,True,0,87.0,1,4,0.3887600000016391,0,1,33,23,33,9,3100355,44,9,6,16,14,188.0,5791.325722639941,0.4058229000074789
0,default,56,0,14,14,True,0,14,0,0,0,0,0,28.0,438.9407086538176,276,1380.0,4445.169921153445,True,0,42.0,0,4,0.18930990000080783,0,0,0,0,39,9,3100356,65,5,5,14,25,250.0,6145.169921153446,0.20640710000589024
0,noclosure,56,0,14,14,True,0,14,0,0,0,0,0,28.0,438.9407086538176,276,1380.0,4445.169921153445,True,0,42.0,0,4,0.1879462000069907,0,0,0,0,39,9,3100356,65,5,5,14,25,250.0,6145.169921153446,0.2054911000013817
0,step,41,0,14,14,True,0,14,0,0,0,0,0,28.0,427.4716148866274,275,1375.0,4289.6026084127825,True,0,42.0,0,4,0.18466630000330042,0,0,14,8,47,6,3100356,66,8,8,14,25,250.0,5984.602608412783,0.2009052000066731
0,default,75,0,14,14,True,0,14,0,0,0,0,0,28.0,474.76752707064264,298,1490.0,4819.745378988995,True,0,42.0,1,4,0.22806779999518767,0,0,0,0,39,9,3100357,46,5,5,14,25,267.0,6646.745378988997,0.24527620000299066
0,noclosure,75,0,14,14,True,0,14,0,0,0,0,0,28.0,474.76752707064264,298,1490.0,4819.745378988995,True,0,42.0,1,4,0.224070300013409,0,0,0,0,39,9,3100357,46,5,5,14,25,267.0,6646.745378988997,0.24254149998887442
0,step,43,0,14,14,True,0,14,0,0,0,0,0,28.0,470.6063590922608,290,1450.0,4807.48902729165,True,0,42.0,2,4,0.23818349999783095,0,0,18,11,50,7,3100357,58,7,7,14,25,261.0,6588.489027291651,0.2551986000034958
0,default,51,0,14,13,True,0,13,0,0,1,0,0,26.0,510.77288977439224,335,1675.0,4587.047567067099,True,0,42.0,2,4,0.2034748000005493,0,0,0,0,38,10,3100358,15,4,3,13,25,310.0,6640.047567067099,0.2207605000003241
0,noclosure,51,0,14,13,True,0,13,0,0,1,0,0,26.0,510.77288977439224,335,1675.0,4587.047567067099,True,0,42.0,2,4,0.19881259999237955,0,0,0,0,38,10,3100358,15,4,3,13,25,310.0,6640.047567067099,0.21615829999791458
0,step,36,0,14,13,True,0,13,0,0,1,0,0,26.0,497.0649651594207,336,1680.0,4398.84454707247,True,0,42.0,1,4,0.21359689999371767,0,0,21,13,51,8,3100358,16,6,5,13,25,315.0,6461.844547072469,0.23066000000108033
0,default,55,0,25,11,True,0,11,0,0,14,1,0,22.0,622.8403201281277,300,1500.0,4980.243521409406,True,0,75.0,0,4,0.34824249999655876,0,0,0,0,36,8,3100359,57,3,2,11,25,274.0,6851.243521409405,0.36459739999554586
0,noclosure,55,0,25,11,True,0,11,0,0,14,1,0,22.0,622.8403201281277,300,1500.0,4980.243521409406,True,0,75.0,0,4,0.34506610000971705,0,0,0,0,36,8,3100359,57,3,2,11,25,274.0,6851.243521409405,0.3643735000077868
0,step,55,0,25,11,True,0,11,0,0,14,1,0,22.0,611.5975486628175,300,1500.0,4855.573035290993,True,0,75.0,0,4,0.3500588000024436,0,1,19,10,46,8,3100359,58,3,2,11,25,275.0,6727.573035290992,0.36756210000021383
0,default,14,0,13,13,True,0,13,0,0,0,0,0,26.0,468.8323880925187,279,1395.0,4379.821045202744,True,0,39.0,0,4,0.14120620000176132,0,0,0,0,38,7,3100360,45,6,6,13,25,255.0,6094.821045202743,0.15865569999732543
0,noclosure,14,0,13,13,True,0,13,0,0,0,0,0,26.0,468.8323880925187,279,1395.0,4379.821045202744,True,0,39.0,0,4,0.1389338000008138,0,0,0,0,38,7,3100360,45,6,6,13,25,255.0,6094.821045202743,0.15650620000087656
0,step,0,0,13,13,True,0,13,0,0,0,0,0,26.0,469.0346002853845,283,1415.0,4355.449803709998,True,0,39.0,0,4,0.12184320000233129,0,0,13,6,44,7,3100360,38,6,6,13,25,262.0,6097.449803709998,0.13921890000347048
0,default,52,0,12,12,True,0,12,0,0,0,0,0,24.0,515.7746361925506,290,1450.0,4413.295634310609,True,0,36.0,2,4,0.1934624999994412,0,0,0,0,37,9,3100361,34,3,3,12,25,266.0,6189.295634310607,0.21071759999904316
0,noclosure,52,0,12,12,True,0,12,0,0,0,0,0,24.0,515.7746361925506,290,1450.0,4413.295634310609,True,0,36.0,2,4,0.19520899999770336,0,0,0,0,37,9,3100361,34,3,3,12,25,266.0,6189.295634310607,0.21171470000990666
0,step,40,0,14,12,True,0,12,0,0,2,0,0,24.0,522.1465248521107,292,1460.0,4473.75829822533,True,0,42.0,1,4,0.17518439999548718,0,0,18,10,47,8,3100361,34,6,4,12,25,266.0,6265.758298225329,0.1924023000028683
0,default,62,0,31,15,True,0,15,0,0,16,2,0,30.0,433.3867021617482,253,1265.0,4884.800532426224,True,0,93.0,1,4,0.4989405000087572,0,0,0,0,40,7,3100362,34,6,6,15,25,228.0,6500.800532426223,0.5164481999963755
0,noclosure,62,0,31,15,True,0,15,0,0,16,2,0,30.0,433.3867021617482,253,1265.0,4884.800532426224,True,0,93.0,1,4,0.49797149999358226,0,0,0,0,40,7,3100362,34,6,6,15,25,228.0,6500.800532426223,0.5152786000107881
0,step,29,0,31,15,True,0,15,0,0,16,2,0,30.0,430.63588086199576,251,1255.0,4853.538212929938,True,0,93.0,0,4,0.46693860000232235,0,2,14,7,47,5,3100362,39,8,8,15,25,228.0,6459.538212929936,0.48433659999864176
0,default,42,0,11,10,True,0,10,0,0,1,0,0,20.0,661.7453426411973,369,1845.0,4377.453426411975,True,0,33.0,0,4,0.13932260000729002,0,0,0,0,35,5,3100363,28,6,5,10,25,342.0,6617.453426411974,0.15635460001067258
0,noclosure,42,0,11,10,True,0,10,0,0,1,0,0,20.0,661.7453426411973,369,1845.0,4377.453426411975,True,0,33.0,0,4,0.14126070000929758,0,0,0,0,35,5,3100363,28,6,5,10,25,342.0,6617.453426411974,0.15783929999452084
0,step,72,0,11,10,True,0,10,0,0,1,0,0,20.0,657.8442935319679,348,1740.0,4467.44293531968,True,0,33.0,0,4,0.19159779998881277,0,0,20,13,48,7,3100363,47,4,3,10,25,318.0,6578.442935319678,0.20925699999497738
0,default,26,0,55,11,True,0,11,0,0,44,2,0,22.0,609.6565778751173,311,1555.0,4676.222356626284,True,0,165.0,0,4,0.4103905000083614,0,0,0,0,36,6,3100364,65,4,3,11,25,288.0,6706.222356626289,0.42689940000127535
0,noclosure,26,0,55,11,True,0,11,0,0,44,2,0,22.0,609.6565778751173,311,1555.0,4676.222356626284,True,0,165.0,0,4,0.4175447999878088,0,0,0,0,36,6,3100364,65,4,3,11,25,288.0,6706.222356626289,0.43587440000555944
0,step,26,0,55,11,True,0,11,0,0,44,2,0,22.0,609.6565778751173,311,1555.0,4676.222356626284,True,0,165.0,0,4,0.4140856000012718,0,2,15,7,43,6,3100364,65,4,3,11,25,288.0,6706.222356626289,0.43153039999015164
0,default,29,0,13,11,True,0,11,0,0,2,0,0,22.0,584.6462903083392,354,1770.0,4271.109193391732,True,0,39.0,1,4,0.14159239998843987,0,0,0,0,36,6,3100365,26,7,5,11,25,329.0,6431.109193391731,0.15917610000178684
0,noclosure,29,0,13,11,True,0,11,0,0,2,0,0,22.0,584.6462903083392,354,1770.0,4271.109193391732,True,0,39.0,1,4,0.1456319999997504,0,0,0,0,36,6,3100365,26,7,5,11,25,329.0,6431.109193391731,0.16211900000052992
0,step,26,0,14,11,True,0,11,0,0,3,0,0,22.0,576.0701862737637,355,1775.0,4165.7720490114025,True,0,42.0,0,4,0.15582289999292698,0,0,16,11,47,5,3100365,26,9,6,11,25,332.0,6336.772049011402,0.17407929999171756
0,default,26,0,11,10,True,0,10,0,0,1,0,0,20.0,681.6667267878535,364,1820.0,4608.667267878533,True,0,33.0,0,4,0.11838569999963511,0,0,0,0,35,5,3100366,25,6,5,10,25,335.0,6816.667267878534,0.1349952000018675
0,noclosure,26,0,11,10,True,0,10,0,0,1,0,0,20.0,681.6667267878535,364,1820.0,4608.667267878533,True,0,33.0,0,4,0.1206674999993993,0,0,0,0,35,5,3100366,25,6,5,10,25,335.0,6816.667267878534,0.1373475000000326
0,step,26,0,10,10,True,0,10,0,0,0,0,0,20.0,647.6274860581244,349,1745.0,4362.274860581243,True,0,30.0,0,4,0.13443850001203828,0,0,10,7,42,3,3100366,57,7,7,10,25,319.0,6476.274860581244,0.15148849999241065
0,default,59,0,30,12,True,0,12,0,0,18,2,0,24.0,536.7968882746288,294,1470.0,4592.562659295543,True,0,90.0,1,4,0.4049472000042442,0,0,0,0,37,6,3100367,29,5,4,12,25,265.0,6441.562659295546,0.42171439999947324
0,noclosure,59,0,30,12,True,0,12,0,0,18,2,0,24.0,536.7968882746288,294,1470.0,4592.562659295543,True,0,90.0,1,4,0.4060479000036139,0,0,0,0,37,6,3100367,29,5,4,12,25,265.0,6441.562659295546,0.42566310000256635
0,step,62,0,12,12,True,0,12,0,0,0,0,0,24.0,532.6837258804562,298,1490.0,4571.204710565472,True,0,36.0,0,4,0.18929860000207555,0,0,16,10,47,6,3100367,44,6,6,12,25,271.0,6392.204710565475,0.2067587000055937
0,default,40,0,10,10,True,0,10,0,0,0,0,0,20.0,609.9079462862351,308,1540.0,4229.079462862351,True,0,30.0,0,4,0.14905260001251008,0,0,0,0,35,4,3100368,38,6,6,10,25,280.0,6099.079462862351,0.16730099999404047
0,noclosure,40,0,10,10,True,0,10,0,0,0,0,0,20.0,609.9079462862351,308,1540.0,4229.079462862351,True,0,30.0,0,4,0.14840529998764396,0,0,0,0,35,4,3100368,38,6,6,10,25,280.0,6099.079462862351,0.16542289999779314
0,step,49,0,10,10,True,0,10,0,0,0,0,0,20.0,636.8823944423852,332,1660.0,4351.823944423853,True,0,30.0,0,4,0.16228549998777453,0,0,12,7,42,5,3100368,52,5,5,10,25,307.0,6368.8239444238525,0.18051039999409113
0,default,40,0,15,14,True,0,14,0,0,1,0,0,28.0,436.92415324190904,281,1405.0,4380.938145386726,True,0,45.0,0,4,0.17222390000824817,0,0,0,0,39,7,3100369,83,8,7,14,25,258.0,6116.938145386726,0.18955599999753758
0,noclosure,40,0,15,14,True,0,14,0,0,1,0,0,28.0,436.92415324190904,281,1405.0,4380.938145386726,True,0,45.0,0,4,0.1721988999925088,0,0,0,0,39,7,3100369,83,8,7,14,25,258.0,6116.938145386726,0.18937999999616295
0,step,23,0,23,14,True,0,14,0,0,9,1,0,28.0,451.0571042264722,257,1285.0,4693.79945917061,True,0,69.0,0,4,0.3054938999994192,0,1,15,8,47,6,3100369,55,8,7,14,25,239.0,6314.79945917061,0.3228053000057116
0,default,116,0,14,14,True,0,14,0,0,0,0,0,28.0,457.3188353423726,274,1370.0,4721.463694793217,True,0,42.0,2,4,0.2741647999937413,0,0,0,0,39,8,3100370,84,6,6,14,25,241.0,6402.463694793217,0.29141940000408795
0,noclosure,116,0,14,14,True,0,14,0,0,0,0,0,28.0,457.3188353423726,274,1370.0,4721.463694793217,True,0,42.0,2,4,0.27865160000510514,0,0,0,0,39,8,3100370,84,6,6,14,25,241.0,6402.463694793217,0.29684400001133326
0,step,50,0,14,14,True,0,14,0,0,0,0,0,28.0,451.99903449754083,268,1340.0,4676.986482965571,True,0,42.0,1,4,0.2127089999994496,0,0,17,12,51,5,3100370,84,9,9,14,25,241.0,6327.986482965572,0.23032109999621753
0,default,14,0,12,10,True,0,10,0,0,2,1,0,20.0,665.9073235989212,384,1920.0,4324.073235989211,True,0,36.0,0,4,0.27118959999643266,0,0,0,0,35,3,3100371,35,6,6,10,25,359.0,6659.073235989212,0.28892989999440033
0,noclosure,14,0,12,10,True,0,10,0,0,2,1,0,20.0,665.9073235989212,384,1920.0,4324.073235989211,True,0,36.0,0,4,0.2698579999996582,0,0,0,0,35,3,3100371,35,6,6,10,25,359.0,6659.073235989212,0.28775129999849014
0,step,14,0,12,10,True,0,10,0,0,2,1,0,20.0,665.9073235989212,384,1920.0,4324.073235989211,True,0,36.0,0,4,0.2756857000058517,0,1,8,4,39,3,3100371,35,6,6,10,25,359.0,6659.073235989212,0.29239039999083616
0,default,64,0,12,11,True,0,11,0,0,1,0,0,22.0,548.4919164978935,328,1640.0,4031.4110814768287,True,0,36.0,0,4,0.160900999995647,0,0,0,0,36,6,3100372,40,6,5,11,25,304.0,6033.411081476828,0.177604499986046
0,noclosure,64,0,12,11,True,0,11,0,0,1,0,0,22.0,548.4919164978935,328,1640.0,4031.4110814768287,True,0,36.0,0,4,0.16233560000546277,0,0,0,0,36,6,3100372,40,6,5,11,25,304.0,6033.411081476828,0.17884829999820795
0,step,64,0,12,11,True,0,11,0,0,1,0,0,22.0,551.02489727077,329,1645.0,4053.2738699784713,True,0,36.0,0,4,0.1745983000000706,0,0,15,9,45,6,3100372,41,6,5,11,25,305.0,6061.27386997847,0.19136219999927562
0,default,44,0,19,15,True,0,15,0,0,4,1,0,30.0,418.0691774314975,249,1245.0,4720.037661472465,True,0,57.0,1,4,0.33329049999883864,0,0,0,0,40,8,3100373,53,7,6,15,25,219.0,6271.037661472463,0.34989840000343975
0,noclosure,44,0,19,15,True,0,15,0,0,4,1,0,30.0,418.0691774314975,249,1245.0,4720.037661472465,True,0,57.0,1,4,0.3360822999966331,0,0,0,0,40,8,3100373,53,7,6,15,25,219.0,6271.037661472463,0.3530751000071177
0,step,43,0,19,15,True,0,15,0,0,4,0,0,30.0,421.316048621164,247,1235.0,4782.740729317458,True,0,57.0,1,4,0.22120600000198465,0,0,19,12,52,7,3100373,60,12,8,15,25,215.0,6319.74072931746,0.23786999999720138
0,default,90,0,19,16,True,4,16,1,0,3,1,0,32.0,379.72933533493836,248,1240.0,4524.669365359016,True,0,57.0,0,4,0.2709125000110362,0,0,0,0,37,7,3100374,95,8,8,16,21,222.0,6075.669365359014,0.28942060000554193
0,noclosure,90,0,19,16,True,0,16,0,0,3,1,0,32.0,386.63502997210855,256,1280.0,4588.16047955374,True,0,57.0,0,4,0.27822829999786336,0,0,0,0,39,7,3100374,97,8,8,16,23,229.0,6186.160479553737,0.29536869999719784
0,step,26,0,21,16,True,7,16,1,0,5,1,0,32.0,304.2646918595499,183,915.0,3692.2350697527986,True,0,63.0,0,4,0.2335227000003215,0,1,22,14,42,7,3100374,57,8,8,16,18,166.0,4868.235069752798,0.2512516999995569
0,default,86,0,14,13,True,0,13,0,0,1,0,0,26.0,507.5850158236236,352,1760.0,4447.605205707107,True,0,42.0,1,4,0.2149238999991212,0,0,0,0,38,7,3100375,17,7,6,13,25,323.0,6598.605205707107,0.23181409999961033
0,noclosure,86,0,14,13,True,0,13,0,0,1,0,0,26.0,507.5850158236236,352,1760.0,4447.605205707107,True,0,42.0,1,4,0.21745820000069216,0,0,0,0,38,7,3100375,17,7,6,13,25,323.0,6598.605205707107,0.23449290001008194
0,step,50,0,15,13,True,0,13,0,0,2,0,0,26.0,493.63605230697453,317,1585.0,4467.268679990669,True,0,45.0,0,4,0.18046450000838377,0,0,17,11,49,6,3100375,31,9,7,13,25,294.0,6417.268679990669,0.1975869000016246
0,default,40,0,15,15,True,0,15,0,0,0,0,0,30.0,423.31818056604055,267,1335.0,4697.772708490607,True,0,45.0,1,4,0.20627480000257492,0,0,0,0,40,7,3100376,58,8,8,15,25,242.0,6349.772708490608,0.22375340000144206
0,noclosure,40,0,15,15,True,0,15,0,0,0,0,0,30.0,423.31818056604055,267,1335.0,4697.772708490607,True,0,45.0,1,4,0.20811639999737963,0,0,0,0,40,7,3100376,58,8,8,15,25,242.0,6349.772708490608,0.22495899999921676
0,step,47,0,15,15,True,0,15,0,0,0,0,0,30.0,408.0214427566574,263,1315.0,4485.321641349859,True,0,45.0,1,4,0.24624979999498464,0,0,22,14,54,8,3100376,78,7,7,15,25,245.0,6120.321641349861,0.26491810000152327
0,default,104,0,28,16,True,5,16,1,0,12,1,0,32.0,405.9296789615099,288,1440.0,4679.87486338416,True,0,84.0,2,4,0.4031776999909198,0,0,0,0,36,10,3100377,36,5,5,16,20,259.0,6494.874863384159,0.4205833000014536
0,noclosure,61,0,30,16,True,0,16,0,0,14,1,0,32.0,411.67589294693846,297,1485.0,4708.814287151016,True,0,90.0,2,4,0.3751160000101663,0,0,0,0,38,10,3100377,37,7,5,16,22,271.0,6586.814287151015,0.3936701000056928
0,step,39,0,31,16,True,9,16,1,0,15,1,0,32.0,366.55302906074746,250,1250.0,4258.84846497196,True,0,93.0,0,4,0.3493688000016846,0,1,23,16,34,6,3100377,36,10,9,16,16,231.0,5864.848464971959,0.36791939999966417
0,default,65,0,21,11,True,0,11,0,0,10,1,0,22.0,561.7687111010705,303,1515.0,4303.455822111774,True,0,63.0,0,4,0.3047056000068551,0,0,0,0,36,5,3100378,34,5,5,11,25,276.0,6179.455822111775,0.3218246000033105
0,noclosure,65,0,21,11,True,0,11,0,0,10,1,0,22.0,561.7687111010705,303,1515.0,4303.455822111774,True,0,63.0,0,4,0.309846899996046,0,0,0,0,36,5,3100378,34,5,5,11,25,276.0,6179.455822111775,0.326418199998443
0,step,28,0,21,11,True,0,11,0,0,10,1,0,22.0,559.2228835541138,301,1505.0,4283.45171909525,True,0,63.0,0,4,0.28990930000145454,0,1,12,7,43,4,3100378,35,6,6,11,25,278.0,6151.451719095251,0.30694280000170693
0,default,40,0,27,14,True,0,14,0,0,13,2,0,28.0,445.9284614798183,275,1375.0,4508.998460717455,True,0,81.0,1,4,0.4787326999939978,0,0,0,0,39,7,3100379,52,5,5,14,25,250.0,6242.998460717456,0.4964084999955958
0,noclosure,40,0,27,14,True,0,14,0,0,13,2,0,28.0,445.9284614798183,275,1375.0,4508.998460717455,True,0,81.0,1,4,0.4738937999936752,0,0,0,0,39,7,3100379,52,5,5,14,25,250.0,6242.998460717456,0.4913463999982923
0,step,37,0,27,14,True,0,14,0,0,13,2,0,28.0,440.8642156932677,269,1345.0,4473.099019705747,True,0,81.0,0,4,0.4561346999980742,0,2,15,6,45,7,3100379,53,5,5,14,25,245.0,6172.099019705747,0.47434819999034517
0,default,111,0,16,15,True,0,15,0,0,1,1,0,30.0,431.26297808222597,242,1210.0,4965.94467123339,True,0,48.0,0,4,0.4104841999942437,0,0,0,0,40,10,3100380,58,5,4,15,25,215.0,6468.944671233389,0.4286805000010645
0,noclosure,111,0,16,15,True,0,15,0,0,1,1,0,30.0,431.26297808222597,242,1210.0,4965.94467123339,True,0,48.0,0,4,0.3795499999978347,0,0,0,0,40,10,3100380,58,5,4,15,25,215.0,6468.944671233389,0.3970588000083808
0,step,43,0,16,15,True,0,15,0,0,1,1,0,30.0,427.7775047069501,241,1205.0,4916.662570604252,True,0,48.0,0,4,0.34531829999468755,0,1,21,12,52,8,3100380,61,7,6,15,25,217.0,6416.662570604251,0.36233090001042
0,default,62,0,16,11,True,0,11,0,0,5,1,0,22.0,615.2925917314145,366,1830.0,4524.2185090455605,True,0,48.0,0,4,0.3264493000024231,0,0,0,0,36,6,3100381,40,4,4,11,25,344.0,6768.21850904556,0.34375549999822397
0,noclosure,62,0,16,11,True,0,11,0,0,5,1,0,22.0,615.2925917314145,366,1830.0,4524.2185090455605,True,0,48.0,0,4,0.3244898999982979,0,0,0,0,36,6,3100381,40,4,4,11,25,344.0,6768.21850904556,0.3418553000083193
0,step,62,0,16,11,True,0,11,0,0,5,1,0,22.0,615.2925917314145,366,1830.0,4524.2185090455605,True,0,48.0,0,4,0.33169120000093244,0,1,14,7,43,6,3100381,40,4,4,11,25,344.0,6768.21850904556,0.34944970000651665
0,default,44,0,18,16,True,5,16,1,0,2,0,0,32.0,363.69254809344574,259,1295.0,4198.080769495133,True,0,54.0,2,4,0.22371109999949113,0,0,0,0,36,11,3100382,71,7,5,16,20,240.0,5819.080769495132,0.24064099999668542
0,noclosure,27,0,18,16,True,0,16,0,0,2,0,0,32.0,385.22408589946264,274,1370.0,4454.585374391403,True,0,54.0,0,4,0.1821024000091711,0,0,0,0,40,11,3100382,80,7,5,16,24,253.0,6163.585374391402,0.20001919999776874
0,step,22,0,18,16,True,5,16,1,0,2,0,0,32.0,376.21635853193396,259,1295.0,4397.461736510944,True,0,54.0,1,4,0.20115809999697376,0,0,23,13,40,10,3100382,88,8,6,16,20,241.0,6019.461736510943,0.21883120000711642
0,default,67,0,24,15,True,0,15,0,0,9,1,0,30.0,425.5129584348885,293,1465.0,4547.694376523328,True,0,72.0,0,4,0.3531918000080623,0,0,0,0,40,9,3100383,43,6,5,15,25,268.0,6382.694376523327,0.37116290000267327
0,noclosure,67,0,24,15,True,0,15,0,0,9,1,0,30.0,425.5129584348885,293,1465.0,4547.694376523328,True,0,72.0,0,4,0.35294100000464823,0,0,0,0,40,9,3100383,43,6,5,15,25,268.0,6382.694376523327,0.370911599995452
0,step,52,0,24,15,True,0,15,0,0,9,1,0,30.0,424.42600263977187,292,1460.0,4536.390039596579,True,0,72.0,0,4,0.34750209999037907,0,1,21,12,52,8,3100383,43,7,6,15,25,268.0,6366.390039596578,0.36457430000882596
0,default,64,0,16,15,True,0,15,0,0,1,0,0,30.0,425.25861041220753,245,1225.0,4854.879156183113,True,0,48.0,0,4,0.19233009999152273,0,0,0,0,40,6,3100384,69,10,9,15,25,221.0,6378.879156183113,0.21038499999849591
0,noclosure,64,0,16,15,True,0,15,0,0,1,0,0,30.0,425.25861041220753,245,1225.0,4854.879156183113,True,0,48.0,0,4,0.17959840000548866,0,0,0,0,40,6,3100384,69,10,9,15,25,221.0,6378.879156183113,0.19728999999642838
0,step,12,0,16,15,True,0,15,0,0,1,0,0,30.0,390.32022166700443,211,1055.0,4532.803325005066,True,0,48.0,0,4,0.18314799999643583,0,0,19,11,51,8,3100384,38,8,7,15,25,189.0,5854.803325005067,0.20058430000790395
0,default,69,0,14,10,True,0,10,0,0,4,1,0,20.0,673.0496206385632,367,1835.0,4493.496206385628,True,0,42.0,0,4,0.33322459999180865,0,0,0,0,35,6,3100385,20,3,3,10,25,340.0,6730.496206385632,0.3504451000044355
0,noclosure,69,0,14,10,True,0,10,0,0,4,1,0,20.0,673.0496206385632,367,1835.0,4493.496206385628,True,0,42.0,0,4,0.3320921999984421,0,0,0,0,35,6,3100385,20,3,3,10,25,340.0,6730.496206385632,0.3508905000053346
0,step,29,0,14,10,True,0,10,0,0,4,1,0,20.0,669.9080742992758,365,1825.0,4472.080742992758,True,0,42.0,0,4,0.3079296000069007,0,1,12,6,41,5,3100385,20,4,4,10,25,340.0,6699.080742992757,0.32490289999987
0,default,14,0,11,11,True,0,11,0,0,0,0,0,22.0,548.7579612129634,318,1590.0,4093.3375733425974,True,0,33.0,0,4,0.1210436999972444,0,0,0,0,36,6,3100386,37,5,5,11,25,298.0,6036.337573342598,0.14035260000673588
0,noclosure,14,0,11,11,True,0,11,0,0,0,0,0,22.0,548.7579612129634,318,1590.0,4093.3375733425974,True,0,33.0,0,4,0.12816819999716245,0,0,0,0,36,6,3100386,37,5,5,11,25,298.0,6036.337573342598,0.14502370000991505
0,step,0,0,11,11,True,0,11,0,0,0,0,0,22.0,548.2986487347921,317,1585.0,4093.2851360827117,True,0,33.0,0,4,0.11624269999447279,0,0,8,3,39,5,3100386,37,6,6,11,25,298.0,6031.2851360827135,0.13330349999887403
0,default,58,0,11,11,True,0,11,0,0,0,0,0,22.0,568.2213907201877,332,1660.0,4228.435297922065,True,0,33.0,1,4,0.18398770000203513,0,0,0,0,36,8,3100387,11,3,3,11,25,307.0,6250.435297922066,0.20100730001286138
0,noclosure,58,0,11,11,True,0,11,0,0,0,0,0,22.0,568.2213907201877,332,1660.0,4228.435297922065,True,0,33.0,1,4,0.1797031999885803,0,0,0,0,36,8,3100387,11,3,3,11,25,307.0,6250.435297922066,0.19692180000129156
0,step,45,0,11,11,True,0,11,0,0,0,0,0,22.0,567.770894574415,331,1655.0,4228.479840318564,True,0,33.0,1,4,0.1795128000085242,0,0,17,10,46,7,3100387,11,4,4,11,25,307.0,6245.479840318565,0.19720750000851694
0,default,57,0,25,13,True,0,13,0,0,12,1,0,26.0,501.85631441276735,337,1685.0,4423.132087365982,True,0,75.0,1,4,0.326373899995815,0,0,0,0,38,8,3100388,22,4,4,13,25,315.0,6524.132087365975,0.3446088999917265
0,noclosure,57,0,25,13,True,0,13,0,0,12,1,0,26.0,501.85631441276735,337,1685.0,4423.132087365982,True,0,75.0,1,4,0.3299964000034379,0,0,0,0,38,8,3100388,22,4,4,13,25,315.0,6524.132087365975,0.34725299999990966
0,step,66,0,25,13,True,0,13,0,0,12,1,0,26.0,491.3283368167016,315,1575.0,4421.268378617124,True,0,75.0,0,4,0.3316774999984773,0,1,15,8,46,6,3100388,52,6,6,13,25,290.0,6387.268378617121,0.34832179998920765
0,default,55,0,23,13,True,0,13,0,0,10,2,0,26.0,519.8926910805022,343,1715.0,4630.60498404653,True,0,69.0,0,4,0.35584420000668615,0,0,0,0,38,10,3100389,32,1,1,13,25,318.0,6758.604984046528,0.37347949999093544
0,noclosure,55,0,23,13,True,0,13,0,0,10,2,0,26.0,519.8926910805022,343,1715.0,4630.60498404653,True,0,69.0,0,4,0.3627900999999838,0,0,0,0,38,10,3100389,32,1,1,13,25,318.0,6758.604984046528,0.37958370000706054
0,step,13,0,23,13,True,0,13,0,0,10,2,0,26.0,511.8887913599158,340,1700.0,4541.554287678908,True,0,69.0,0,4,0.3286684000049718,0,2,19,8,46,9,3100389,32,2,2,13,25,318.0,6654.554287678905,0.3471431000070879
0,default,75,0,10,10,True,0,10,0,0,0,0,0,20.0,646.5071725470244,371,1855.0,4215.071725470243,True,0,30.0,0,4,0.1588348999939626,0,0,0,0,35,7,3100390,25,3,3,10,25,345.0,6465.071725470244,0.17593029999989085
0,noclosure,75,0,10,10,True,0,10,0,0,0,0,0,20.0,646.5071725470244,371,1855.0,4215.071725470243,True,0,30.0,0,4,0.16468700001132675,0,0,0,0,35,7,3100390,25,3,3,10,25,345.0,6465.071725470244,0.1813026999880094
0,step,62,0,11,10,True,0,10,0,0,1,0,0,20.0,646.5818117582953,371,1855.0,4212.818117582953,True,0,33.0,0,4,0.16064560000086203,0,0,16,9,44,7,3100390,25,4,3,10,25,345.0,6465.818117582953,0.17745279999508057
0,default,46,0,13,13,True,0,13,0,0,0,0,0,26.0,474.07672293121254,292,1460.0,4374.997398105765,True,0,39.0,2,4,0.18213299999479204,0,0,0,0,38,6,3100391,11,7,7,13,25,263.0,6162.997398105763,0.1994154999993043
0,noclosure,46,0,13,13,True,0,13,0,0,0,0,0,26.0,474.07672293121254,292,1460.0,4374.997398105765,True,0,39.0,2,4,0.1891436000005342,0,0,0,0,38,6,3100391,11,7,7,13,25,263.0,6162.997398105763,0.20685329999832902
0,step,14,0,14,13,True,0,13,0,0,1,0,0,26.0,452.3977902229162,291,1455.0,4093.171272897911,True,0,42.0,0,4,0.14927179999358486,0,0,13,8,46,5,3100391,11,9,8,13,25,265.0,5881.171272897911,0.16695840000465978
0,default,26,0,10,10,True,0,10,0,0,0,0,0,20.0,660.1951481080587,339,1695.0,4544.951481080587,True,0,30.0,0,4,0.14517220000561792,0,0,0,0,35,6,3100392,58,4,4,10,25,312.0,6601.951481080587,0.16207779999240302
0,noclosure,26,0,10,10,True,0,10,0,0,0,0,0,20.0,660.1951481080587,339,1695.0,4544.951481080587,True,0,30.0,0,4,0.1435187000024598,0,0,0,0,35,6,3100392,58,4,4,10,25,312.0,6601.951481080587,0.1616935000056401
0,step,26,0,10,10,True,0,10,0,0,0,0,0,20.0,660.1951481080587,339,1695.0,4544.951481080587,True,0,30.0,0,4,0.15554200000769924,0,0,13,7,42,6,3100392,58,4,4,10,25,312.0,6601.951481080587,0.17413090000627562
0,default,110,0,16,16,True,3,16,1,0,0,0,0,32.0,378.21882750651366,291,1455.0,4254.501240104218,True,0,48.0,0,4,0.2646668000088539,0,0,0,0,38,7,3100393,50,9,9,16,22,262.0,6051.501240104219,0.2825876999995671
0,noclosure,110,0,16,16,True,0,16,0,0,0,0,0,32.0,378.21882750651366,291,1455.0,4254.501240104218,True,0,48.0,0,4,0.2681282999983523,0,0,0,0,38,7,3100393,50,9,9,16,22,262.0,6051.501240104219,0.28577069999300875
0,step,79,0,16,16,True,3,16,1,0,0,0,0,32.0,369.8387583466764,292,1460.0,4110.420133546822,True,0,48.0,0,4,0.22869820000778418,0,0,15,11,45,4,3100393,54,12,12,16,22,267.0,5917.420133546822,0.24534029999631457
0,default,113,0,15,15,True,0,15,0,0,0,0,0,30.0,434.9599825219405,232,1160.0,5087.399737829107,True,0,45.0,2,4,0.26970910000090953,0,0,0,0,40,8,3100394,10,7,7,15,25,202.0,6524.399737829108,0.2879354000033345
0,noclosure,113,0,15,15,True,0,15,0,0,0,0,0,30.0,434.9599825219405,232,1160.0,5087.399737829107,True,0,45.0,2,4,0.2691956000053324,0,0,0,0,40,8,3100394,10,7,7,15,25,202.0,6524.399737829108,0.2864348000002792
0,step,36,0,16,15,True,0,15,0,0,1,0,0,30.0,401.47323643743425,220,1100.0,4649.098546561513,True,0,48.0,1,4,0.21336760000849608,0,0,17,12,52,5,3100394,45,11,10,15,25,195.0,6022.098546561514,0.2308850999979768
0,default,60,0,19,10,True,0,10,0,0,9,1,0,20.0,662.4062856934033,336,1680.0,4556.062856934033,True,0,57.0,1,4,0.3377646000008099,0,0,0,0,35,8,3100395,26,5,1,10,25,311.0,6624.062856934033,0.3554794999945443
0,noclosure,60,0,19,10,True,0,10,0,0,9,1,0,20.0,662.4062856934033,336,1680.0,4556.062856934033,True,0,57.0,1,4,0.3440277000045171,0,0,0,0,35,8,3100395,26,5,1,10,25,311.0,6624.062856934033,0.3605127999908291
0,step,14,0,13,10,True,0,10,0,0,3,0,0,20.0,651.6163108089447,358,1790.0,4330.163108089447,True,0,39.0,1,4,0.14053899999998976,0,0,13,8,43,5,3100395,56,8,5,10,25,337.0,6516.163108089447,0.15691609999339562
0,default,51,0,12,12,True,0,12,0,0,0,0,0,24.0,506.7586287039505,280,1400.0,4368.103544447407,True,0,36.0,0,4,0.1557603000110248,0,0,0,0,37,5,3100396,20,7,7,12,25,253.0,6081.1035444474055,0.17312780000793282
0,noclosure,51,0,12,12,True,0,12,0,0,0,0,0,24.0,506.7586287039505,280,1400.0,4368.103544447407,True,0,36.0,0,4,0.15357340000628028,0,0,0,0,37,5,3100396,20,7,7,12,25,253.0,6081.1035444474055,0.1708195999963209
0,step,55,0,12,12,True,0,12,0,0,0,0,0,24.0,489.8957740539797,281,1405.0,4158.749288647758,True,0,36.0,0,4,0.18310680000286084,0,0,12,9,46,3,3100396,20,9,9,12,25,255.0,5878.749288647757,0.20016300000133924
0,default,11,0,41,14,True,0,14,0,0,27,2,0,28.0,458.572630138301,295,1475.0,4524.016821936222,True,0,123.0,0,4,0.4145542999904137,0,0,0,0,39,7,3100397,38,5,5,14,25,270.0,6420.016821936214,0.4313506000034977
0,noclosure,11,0,41,14,True,0,14,0,0,27,2,0,28.0,458.572630138301,295,1475.0,4524.016821936222,True,0,123.0,0,4,0.42165360000217333,0,0,0,0,39,7,3100397,38,5,5,14,25,270.0,6420.016821936214,0.4383326999959536
0,step,22,0,29,14,True,0,14,0,0,15,2,0,28.0,452.7334267346041,304,1520.0,4427.267974284461,True,0,87.0,0,4,0.4404757000011159,0,2,19,9,48,8,3100397,28,4,4,14,25,276.0,6338.2679742844575,0.4581068999978015
0,default,110,0,11,11,True,0,11,0,0,0,0,0,22.0,573.6237988350966,320,1600.0,4366.861787186063,True,0,33.0,0,4,0.21882740000728518,0,0,0,0,36,8,3100398,35,3,3,11,25,288.0,6309.861787186063,0.23526659999333788
0,noclosure,110,0,11,11,True,0,11,0,0,0,0,0,22.0,573.6237988350966,320,1600.0,4366.861787186063,True,0,33.0,0,4,0.2212699999945471,0,0,0,0,36,8,3100398,35,3,3,11,25,288.0,6309.861787186063,0.23838460000115447
0,step,66,0,11,11,True,0,11,0,0,0,0,0,22.0,568.7919076987837,323,1615.0,4288.710984686621,True,0,33.0,0,4,0.20290919998660684,0,0,18,12,48,6,3100398,38,5,5,11,25,298.0,6256.710984686621,0.2199854999926174
0,default,66,0,18,12,True,0,12,0,0,6,1,0,24.0,564.4564085716011,338,1690.0,4697.476902859214,True,0,54.0,0,4,0.3208236000064062,0,0,0,0,37,10,3100399,15,1,1,12,25,308.0,6773.476902859213,0.33789189999515656
0,noclosure,66,0,18,12,True,0,12,0,0,6,1,0,24.0,564.4564085716011,338,1690.0,4697.476902859214,True,0,54.0,0,4,0.32188449999375734,0,0,0,0,37,10,3100399,15,1,1,12,25,308.0,6773.476902859213,0.339032900010352
0,step,28,0,18,12,True,0,12,0,0,6,1,0,24.0,547.0814018962127,327,1635.0,4547.976822754552,True,0,54.0,0,4,0.2903725000069244,0,1,15,8,43,6,3100399,27,5,5,12,25,304.0,6564.976822754553,0.30766619999485556
0,default,66,0,22,11,True,0,11,0,0,11,1,0,22.0,580.757280490659,299,1495.0,4533.330085397244,True,0,66.0,0,4,0.3354754000029061,0,0,0,0,36,9,3100400,30,3,1,11,25,272.0,6388.330085397249,0.35285140000632964
0,noclosure,66,0,22,11,True,0,11,0,0,11,1,0,22.0,580.757280490659,299,1495.0,4533.330085397244,True,0,66.0,0,4,0.33026029999018647,0,0,0,0,36,9,3100400,30,3,1,11,25,272.0,6388.330085397249,0.3474292000028072
0,step,49,0,23,11,True,0,11,0,0,12,1,0,22.0,578.6244476841777,300,1500.0,4499.868924525953,True,0,69.0,0,4,0.3299708999984432,0,1,21,11,47,9,3100400,35,4,1,11,25,274.0,6364.868924525955,0.3485457999922801
0,default,64,0,22,11,True,0,11,0,0,11,1,0,22.0,589.9229605319634,353,1765.0,4309.152565851597,True,0,66.0,0,4,0.2791334000066854,0,0,0,0,36,7,3100401,19,4,3,11,25,327.0,6489.152565851598,0.2979963999969186
0,noclosure,64,0,22,11,True,0,11,0,0,11,1,0,22.0,589.9229605319634,353,1765.0,4309.152565851597,True,0,66.0,0,4,0.28877479999209754,0,0,0,0,36,7,3100401,19,4,3,11,25,327.0,6489.152565851598,0.3069402999972226
0,step,61,0,23,11,True,0,11,0,0,12,1,0,22.0,593.6658336676096,355,1775.0,4335.324170343706,True,0,69.0,0,4,0.2929183000087505,0,1,17,11,47,5,3100401,20,7,5,11,25,329.0,6530.324170343706,0.3099424999963958
0,default,133,0,16,10,True,0,10,0,0,6,1,0,20.0,689.9719628343564,354,1770.0,4737.719628343562,True,0,48.0,0,4,0.3880067999998573,0,0,0,0,35,6,3100402,28,3,3,10,25,324.0,6899.719628343564,0.4049439000082202
0,noclosure,133,0,16,10,True,0,10,0,0,6,1,0,20.0,689.9719628343564,354,1770.0,4737.719628343562,True,0,48.0,0,4,0.383978500001831,0,0,0,0,35,6,3100402,28,3,3,10,25,324.0,6899.719628343564,0.40132550000271294
0,step,14,0,10,10,True,0,10,0,0,0,0,0,20.0,633.953115564746,342,1710.0,4259.531155647461,True,0,30.0,0,4,0.1132521999970777,0,0,5,4,39,1,3100402,39,9,9,10,25,320.0,6339.53115564746,0.13115890001063235
0,default,7,0,12,12,True,0,12,0,0,0,1,0,24.0,498.8644170795933,311,1555.0,4083.373004955119,True,0,36.0,1,4,0.2644864000030793,0,0,0,0,37,2,3100403,39,9,9,12,25,288.0,5986.3730049551195,0.2818935999966925
0,noclosure,7,0,12,12,True,0,12,0,0,0,1,0,24.0,498.8644170795933,311,1555.0,4083.373004955119,True,0,36.0,1,4,0.2579697000037413,0,0,0,0,37,2,3100403,39,9,9,12,25,288.0,5986.3730049551195,0.27511189998767804
0,step,7,0,12,12,True,0,12,0,0,0,1,0,24.0,498.8644170795933,311,1555.0,4083.373004955119,True,0,36.0,1,4,0.2683270999987144,0,1,5,2,39,2,3100403,39,9,9,12,25,288.0,5986.3730049551195,0.2862268999888329
0,default,81,0,12,11,True,0,11,0,0,1,0,0,22.0,586.6540780225176,333,1665.0,4424.194858247693,True,0,36.0,1,4,0.19966280000517145,0,0,0,0,36,7,3100404,53,5,4,11,25,306.0,6453.194858247693,0.21847049999632873
0,noclosure,81,0,12,11,True,0,11,0,0,1,0,0,22.0,586.6540780225176,333,1665.0,4424.194858247693,True,0,36.0,1,4,0.19783610000740737,0,0,0,0,36,7,3100404,53,5,4,11,25,306.0,6453.194858247693,0.21537799999350682
0,step,61,0,12,11,True,0,11,0,0,1,0,0,22.0,572.3148975677268,334,1670.0,4259.463873244996,True,0,36.0,0,4,0.18451819999609143,0,0,19,12,48,7,3100404,54,5,4,11,25,308.0,6295.463873244995,0.20235659999889322
0,default,77,0,31,14,True,0,14,0,0,17,2,0,28.0,481.03111525763813,290,1450.0,4900.435613606935,True,0,93.0,0,4,0.46167000000423286,0,0,0,0,39,8,3100405,51,5,4,14,25,263.0,6734.435613606934,0.4787533000053372
0,noclosure,77,0,31,14,True,0,14,0,0,17,2,0,28.0,481.03111525763813,290,1450.0,4900.435613606935,True,0,93.0,0,4,0.4531595999869751,0,0,0,0,39,8,3100405,51,5,4,14,25,263.0,6734.435613606934,0.46940010000253096
0,step,0,0,30,14,True,0,14,0,0,16,2,0,28.0,461.6836526831849,287,1435.0,4646.571137564587,True,0,90.0,0,4,0.3982923000003211,0,2,21,10,47,9,3100405,64,3,3,14,25,264.0,6463.571137564589,0.41503210000519175
0,default,114,0,15,14,True,0,14,0,0,1,0,0,28.0,484.1129805378535,328,1640.0,4764.58172752995,True,0,45.0,2,4,0.25958200001332443,0,0,0,0,39,8,3100406,52,7,6,14,25,300.0,6777.581727529949,0.27725899999495596
0,noclosure,114,0,15,14,True,0,14,0,0,1,0,0,28.0,484.1129805378535,328,1640.0,4764.58172752995,True,0,45.0,2,4,0.26071679999586195,0,0,0,0,39,8,3100406,52,7,6,14,25,300.0,6777.581727529949,0.27720890000637155
0,step,62,0,16,14,True,0,14,0,0,2,0,0,28.0,460.71657382090615,331,1655.0,4411.032033492688,True,0,48.0,1,4,0.21574659999168944,0,0,18,12,50,6,3100406,53,10,8,14,25,308.0,6450.032033492686,0.23368739998841193
0,default,27,0,24,14,True,0,14,0,0,10,1,0,28.0,438.90328581377406,260,1300.0,4508.646001392837,True,0,72.0,0,4,0.3195577000005869,0,0,0,0,39,5,3100407,86,9,8,14,25,236.0,6144.646001392837,0.33672020000813063
0,noclosure,27,0,24,14,True,0,14,0,0,10,1,0,28.0,438.90328581377406,260,1300.0,4508.646001392837,True,0,72.0,0,4,0.3189293000032194,0,0,0,0,39,5,3100407,86,9,8,14,25,236.0,6144.646001392837,0.33711419999599457
0,step,14,0,24,14,True,0,14,0,0,10,1,0,28.0,432.60012719865165,259,1295.0,4424.401780781122,True,0,72.0,0,4,0.32679259999713395,0,1,12,6,45,5,3100407,87,9,8,14,25,237.0,6056.401780781123,0.3443239000043832
0,default,92,0,26,13,True,0,13,0,0,13,1,0,26.0,529.5260872861984,332,1660.0,4822.839134720582,True,0,78.0,0,4,0.3265271999989636,0,0,0,0,38,8,3100408,48,5,4,13,25,297.0,6883.83913472058,0.34405070000502747
0,noclosure,92,0,26,13,True,0,13,0,0,13,1,0,26.0,529.5260872861984,332,1660.0,4822.839134720582,True,0,78.0,0,4,0.32480020000366494,0,0,0,0,38,8,3100408,48,5,4,13,25,297.0,6883.83913472058,0.34186670000781305
0,step,53,0,42,13,True,0,13,0,0,29,2,0,26.0,526.1730152261047,312,1560.0,4846.2491979393635,True,0,126.0,0,4,0.47241940000094473,0,2,21,13,51,6,3100408,21,6,5,13,25,282.0,6840.249197939361,0.4890600000071572
0,default,61,0,17,15,True,0,15,0,0,2,0,0,30.0,413.5739504935518,264,1320.0,4562.609257403279,True,0,51.0,1,4,0.21131810000224505,0,0,0,0,40,9,3100409,90,8,6,15,25,240.0,6203.609257403277,0.22818439999537077
0,noclosure,61,0,17,15,True,0,15,0,0,2,0,0,30.0,413.5739504935518,264,1320.0,4562.609257403279,True,0,51.0,1,4,0.21614069999486674,0,0,0,0,40,9,3100409,90,8,6,15,25,240.0,6203.609257403277,0.23430850000295322
0,step,52,0,17,15,True,0,15,0,0,2,0,0,30.0,418.8989560241982,280,1400.0,4545.484340362975,True,0,51.0,0,4,0.21446050000668038,0,0,24,15,54,9,3100409,49,8,6,15,25,257.0,6283.484340362973,0.23127780000504572
0,default,43,0,15,14,True,0,14,0,0,1,0,0,28.0,439.00632000677757,262,1310.0,4524.088480094883,True,0,45.0,1,4,0.20223640000040177,0,0,0,0,39,9,3100410,67,6,5,14,25,239.0,6146.088480094886,0.22013099999458063
0,noclosure,43,0,15,14,True,0,14,0,0,1,0,0,28.0,439.00632000677757,262,1310.0,4524.088480094883,True,0,45.0,1,4,0.20100339999771677,0,0,0,0,39,9,3100410,67,6,5,14,25,239.0,6146.088480094886,0.21874080000270624
0,step,43,0,15,14,True,0,14,0,0,1,0,0,28.0,439.00632000677757,262,1310.0,4524.088480094883,True,0,45.0,1,4,0.21474369999486953,0,0,20,11,49,9,3100410,67,6,5,14,25,239.0,6146.088480094886,0.23200839999481104
0,default,97,0,15,15,True,0,15,0,0,0,0,0,30.0,423.1978732080696,247,1235.0,4814.968098121046,True,0,45.0,2,4,0.24558279999473598,0,0,0,0,40,9,3100411,66,6,6,15,25,223.0,6347.968098121044,0.26269909999973606
0,noclosure,97,0,15,15,True,0,15,0,0,0,0,0,30.0,423.1978732080696,247,1235.0,4814.968098121046,True,0,45.0,2,4,0.24313899999833666,0,0,0,0,40,9,3100411,66,6,6,15,25,223.0,6347.968098121044,0.26082480000332
0,step,51,0,15,15,True,0,15,0,0,0,0,0,30.0,422.87497438293144,246,1230.0,4812.124615743973,True,0,45.0,0,4,0.21289540000725538,0,0,17,11,51,6,3100411,66,9,9,15,25,226.0,6343.124615743972,0.23014539999712724
0,default,77,0,12,12,True,0,12,0,0,0,0,0,24.0,535.6387530879493,348,1740.0,4302.6650370553925,True,0,36.0,1,4,0.20271650000358932,0,0,0,0,37,9,3100412,64,3,3,12,25,325.0,6427.665037055392,0.21930490000522695
0,noclosure,77,0,12,12,True,0,12,0,0,0,0,0,24.0,535.6387530879493,348,1740.0,4302.6650370553925,True,0,36.0,1,4,0.2015817000064999,0,0,0,0,37,9,3100412,64,3,3,12,25,325.0,6427.665037055392,0.219404499992379
0,step,70,0,13,12,True,0,12,0,0,1,0,0,24.0,537.4866788332757,348,1740.0,4321.840145999309,True,0,39.0,0,4,0.1881714000046486,0,0,17,9,44,8,3100412,64,5,4,12,25,325.0,6449.840145999308,0.2053139000054216
0,default,101,0,15,15,True,0,15,0,0,0,0,0,30.0,431.64847727285087,289,1445.0,4692.727159092763,True,0,45.0,0,4,0.2310221000079764,0,0,0,0,40,10,3100413,34,5,5,15,25,262.0,6474.727159092763,0.24779430001217406
0,noclosure,101,0,15,15,True,0,15,0,0,0,0,0,30.0,431.64847727285087,289,1445.0,4692.727159092763,True,0,45.0,0,4,0.22989360000065062,0,0,0,0,40,10,3100413,34,5,5,15,25,262.0,6474.727159092763,0.24699469999177381
0,step,64,0,15,15,True,0,15,0,0,0,0,0,30.0,432.99577850438556,276,1380.0,4791.9366775657845,True,0,45.0,0,4,0.23169570000027306,0,0,25,18,58,7,3100413,47,8,8,15,25,248.0,6494.936677565784,0.24796159999095835
0,default,98,0,13,13,True,0,13,0,0,0,0,0,26.0,502.136659471731,318,1590.0,4585.7765731325,True,0,39.0,1,4,0.22644140000920743,0,0,0,0,38,9,3100414,43,4,4,13,25,287.0,6527.776573132503,0.2438982999883592
0,noclosure,98,0,13,13,True,0,13,0,0,0,0,0,26.0,502.136659471731,318,1590.0,4585.7765731325,True,0,39.0,1,4,0.21818619999976363,0,0,0,0,38,9,3100414,43,4,4,13,25,287.0,6527.776573132503,0.23478139999497216
0,step,54,0,14,13,True,0,13,0,0,1,0,0,26.0,467.39370430125757,289,1445.0,4297.118155916347,True,0,42.0,0,4,0.21591909999551717,0,0,19,13,49,6,3100414,74,8,7,13,25,266.0,6076.118155916349,0.23258879999048077
0,default,52,0,12,11,True,0,11,0,0,1,0,0,22.0,591.7688511033955,352,1760.0,4362.457362137352,True,0,36.0,0,4,0.16806529999303166,0,0,0,0,36,9,3100415,31,3,2,11,25,329.0,6509.45736213735,0.1853255000023637
0,noclosure,52,0,12,11,True,0,11,0,0,1,0,0,22.0,591.7688511033955,352,1760.0,4362.457362137352,True,0,36.0,0,4,0.16627829999197274,0,0,0,0,36,9,3100415,31,3,2,11,25,329.0,6509.45736213735,0.18358890000672545
0,step,24,0,13,11,True,0,11,0,0,2,0,0,22.0,595.0268079834303,353,1765.0,4390.294887817735,True,0,39.0,0,4,0.14747599999827798,0,0,16,10,46,6,3100415,31,7,5,11,25,329.0,6545.294887817733,0.1642783999996027
0,default,67,0,14,14,True,0,14,0,0,0,0,0,28.0,442.44248678502197,263,1315.0,4570.194814990309,True,0,42.0,0,4,0.1836085999966599,0,0,0,0,39,8,3100416,49,6,6,14,25,239.0,6194.194814990307,0.20036580000305548
0,noclosure,67,0,14,14,True,0,14,0,0,0,0,0,28.0,442.44248678502197,263,1315.0,4570.194814990309,True,0,42.0,0,4,0.1831096000096295,0,0,0,0,39,8,3100416,49,6,6,14,25,239.0,6194.194814990307,0.19988610000291374
0,step,40,0,14,14,True,0,14,0,0,0,0,0,28.0,439.68424200755396,261,1305.0,4541.579388105757,True,0,42.0,0,4,0.17149149999022484,0,0,14,8,47,6,3100416,49,8,8,14,25,239.0,6155.579388105755,0.1885160999954678
0,default,90,0,14,13,True,0,13,0,0,1,0,0,26.0,495.5788998719731,334,1670.0,4395.525698335649,True,0,42.0,1,4,0.21675620001042262,0,0,0,0,38,8,3100417,60,6,5,13,25,309.0,6442.52569833565,0.23309569999400992
0,noclosure,90,0,14,13,True,0,13,0,0,1,0,0,26.0,495.5788998719731,334,1670.0,4395.525698335649,True,0,42.0,1,4,0.21513599999889266,0,0,0,0,38,8,3100417,60,6,5,13,25,309.0,6442.52569833565,0.23293719999492168
0,step,76,0,14,13,True,0,13,0,0,1,0,0,26.0,495.18060005972285,333,1665.0,4395.347800776395,True,0,42.0,1,4,0.2111573000001954,0,0,17,10,48,7,3100417,60,7,6,13,25,309.0,6437.347800776397,0.22811349999392405
0,default,45,0,56,16,True,7,16,1,0,40,1,0,32.0,343.8004655176524,201,1005.0,4117.807448282438,True,0,168.0,0,4,0.3707737999939127,0,0,0,0,34,7,3100418,75,9,8,16,18,178.0,5500.807448282439,0.38821839999582153
0,noclosure,29,0,56,16,True,0,16,0,0,40,1,0,32.0,367.5092017490532,225,1125.0,4355.147227984853,True,0,168.0,0,4,0.3664131000114139,0,0,0,0,39,6,3100418,83,10,9,16,23,200.0,5880.147227984851,0.38354090000211727
0,step,29,0,56,16,True,7,16,1,0,40,1,0,32.0,343.75480333087313,200,1000.0,4122.076853293969,True,0,168.0,0,4,0.3630318000068655,0,1,17,10,31,6,3100418,75,10,9,16,18,178.0,5500.07685329397,0.3796214999892982
0,default,132,0,43,15,True,0,15,0,0,28,2,0,30.0,491.2501949901682,291,1455.0,5493.752924852521,True,0,129.0,0,4,0.5295888999971794,0,0,0,0,40,12,3100419,15,1,1,15,25,261.0,7368.752924852523,0.5465462000138359
0,noclosure,132,0,43,15,True,0,15,0,0,28,2,0,30.0,491.2501949901682,291,1455.0,5493.752924852521,True,0,129.0,0,4,0.5326906999980565,0,0,0,0,40,12,3100419,15,1,1,15,25,261.0,7368.752924852523,0.5510751999972854
0,step,58,0,31,15,True,0,15,0,0,16,1,0,30.0,430.1405434645982,275,1375.0,4700.108151968972,True,0,93.0,0,4,0.3599260999908438,0,1,19,11,51,7,3100419,64,8,7,15,25,254.0,6452.108151968972,0.37678520000190474
0,default,106,0,16,16,True,19,16,1,0,0,0,0,32.0,218.64864645463084,103,515.0,2813.378343274093,True,0,48.0,2,4,0.2555308999872068,0,0,0,0,22,8,3100420,18,8,8,16,6,90.0,3498.3783432740934,0.2740833999996539
0,noclosure,40,0,16,16,True,0,16,0,0,0,0,0,32.0,314.08999267373446,169,845.0,3951.439882779752,True,0,48.0,1,4,0.1940475999872433,0,0,0,0,38,7,3100420,87,9,9,16,22,149.0,5025.439882779751,0.21145590000378434
0,step,39,0,18,16,True,8,16,1,0,2,0,0,32.0,343.42094339381043,211,1055.0,4153.735094300967,True,0,54.0,0,4,0.1874757000041427,0,0,20,12,31,8,3100420,59,10,8,16,17,200.0,5494.735094300967,0.20408209999732208
0,default,54,0,60,13,True,0,13,0,0,47,2,0,26.0,536.4693482004687,311,1555.0,4930.101526606076,True,0,180.0,2,4,0.5034494999999879,0,0,0,0,38,7,3100421,35,4,4,13,25,283.0,6974.101526606093,0.5195314000011422
0,noclosure,54,0,60,13,True,0,13,0,0,47,2,0,26.0,536.4693482004687,311,1555.0,4930.101526606076,True,0,180.0,2,4,0.5072999999974854,0,0,0,0,38,7,3100421,35,4,4,13,25,283.0,6974.101526606093,0.5243630000040866
0,step,50,0,60,13,True,0,13,0,0,47,2,0,26.0,526.9481328886159,310,1550.0,4810.32572755199,True,0,180.0,1,4,0.5032342000049539,0,2,18,10,48,6,3100421,34,5,5,13,25,284.0,6850.325727552006,0.5211037999979453
0,default,46,0,10,10,True,0,10,0,0,0,0,0,20.0,628.7539071580395,324,1620.0,4318.539071580394,True,0,30.0,1,4,0.15577599999960512,0,0,0,0,35,4,3100422,50,6,6,10,25,299.0,6287.539071580395,0.17340620000322815
0,noclosure,46,0,10,10,True,0,10,0,0,0,0,0,20.0,628.7539071580395,324,1620.0,4318.539071580394,True,0,30.0,1,4,0.15447920000588056,0,0,0,0,35,4,3100422,50,6,6,10,25,299.0,6287.539071580395,0.17260679999890272
0,step,26,0,11,10,True,0,10,0,0,1,0,0,20.0,624.5134241942094,324,1620.0,4273.134241942093,True,0,33.0,0,4,0.13790000000153668,0,0,9,6,41,3,3100422,50,8,7,10,25,299.0,6245.1342419420935,0.1566678000090178
0,default,109,0,13,12,True,0,12,0,0,1,0,0,24.0,520.7110032229081,319,1595.0,4295.532038674897,True,0,39.0,0,4,0.23730900000373367,0,0,0,0,37,8,3100423,65,5,4,12,25,295.0,6248.532038674896,0.253875499998685
0,noclosure,109,0,13,12,True,0,12,0,0,1,0,0,24.0,520.7110032229081,319,1595.0,4295.532038674897,True,0,39.0,0,4,0.2368929000076605,0,0,0,0,37,8,3100423,65,5,4,12,25,295.0,6248.532038674896,0.25409139999828767
0,step,59,0,12,12,True,0,12,0,0,0,0,0,24.0,530.4806627989163,328,1640.0,4358.7679535869975,True,0,36.0,1,4,0.2091328000096837,0,0,17,11,48,6,3100423,61,6,6,12,25,307.0,6365.767953586996,0.22633530000166502
0,default,67,0,11,11,True,0,11,0,0,0,0,0,22.0,594.5866133735698,322,1610.0,4579.452747109267,True,0,33.0,1,4,0.16852960000687744,0,0,0,0,36,6,3100424,38,5,5,11,25,296.0,6540.452747109267,0.18563880000147037
0,noclosure,67,0,11,11,True,0,11,0,0,0,0,0,22.0,594.5866133735698,322,1610.0,4579.452747109267,True,0,33.0,1,4,0.1696239000011701,0,0,0,0,36,6,3100424,38,5,5,11,25,296.0,6540.452747109267,0.18693789999815635
0,step,50,0,11,11,True,0,11,0,0,0,0,0,22.0,592.0081877610791,321,1605.0,4555.09006537187,True,0,33.0,0,4,0.15458980000403244,0,0,11,6,42,5,3100424,38,6,6,11,25,297.0,6512.09006537187,0.17241689999355003
0,default,36,0,12,12,True,0,12,0,0,0,1,0,24.0,565.0432498694537,322,1610.0,4814.518998433444,True,0,36.0,1,4,0.22753769998962525,0,0,0,0,37,8,3100425,50,3,3,12,25,296.0,6780.518998433444,0.2443219999986468
0,noclosure,36,0,12,12,True,0,12,0,0,0,1,0,24.0,565.0432498694537,322,1610.0,4814.518998433444,True,0,36.0,1,4,0.22393739999097306,0,0,0,0,37,8,3100425,50,3,3,12,25,296.0,6780.518998433444,0.24065829999744892
0,step,15,0,13,12,True,0,12,0,0,1,1,0,24.0,554.6127030791384,320,1600.0,4695.352436949661,True,0,39.0,0,4,0.194357400003355,0,1,14,7,42,6,3100425,58,6,5,12,25,297.0,6655.352436949662,0.21139810000022408
0,default,70,0,14,12,True,0,12,0,0,2,0,0,24.0,516.0700915819613,301,1505.0,4346.8410989835365,True,0,42.0,0,4,0.17638059999444522,0,0,0,0,37,5,3100426,51,9,7,12,25,275.0,6192.841098983535,0.19284020000486635
0,noclosure,70,0,14,12,True,0,12,0,0,2,0,0,24.0,516.0700915819613,301,1505.0,4346.8410989835365,True,0,42.0,0,4,0.17719590000342578,0,0,0,0,37,5,3100426,51,9,7,12,25,275.0,6192.841098983535,0.19441070000175387
0,step,53,0,15,12,True,0,12,0,0,3,0,0,24.0,515.909346756671,302,1510.0,4336.912161080055,True,0,45.0,0,4,0.19670529999712016,0,0,11,6,43,5,3100426,51,10,7,12,25,275.0,6190.912161080051,0.21279980000690557
0,default,47,0,11,10,True,0,10,0,0,1,0,0,20.0,657.5829512064964,382,1910.0,4257.829512064963,True,0,33.0,2,4,0.1801588999951491,0,0,0,0,35,8,3100427,23,3,2,10,25,355.0,6575.829512064965,0.20287680000183173
0,noclosure,47,0,11,10,True,0,10,0,0,1,0,0,20.0,657.5829512064964,382,1910.0,4257.829512064963,True,0,33.0,2,4,0.17781300000206102,0,0,0,0,35,8,3100427,23,3,2,10,25,355.0,6575.829512064965,0.19589790000463836
0,step,17,0,12,10,True,0,10,0,0,2,0,0,20.0,657.4923345727865,382,1910.0,4249.923345727867,True,0,36.0,1,4,0.1619667000049958,0,0,16,9,44,7,3100427,24,5,3,10,25,359.0,6574.923345727865,0.18069000000832602
0,default,29,0,15,15,True,0,15,0,0,0,0,0,30.0,417.24270684480484,287,1435.0,4485.640602672072,True,0,45.0,1,4,0.19381630000134464,0,0,0,0,40,7,3100428,53,8,8,15,25,263.0,6258.640602672072,0.21129069999733474
0,noclosure,29,0,15,15,True,0,15,0,0,0,0,0,30.0,417.24270684480484,287,1435.0,4485.640602672072,True,0,45.0,1,4,0.199508000005153,0,0,0,0,40,7,3100428,53,8,8,15,25,263.0,6258.640602672072,0.2167526999983238
0,step,0,0,15,15,True,0,15,0,0,0,0,0,30.0,406.8295463649312,287,1435.0,4325.443195473966,True,0,45.0,0,4,0.17781370000739116,0,0,17,10,50,7,3100428,56,8,8,15,25,267.0,6102.443195473968,0.19695620000129566
0,default,133,0,25,15,True,0,15,0,0,10,1,0,30.0,417.27862719807257,228,1140.0,4816.179407971089,True,0,75.0,0,4,0.46005850000074133,0,0,0,0,40,12,3100429,23,3,2,15,25,198.0,6259.179407971089,0.4782662000070559
0,noclosure,133,0,25,15,True,0,15,0,0,10,1,0,30.0,417.27862719807257,228,1140.0,4816.179407971089,True,0,75.0,0,4,0.43884210000396706,0,0,0,0,40,12,3100429,23,3,2,15,25,198.0,6259.179407971089,0.45749259999138303
0,step,87,0,56,15,True,0,15,0,0,41,1,0,30.0,422.344515440876,243,1215.0,4707.167731613123,True,0,168.0,0,4,0.41112239999347366,0,1,23,14,54,8,3100429,66,7,6,15,25,215.0,6335.16773161314,0.42848719999892637
0,default,70,0,19,13,True,0,13,0,0,6,1,0,26.0,476.1425827172516,294,1470.0,4370.8535753242695,True,0,57.0,1,4,0.3461389000003692,0,0,0,0,38,6,3100430,34,6,6,13,25,266.0,6189.853575324271,0.36409079999430105
0,noclosure,70,0,19,13,True,0,13,0,0,6,1,0,26.0,476.1425827172516,294,1470.0,4370.8535753242695,True,0,57.0,1,4,0.354619100005948,0,0,0,0,38,6,3100430,34,6,6,13,25,266.0,6189.853575324271,0.3717830000096001
0,step,49,0,13,13,True,0,13,0,0,0,0,0,26.0,452.3628616005283,289,1445.0,4109.717200806868,True,0,39.0,0,4,0.20595620000676718,0,0,18,11,49,7,3100430,46,6,6,13,25,261.0,5880.717200806867,0.2232936999935191
0,default,58,0,53,14,True,0,14,0,0,39,1,0,28.0,478.5406197507378,269,1345.0,4926.568676510329,True,0,159.0,1,4,0.35607950000849087,0,0,0,0,39,6,3100431,27,7,7,14,25,241.0,6699.568676510329,0.3741147999971872
0,noclosure,58,0,53,14,True,0,14,0,0,39,1,0,28.0,478.5406197507378,269,1345.0,4926.568676510329,True,0,159.0,1,4,0.36595479999959935,0,0,0,0,39,6,3100431,27,7,7,14,25,241.0,6699.568676510329,0.3847585000039544
0,step,8,0,67,14,True,0,14,0,0,53,2,0,28.0,482.4023801443201,262,1310.0,4975.633322020486,True,0,201.0,1,4,0.45644979999633506,0,2,12,6,45,4,3100431,51,9,8,14,25,239.0,6753.6333220204815,0.47333969999453984
0,default,111,0,14,11,True,0,11,0,0,3,1,0,22.0,602.999339887041,326,1630.0,4640.992738757451,True,0,42.0,0,4,0.33952229999704286,0,0,0,0,36,8,3100432,19,2,2,11,25,298.0,6632.992738757451,0.35704220000479836
0,noclosure,111,0,14,11,True,0,11,0,0,3,1,0,22.0,602.999339887041,326,1630.0,4640.992738757451,True,0,42.0,0,4,0.34499469998991117,0,0,0,0,36,8,3100432,19,2,2,11,25,298.0,6632.992738757451,0.3614147000043886
0,step,51,0,14,11,True,0,11,0,0,3,1,0,22.0,598.150376625755,324,1620.0,4594.654142883305,True,0,42.0,0,4,0.3039970999961952,0,1,16,9,45,6,3100432,19,4,4,11,25,301.0,6579.654142883305,0.32138080000004265
0,default,54,0,14,11,True,0,11,0,0,3,0,0,22.0,579.5132631946788,332,1660.0,4343.645895141466,True,0,42.0,0,4,0.1612372000090545,0,0,0,0,36,7,3100433,36,7,4,11,25,307.0,6374.645895141466,0.17840740000247024
0,noclosure,54,0,14,11,True,0,11,0,0,3,0,0,22.0,579.5132631946788,332,1660.0,4343.645895141466,True,0,42.0,0,4,0.15947049998794682,0,0,0,0,36,7,3100433,36,7,4,11,25,307.0,6374.645895141466,0.1765564999950584
0,step,38,0,16,11,True,0,11,0,0,5,0,0,22.0,577.5350414091649,333,1665.0,4308.885455500815,True,0,48.0,0,4,0.15452949999598786,0,0,16,10,46,6,3100433,47,10,5,11,25,309.0,6352.885455500815,0.17091410000284668
0,default,51,0,12,12,True,0,12,0,0,0,0,0,24.0,553.3536349782403,327,1635.0,4645.243619738882,True,0,36.0,2,4,0.1826299999956973,0,0,0,0,37,9,3100434,27,3,3,12,25,300.0,6640.243619738883,0.19878419999440666
0,noclosure,51,0,12,12,True,0,12,0,0,0,0,0,24.0,553.3536349782403,327,1635.0,4645.243619738882,True,0,36.0,2,4,0.1834071000048425,0,0,0,0,37,9,3100434,27,3,3,12,25,300.0,6640.243619738883,0.20035259998985566
0,step,14,0,12,12,True,0,12,0,0,0,0,0,24.0,552.4274939847575,325,1625.0,4642.129927817087,True,0,36.0,0,4,0.1441513999889139,0,0,14,8,43,6,3100434,27,6,6,12,25,302.0,6629.129927817089,0.16159989999141544
0,default,28,0,12,12,True,0,12,0,0,0,0,0,24.0,495.50245097646126,282,1410.0,4217.029411717536,True,0,36.0,0,4,0.14308030001120642,0,0,0,0,37,5,3100435,64,7,7,12,25,259.0,5946.029411717535,0.15944069999386556
0,noclosure,28,0,12,12,True,0,12,0,0,0,0,0,24.0,495.50245097646126,282,1410.0,4217.029411717536,True,0,36.0,0,4,0.14524169999640435,0,0,0,0,37,5,3100435,64,7,7,12,25,259.0,5946.029411717535,0.16154529999766964
0,step,14,0,13,12,True,0,12,0,0,1,0,0,24.0,495.4270454354884,282,1410.0,4213.124545225862,True,0,39.0,0,4,0.14140860000043176,0,0,12,7,44,5,3100435,64,8,7,12,25,259.0,5945.124545225861,0.15818299999227747
0,default,78,0,19,16,True,4,16,1,0,3,0,0,32.0,366.3881661985441,216,1080.0,4502.210659176704,True,0,57.0,2,4,0.2461654000071576,0,0,0,0,37,13,3100436,37,6,3,16,21,191.0,5862.210659176706,0.26308449999487493
0,noclosure,78,0,20,16,True,0,16,0,0,4,0,0,32.0,383.2813686442454,229,1145.0,4693.501898307924,True,0,60.0,2,4,0.24810759999672882,0,0,0,0,40,13,3100436,43,7,3,16,24,202.0,6132.501898307926,0.265147900005104
0,step,52,0,18,16,True,19,16,1,0,2,0,0,32.0,221.46835504621308,110,550.0,2809.4936807394097,True,0,54.0,0,4,0.18378070001199376,0,0,27,17,21,10,3100436,6,8,6,16,6,98.0,3543.4936807394092,0.20105980000516865
0,default,62,0,27,15,True,0,15,0,0,12,1,0,30.0,426.7512105858628,250,1250.0,4821.268158787939,True,0,81.0,2,4,0.35605640000721905,0,0,0,0,40,8,3100437,43,6,6,15,25,219.0,6401.2681587879415,0.3739391999988584
0,noclosure,62,0,27,15,True,0,15,0,0,12,1,0,30.0,426.7512105858628,250,1250.0,4821.268158787939,True,0,81.0,2,4,0.3531072000041604,0,0,0,0,40,8,3100437,43,6,6,15,25,219.0,6401.2681587879415,0.36983840000175405
0,step,55,0,27,15,True,0,15,0,0,12,1,0,30.0,427.6189492586448,296,1480.0,4555.2842388796735,True,0,81.0,0,4,0.35183759999927133,0,1,19,12,52,6,3100437,48,8,8,15,25,268.0,6414.284238879673,0.36844779999228194
0,default,30,0,18,12,True,0,12,0,0,6,1,0,24.0,557.1417238144076,312,1560.0,4760.700685772892,True,0,54.0,1,4,0.3050345999945421,0,0,0,0,37,8,3100438,25,3,3,12,25,287.0,6685.700685772891,0.3225269999966258
0,noclosure,30,0,18,12,True,0,12,0,0,6,1,0,24.0,557.1417238144076,312,1560.0,4760.700685772892,True,0,54.0,1,4,0.3004926000139676,0,0,0,0,37,8,3100438,25,3,3,12,25,287.0,6685.700685772891,0.31829450000077486
0,step,40,0,13,12,True,0,12,0,0,1,0,0,24.0,540.9929162186522,320,1600.0,4536.914994623828,True,0,39.0,0,4,0.16445409999869298,0,0,12,8,45,4,3100438,45,9,8,12,25,292.0,6491.914994623827,0.1812632999935886
0,default,91,0,15,12,True,0,12,0,0,3,1,0,24.0,557.3600346846976,349,1745.0,4553.32041621637,True,0,45.0,0,4,0.3419309000018984,0,0,0,0,37,6,3100439,33,5,5,12,25,321.0,6688.32041621637,0.35894449999614153
0,noclosure,91,0,15,12,True,0,12,0,0,3,1,0,24.0,557.3600346846976,349,1745.0,4553.32041621637,True,0,45.0,0,4,0.35371480000321753,0,0,0,0,37,6,3100439,33,5,5,12,25,321.0,6688.32041621637,0.37032709999766666
0,step,50,0,20,12,True,0,12,0,0,8,2,0,24.0,574.065992039165,330,1650.0,4850.791904469978,True,0,60.0,0,4,0.47127500000351574,0,2,18,10,47,6,3100439,21,5,4,12,25,304.0,6888.79190446998,0.4879627999907825
0,default,60,0,37,12,True,0,12,0,0,25,2,0,24.0,593.9275653209554,322,1610.0,5085.130783851465,True,0,111.0,2,4,0.4988030999957118,0,0,0,0,37,8,3100440,14,2,2,12,25,297.0,7127.130783851465,0.5155326000094647
0,noclosure,60,0,37,12,True,0,12,0,0,25,2,0,24.0,593.9275653209554,322,1610.0,5085.130783851465,True,0,111.0,2,4,0.5061846999888076,0,0,0,0,37,8,3100440,14,2,2,12,25,297.0,7127.130783851465,0.5233005000045523
0,step,69,0,38,12,True,0,12,0,0,26,3,0,24.0,595.9565452476206,328,1640.0,5069.478542971449,True,0,114.0,0,4,0.5551184999931138,0,3,18,10,47,5,3100440,34,4,4,12,25,304.0,7151.4785429714475,0.571928499994101
0,default,125,0,20,16,True,2,16,1,0,4,0,0,32.0,375.3021481251523,254,1270.0,4413.83437000244,True,0,60.0,1,4,0.2892561000044225,0,0,0,0,39,12,3100441,56,8,4,16,23,229.0,6004.834370002437,0.3062649000057718
0,noclosure,128,0,20,16,True,0,16,0,0,4,0,0,32.0,382.77723499414054,260,1300.0,4500.435759906251,True,0,60.0,1,4,0.3007917999930214,0,0,0,0,40,12,3100441,56,8,4,16,24,232.0,6124.435759906249,0.3179783999948995
0,step,68,0,19,16,True,2,16,1,0,3,0,0,32.0,358.3537926915936,250,1250.0,4166.660683065499,True,0,57.0,0,4,0.24446400000306312,0,0,28,17,52,11,3100441,56,8,5,16,23,228.0,5733.660683065497,0.26341290000709705
0,default,49,0,45,15,True,0,15,0,0,30,2,0,30.0,421.69867444710655,254,1270.0,4665.480116706593,True,0,135.0,1,4,0.44879790001141373,0,0,0,0,40,5,3100442,39,8,8,15,25,225.0,6325.480116706598,0.4673744000028819
0,noclosure,49,0,45,15,True,0,15,0,0,30,2,0,30.0,421.69867444710655,254,1270.0,4665.480116706593,True,0,135.0,1,4,0.44939000000886153,0,0,0,0,40,5,3100442,39,8,8,15,25,225.0,6325.480116706598,0.4653279000049224
0,step,28,0,45,15,True,0,15,0,0,30,1,0,30.0,439.07831280647486,262,1310.0,4875.174692097117,True,0,135.0,0,4,0.3057656000019051,0,1,12,8,47,3,3100442,68,11,11,15,25,236.0,6586.174692097123,0.3233158000075491
0,default,52,0,16,14,True,0,14,0,0,2,0,0,28.0,414.6593645891982,275,1375.0,4104.231104248775,True,0,48.0,1,4,0.17644779999682214,0,0,0,0,39,7,3100443,60,9,7,14,25,250.0,5805.231104248775,0.19321159999526571
0,noclosure,52,0,16,14,True,0,14,0,0,2,0,0,28.0,414.6593645891982,275,1375.0,4104.231104248775,True,0,48.0,1,4,0.17781719999038614,0,0,0,0,39,7,3100443,60,9,7,14,25,250.0,5805.231104248775,0.19541830000525806
0,step,29,0,17,14,True,0,14,0,0,3,0,0,28.0,416.722502006422,292,1460.0,4024.11502808991,True,0,51.0,0,4,0.17910169999231584,0,0,18,10,49,8,3100443,38,9,6,14,25,271.0,5834.115028089908,0.19583699999202508
0,default,79,0,17,14,True,0,14,0,0,3,1,0,28.0,438.8668788020844,265,1325.0,4507.136303229181,True,0,51.0,2,4,0.3839291000040248,0,0,0,0,39,10,3100444,33,4,3,14,25,233.0,6144.136303229181,0.40094519998820033
0,noclosure,79,0,17,14,True,0,14,0,0,3,1,0,28.0,438.8668788020844,265,1325.0,4507.136303229181,True,0,51.0,2,4,0.3863448000047356,0,0,0,0,39,10,3100444,33,4,3,14,25,233.0,6144.136303229181,0.4021969000023091
0,step,51,0,19,14,True,0,14,0,0,5,1,0,28.0,444.48599566292216,266,1330.0,4574.803939280911,True,0,57.0,0,4,0.35947930000838824,0,1,19,11,50,7,3100444,33,9,6,14,25,233.0,6222.8039392809105,0.3765101000026334
0,default,78,0,11,10,True,0,10,0,0,1,0,0,20.0,655.969433788828,344,1720.0,4468.6943378882825,True,0,33.0,0,4,0.1794623000023421,0,0,0,0,35,6,3100445,44,5,4,10,25,318.0,6559.694337888281,0.19652869999117684
0,noclosure,78,0,11,10,True,0,10,0,0,1,0,0,20.0,655.969433788828,344,1720.0,4468.6943378882825,True,0,33.0,0,4,0.1707594000035897,0,0,0,0,35,6,3100445,44,5,4,10,25,318.0,6559.694337888281,0.18820299999788404
0,step,0,0,10,10,True,0,10,0,0,0,0,0,20.0,621.2273004921086,333,1665.0,4187.273004921087,True,0,30.0,0,4,0.1255152000085218,0,0,11,6,41,5,3100445,12,5,5,10,25,310.0,6212.273004921086,0.14269920000515413
0,default,99,0,13,13,True,0,13,0,0,0,0,0,26.0,474.6205456488155,280,1400.0,4452.067093434603,True,0,39.0,1,4,0.25166039999749046,0,0,0,0,38,8,3100446,49,5,5,13,25,253.0,6170.067093434602,0.27029509999556467
0,noclosure,99,0,13,13,True,0,13,0,0,0,0,0,26.0,474.6205456488155,280,1400.0,4452.067093434603,True,0,39.0,1,4,0.24277749999600928,0,0,0,0,38,8,3100446,49,5,5,13,25,253.0,6170.067093434602,0.25943130000086967
0,step,28,0,14,13,True,0,13,0,0,1,0,0,26.0,475.5598004801914,274,1370.0,4494.27740624249,True,0,42.0,0,4,0.1868935000093188,0,0,19,13,51,6,3100446,65,8,7,13,25,250.0,6182.277406242489,0.20398540000314824
0,default,0,0,11,10,True,0,10,0,0,1,0,0,20.0,637.3409520564198,344,1720.0,4279.409520564197,True,0,33.0,0,4,0.10185379999165889,0,0,0,0,35,4,3100447,39,7,6,10,25,321.0,6373.409520564199,0.11873889999696985
0,noclosure,0,0,11,10,True,0,10,0,0,1,0,0,20.0,637.3409520564198,344,1720.0,4279.409520564197,True,0,33.0,0,4,0.10784260000218637,0,0,0,0,35,4,3100447,39,7,6,10,25,321.0,6373.409520564199,0.12680060000275262
0,step,0,0,11,10,True,0,10,0,0,1,0,0,20.0,637.3409520564198,344,1720.0,4279.409520564197,True,0,33.0,0,4,0.11164849999477156,0,0,8,4,39,4,3100447,39,7,6,10,25,321.0,6373.409520564199,0.12887170001340564
0,default,31,0,43,12,True,0,12,0,0,31,3,0,24.0,571.1051327163998,316,1580.0,4831.2615925967975,True,0,129.0,1,4,0.5023553999926662,0,0,0,0,37,5,3100448,51,4,4,12,25,289.0,6853.2615925967975,0.5192639000015333
0,noclosure,31,0,43,12,True,0,12,0,0,31,3,0,24.0,571.1051327163998,316,1580.0,4831.2615925967975,True,0,129.0,1,4,0.49388080000062473,0,0,0,0,37,5,3100448,51,4,4,12,25,289.0,6853.2615925967975,0.5104246999981115
0,step,11,0,34,12,True,0,12,0,0,22,2,0,24.0,553.4232424037872,315,1575.0,4651.078908845447,True,0,102.0,0,4,0.3354111999942688,0,2,12,6,43,4,3100448,51,7,6,12,25,289.0,6641.078908845447,0.35322989999258425
0,default,28,0,22,10,True,0,10,0,0,12,1,0,20.0,667.1130779179255,332,1660.0,4620.130779179256,True,0,66.0,0,4,0.25916119999601506,0,0,0,0,35,6,3100449,35,3,3,10,25,305.0,6671.130779179254,0.2813966999965487
0,noclosure,28,0,22,10,True,0,10,0,0,12,1,0,20.0,667.1130779179255,332,1660.0,4620.130779179256,True,0,66.0,0,4,0.2555724999983795,0,0,0,0,35,6,3100449,35,3,3,10,25,305.0,6671.130779179254,0.27246379999269266
0,step,15,0,12,10,True,0,10,0,0,2,0,0,20.0,644.11852316084,367,1835.0,4210.1852316084005,True,0,36.0,1,4,0.12534869999217335,0,0,12,6,41,6,3100449,19,6,4,10,25,340.0,6441.1852316084005,0.1419471999979578
0,default,101,0,15,14,True,0,14,0,0,1,0,0,28.0,448.3560270250171,287,1435.0,4509.984378350239,True,0,45.0,1,4,0.243887700009509,0,0,0,0,39,10,3100450,41,5,4,14,25,259.0,6276.984378350239,0.2605351999955019
0,noclosure,101,0,15,14,True,0,14,0,0,1,0,0,28.0,448.3560270250171,287,1435.0,4509.984378350239,True,0,45.0,1,4,0.2452824999927543,0,0,0,0,39,10,3100450,41,5,4,14,25,259.0,6276.984378350239,0.2620327000040561
0,step,50,0,16,14,True,0,14,0,0,2,0,0,28.0,432.9226409774682,295,1475.0,4234.916973684554,True,0,48.0,0,4,0.19948690000455827,0,0,18,12,51,6,3100450,35,10,8,14,25,275.0,6060.916973684554,0.21571059999405406
0,default,40,0,10,10,True,0,10,0,0,0,0,0,20.0,602.116231994324,311,1555.0,4127.162319943241,True,0,30.0,2,4,0.16538179999042768,0,0,0,0,35,5,3100451,14,5,5,10,25,289.0,6021.162319943241,0.18200570000044536
0,noclosure,40,0,10,10,True,0,10,0,0,0,0,0,20.0,602.116231994324,311,1555.0,4127.162319943241,True,0,30.0,2,4,0.16220410000823904,0,0,0,0,35,5,3100451,14,5,5,10,25,289.0,6021.162319943241,0.17902999999932945
0,step,40,0,10,10,True,0,10,0,0,0,0,0,20.0,603.7505089220135,313,1565.0,4129.505089220135,True,0,30.0,2,4,0.17748070000379812,0,0,14,8,43,6,3100451,14,4,4,10,25,293.0,6037.505089220135,0.1945836000086274
0,default,69,0,13,12,True,0,12,0,0,1,0,0,24.0,539.1101422585328,334,1670.0,4434.321707102394,True,0,39.0,1,4,0.1847838999965461,0,0,0,0,37,8,3100452,37,5,4,12,25,302.0,6469.321707102394,0.20110720000229776
0,noclosure,69,0,13,12,True,0,12,0,0,1,0,0,24.0,539.1101422585328,334,1670.0,4434.321707102394,True,0,39.0,1,4,0.18186120000609662,0,0,0,0,37,8,3100452,37,5,4,12,25,302.0,6469.321707102394,0.198186200010241
0,step,51,0,14,12,True,0,12,0,0,2,0,0,24.0,502.53904649638474,287,1435.0,4266.468557956617,True,0,42.0,0,4,0.17046550000668503,0,0,10,7,44,3,3100452,45,11,9,12,25,263.0,6030.468557956617,0.18756619999476243
0,default,39,0,16,15,True,0,15,0,0,1,0,0,30.0,405.44287961572167,243,1215.0,4565.643194235825,True,0,48.0,0,4,0.18781590000435244,0,0,0,0,40,7,3100453,82,9,8,15,25,223.0,6081.643194235825,0.20496339999954216
0,noclosure,39,0,16,15,True,0,15,0,0,1,0,0,30.0,405.44287961572167,243,1215.0,4565.643194235825,True,0,48.0,0,4,0.18643870000960305,0,0,0,0,40,7,3100453,82,9,8,15,25,223.0,6081.643194235825,0.20297179999761283
0,step,15,0,28,15,True,0,15,0,0,13,1,0,30.0,395.4767966032333,240,1200.0,4400.151949048499,True,0,84.0,0,4,0.3695428000064567,0,1,22,13,53,8,3100453,61,8,6,15,25,218.0,5932.1519490485,0.3869200999906752
0,default,49,0,32,14,True,0,14,0,0,18,1,0,28.0,471.48302991239245,304,1520.0,4679.762418773488,True,0,96.0,0,4,0.3072911000053864,0,0,0,0,39,8,3100454,68,6,5,14,25,277.0,6600.762418773495,0.3249197999975877
0,noclosure,49,0,32,14,True,0,14,0,0,18,1,0,28.0,471.48302991239245,304,1520.0,4679.762418773488,True,0,96.0,0,4,0.34316089999629185,0,0,0,0,39,8,3100454,68,6,5,14,25,277.0,6600.762418773495,0.36519970001245383
0,step,37,0,32,14,True,0,14,0,0,18,1,0,28.0,461.4121200386432,297,1485.0,4581.769680541001,True,0,96.0,0,4,0.30938820001028944,0,1,13,6,45,6,3100454,66,8,7,14,25,269.0,6459.769680541005,0.32617329999629874
0,default,64,0,16,14,True,0,14,0,0,2,0,0,28.0,479.4564000069827,351,1755.0,4556.389600097758,True,0,48.0,0,4,0.17989359999774024,0,0,0,0,39,7,3100455,48,9,7,14,25,325.0,6712.3896000977575,0.19753320000017993
0,noclosure,64,0,16,14,True,0,14,0,0,2,0,0,28.0,479.4564000069827,351,1755.0,4556.389600097758,True,0,48.0,0,4,0.18132699999841861,0,0,0,0,39,7,3100455,48,9,7,14,25,325.0,6712.3896000977575,0.1975772000005236
0,step,26,0,17,14,True,0,14,0,0,3,0,0,28.0,475.10721326278474,350,1750.0,4497.5009856789875,True,0,51.0,0,4,0.15558120000059716,0,0,16,9,47,7,3100455,48,10,7,14,25,325.0,6651.500985678987,0.17256939999060705
0,default,58,0,26,15,True,0,15,0,0,11,1,0,30.0,434.0207615914477,263,1315.0,4848.311423871714,True,0,78.0,1,4,0.33631539999623783,0,0,0,0,40,5,3100456,113,10,9,15,25,239.0,6510.311423871715,0.35262029999285005
0,noclosure,58,0,26,15,True,0,15,0,0,11,1,0,30.0,434.0207615914477,263,1315.0,4848.311423871714,True,0,78.0,1,4,0.3352327000029618,0,0,0,0,40,5,3100456,113,10,9,15,25,239.0,6510.311423871715,0.35200179999810643
0,step,42,0,26,15,True,0,15,0,0,11,1,0,30.0,433.06991567841294,261,1305.0,4844.048735176192,True,0,78.0,0,4,0.3182150000066031,0,1,10,6,44,3,3100456,113,12,11,15,25,239.0,6496.048735176194,0.33645469999464694
0,default,14,0,14,12,True,0,12,0,0,2,0,0,24.0,484.3123019225552,272,1360.0,4133.747623070662,True,0,42.0,0,4,0.14723460000823252,0,0,0,0,37,7,3100457,82,7,5,12,25,252.0,5811.7476230706625,0.16388089999963995
0,noclosure,14,0,14,12,True,0,12,0,0,2,0,0,24.0,484.3123019225552,272,1360.0,4133.747623070662,True,0,42.0,0,4,0.14684060000581667,0,0,0,0,37,7,3100457,82,7,5,12,25,252.0,5811.7476230706625,0.1633265999989817
0,step,0,0,14,12,True,0,12,0,0,2,0,0,24.0,483.72298942610587,271,1355.0,4131.6758731132695,True,0,42.0,0,4,0.14078560000052676,0,0,13,7,41,6,3100457,82,8,6,12,25,252.0,5804.67587311327,0.15780299999460112
0,default,20,0,13,12,True,0,12,0,0,1,0,0,24.0,503.1960671838126,283,1415.0,4302.352806205752,True,0,39.0,2,4,0.15891630000260193,0,0,0,0,37,9,3100458,33,4,3,12,25,258.0,6038.352806205751,0.1761533000099007
0,noclosure,20,0,13,12,True,0,12,0,0,1,0,0,24.0,503.1960671838126,283,1415.0,4302.352806205752,True,0,39.0,2,4,0.15658429999893997,0,0,0,0,37,9,3100458,33,4,3,12,25,258.0,6038.352806205751,0.17360809999809135
0,step,17,0,13,12,True,0,12,0,0,1,0,0,24.0,500.16043792832335,304,1520.0,4135.92525513988,True,0,39.0,1,4,0.16822580000734888,0,0,17,9,46,8,3100458,48,5,4,12,25,283.0,6001.92525513988,0.18608270000549965
0,default,50,0,11,10,True,0,10,0,0,1,0,0,20.0,706.9971032074702,346,1730.0,4972.971032074702,True,0,33.0,2,4,0.17361450000316836,0,0,0,0,35,7,3100459,81,4,3,10,25,314.0,7069.971032074703,0.18989789999614004
0,noclosure,50,0,11,10,True,0,10,0,0,1,0,0,20.0,706.9971032074702,346,1730.0,4972.971032074702,True,0,33.0,2,4,0.17191569998976775,0,0,0,0,35,7,3100459,81,4,3,10,25,314.0,7069.971032074703,0.18883729999652132
0,step,17,0,11,10,True,0,10,0,0,1,0,0,20.0,625.7782817902441,339,1695.0,4191.782817902443,True,0,33.0,1,4,0.1396143000019947,0,0,8,4,39,4,3100459,57,7,6,10,25,318.0,6257.782817902442,0.1569796999974642
0,default,7,0,10,10,True,0,10,0,0,0,0,0,20.0,595.9445965598886,306,1530.0,4097.445965598886,True,0,30.0,1,4,0.1266551000007894,0,0,0,0,35,5,3100460,39,5,5,10,25,282.0,5959.445965598886,0.14388119999784976
0,noclosure,7,0,10,10,True,0,10,0,0,0,0,0,20.0,595.9445965598886,306,1530.0,4097.445965598886,True,0,30.0,1,4,0.12893969999277033,0,0,0,0,35,5,3100460,39,5,5,10,25,282.0,5959.445965598886,0.14675729999726173
0,step,0,0,10,10,True,0,10,0,0,0,0,0,20.0,595.3494904971385,305,1525.0,4096.494904971385,True,0,30.0,0,4,0.10594080000009853,0,0,7,3,38,4,3100460,39,6,6,10,25,282.0,5953.494904971385,0.12267130000691395
0,default,58,0,13,12,True,0,12,0,0,1,0,0,24.0,540.2072270539527,312,1560.0,4570.486724647432,True,0,39.0,1,4,0.1797084999998333,0,0,0,0,37,7,3100461,42,6,5,12,25,289.0,6482.486724647432,0.197497300003306
0,noclosure,58,0,13,12,True,0,12,0,0,1,0,0,24.0,540.2072270539527,312,1560.0,4570.486724647432,True,0,39.0,1,4,0.17578170000342652,0,0,0,0,37,7,3100461,42,6,5,12,25,289.0,6482.486724647432,0.19200560000899713
0,step,24,0,12,12,True,0,12,0,0,0,0,0,24.0,501.0664747018621,293,1465.0,4219.797696422346,True,0,36.0,0,4,0.15547430000151508,0,0,11,7,44,4,3100461,77,8,8,12,25,268.0,6012.797696422345,0.17207349999807775
0,default,42,0,13,13,True,0,13,0,0,0,0,0,26.0,495.1137582540495,273,1365.0,4759.478857302642,True,0,39.0,1,4,0.16150699999707285,0,0,0,0,38,8,3100462,31,5,5,13,25,247.0,6436.4788573026435,0.1785978999978397
0,noclosure,42,0,13,13,True,0,13,0,0,0,0,0,26.0,495.1137582540495,273,1365.0,4759.478857302642,True,0,39.0,1,4,0.16056939998816233,0,0,0,0,38,8,3100462,31,5,5,13,25,247.0,6436.4788573026435,0.17675309999322053
0,step,27,0,15,13,True,0,13,0,0,2,0,0,26.0,452.0495020212228,275,1375.0,4178.643526275896,True,0,45.0,0,4,0.18748369999229908,0,0,15,9,47,6,3100462,122,9,7,13,25,252.0,5876.643526275896,0.20471660001203418
0,default,89,0,17,16,True,7,16,1,0,1,0,0,32.0,371.9665087070732,224,1120.0,4549.4641393131715,True,0,51.0,5,4,0.30088989999785554,0,0,0,0,34,10,3100463,78,7,6,16,18,199.0,5951.4641393131715,0.31828149998909794
0,noclosure,62,0,17,16,True,0,16,0,0,1,0,0,32.0,383.6992022996957,253,1265.0,4561.187236795131,True,0,51.0,4,4,0.2582070000062231,0,0,0,0,40,10,3100463,101,7,6,16,24,230.0,6139.187236795131,0.27543860000150744
0,step,14,0,28,16,True,7,16,1,0,12,1,0,32.0,321.03267362231793,189,945.0,3898.5227779570864,True,0,84.0,0,4,0.31932000000961125,0,1,12,7,31,4,3100463,97,11,11,16,18,177.0,5136.522777957087,0.33598309999797493
0,default,17,0,12,10,True,0,10,0,0,2,0,0,20.0,630.5801458094872,366,1830.0,4076.801458094871,True,0,36.0,1,4,0.12693339999532327,0,0,0,0,35,7,3100464,36,5,3,10,25,343.0,6305.801458094872,0.14316570000664797
0,noclosure,17,0,12,10,True,0,10,0,0,2,0,0,20.0,630.5801458094872,366,1830.0,4076.801458094871,True,0,36.0,1,4,0.12589030001254287,0,0,0,0,35,7,3100464,36,5,3,10,25,343.0,6305.801458094872,0.14224020000256132
0,step,17,0,12,10,True,0,10,0,0,2,0,0,20.0,630.5801458094872,366,1830.0,4076.801458094871,True,0,36.0,1,4,0.13145559999975376,0,0,12,5,40,7,3100464,36,5,3,10,25,343.0,6305.801458094872,0.14805580000393093
0,default,56,0,12,12,True,0,12,0,0,0,0,0,24.0,511.39644051249775,340,1700.0,4060.757286149973,True,0,36.0,1,4,0.16521980000834446,0,0,0,0,37,7,3100465,38,5,5,12,25,316.0,6136.757286149973,0.18184350000228733
0,noclosure,56,0,12,12,True,0,12,0,0,0,0,0,24.0,511.39644051249775,340,1700.0,4060.757286149973,True,0,36.0,1,4,0.16545119999500457,0,0,0,0,37,7,3100465,38,5,5,12,25,316.0,6136.757286149973,0.1819907999888528
0,step,51,0,13,12,True,0,12,0,0,1,0,0,24.0,513.2547830119864,340,1700.0,4080.057396143836,True,0,39.0,0,4,0.1596228999987943,0,0,13,8,45,5,3100465,38,8,7,12,25,316.0,6159.057396143837,0.1765773000079207
0,default,25,0,16,11,True,0,11,0,0,5,1,0,22.0,548.9363459360457,319,1595.0,4078.2998052965027,True,0,48.0,0,4,0.14424850000068545,0,0,0,0,36,5,3100466,48,7,5,11,25,295.0,6038.299805296502,0.16148599999723956
0,noclosure,25,0,16,11,True,0,11,0,0,5,1,0,22.0,548.9363459360457,319,1595.0,4078.2998052965027,True,0,48.0,0,4,0.14503749999857973,0,0,0,0,36,5,3100466,48,7,5,11,25,295.0,6038.299805296502,0.1617026000021724
0,step,14,0,46,11,True,0,11,0,0,35,2,0,22.0,593.4518484877059,339,1695.0,4356.970333364764,True,0,138.0,0,4,0.26609219999227207,0,2,12,6,42,4,3100466,22,7,5,11,25,316.0,6527.970333364765,0.2828872000100091
0,default,69,0,14,10,True,0,10,0,0,4,1,0,20.0,677.0458931231764,404,2020.0,4311.458931231765,True,0,42.0,2,4,0.30091879999963567,0,0,0,0,35,7,3100467,26,3,2,10,25,377.0,6770.458931231764,0.3174631000001682
0,noclosure,69,0,14,10,True,0,10,0,0,4,1,0,20.0,677.0458931231764,404,2020.0,4311.458931231765,True,0,42.0,2,4,0.30160289999912493,0,0,0,0,35,7,3100467,26,3,2,10,25,377.0,6770.458931231764,0.3197918999940157
0,step,53,0,14,10,True,0,10,0,0,4,1,0,20.0,675.6662122905736,402,2010.0,4307.662122905736,True,0,42.0,1,4,0.2756651999952737,0,1,10,4,39,5,3100467,26,5,4,10,25,377.0,6756.662122905736,0.29180810000980273
0,default,63,0,19,10,True,0,10,0,0,9,2,0,20.0,702.9954174862859,337,1685.0,4960.954174862859,True,0,57.0,3,4,0.47759660000156146,0,0,0,0,35,7,3100468,18,1,1,10,25,307.0,7029.954174862859,0.49392819999775384
0,noclosure,63,0,19,10,True,0,10,0,0,9,2,0,20.0,702.9954174862859,337,1685.0,4960.954174862859,True,0,57.0,3,4,0.4725438000023132,0,0,0,0,35,7,3100468,18,1,1,10,25,307.0,7029.954174862859,0.48895479999191593
0,step,34,0,19,10,True,0,10,0,0,9,2,0,20.0,702.4932855590043,336,1680.0,4958.932855590044,True,0,57.0,3,4,0.4622025999997277,0,2,19,11,46,6,3100468,20,2,2,10,25,309.0,7024.932855590044,0.4802013000007719
0,default,95,0,16,16,True,15,16,1,0,0,0,0,32.0,251.70777177885614,150,750.0,3062.324348461698,True,0,48.0,0,4,0.23700100000132807,0,0,0,0,26,10,3100469,34,6,6,16,10,135.0,4027.3243484616983,0.25362990000576247
0,noclosure,39,0,17,16,True,0,16,0,0,1,0,0,32.0,334.1517135694704,197,985.0,4100.427417111526,True,0,51.0,0,4,0.20521310000913218,0,0,0,0,38,8,3100469,66,9,8,16,22,178.0,5346.427417111527,0.22189929999876767
0,step,81,0,16,16,True,15,16,1,0,0,0,0,32.0,249.34615834639382,148,740.0,3034.538533542301,True,0,48.0,0,4,0.23413880000589415,0,0,23,14,27,9,3100469,34,7,7,16,10,135.0,3989.538533542301,0.2506949000089662
0,default,26,0,10,10,True,0,10,0,0,0,0,0,20.0,625.1990184630351,334,1670.0,4221.990184630351,True,0,30.0,0,4,0.11429759999737144,0,0,0,0,35,5,3100470,45,5,5,10,25,310.0,6251.990184630351,0.13139959999534767
0,noclosure,26,0,10,10,True,0,10,0,0,0,0,0,20.0,625.1990184630351,334,1670.0,4221.990184630351,True,0,30.0,0,4,0.11848780000582337,0,0,0,0,35,5,3100470,45,5,5,10,25,310.0,6251.990184630351,0.13570549999712966
0,step,26,0,10,10,True,0,10,0,0,0,0,0,20.0,621.5637500462594,336,1680.0,4175.637500462595,True,0,30.0,0,4,0.1281167999986792,0,0,10,6,41,4,3100470,45,6,6,10,25,310.0,6215.637500462594,0.1460079999960726
0,default,43,0,32,16,True,7,16,1,0,16,1,0,32.0,337.23144049823895,251,1255.0,3781.7030479718233,True,0,96.0,1,4,0.3393408999982057,0,0,0,0,34,7,3100471,49,9,8,16,18,231.0,5395.703047971823,0.356121400007396
0,noclosure,41,0,32,16,True,0,16,0,0,16,1,0,32.0,368.3541466070087,267,1335.0,4184.66634571214,True,0,96.0,0,4,0.3386807999922894,0,0,0,0,38,7,3100471,55,9,8,16,22,246.0,5893.666345712139,0.35611599999538157
0,step,15,0,32,16,True,7,16,1,0,16,1,0,32.0,337.03558457967597,247,1235.0,3798.569353274817,True,0,96.0,0,4,0.2986402999958955,0,1,10,5,31,4,3100471,49,12,11,16,18,231.0,5392.5693532748155,0.31570030000875704
0,default,2,0,32,14,True,0,14,0,0,18,1,0,28.0,457.4827227632978,276,1380.0,4648.758118686172,True,0,96.0,1,4,0.27785289999155793,0,0,0,0,39,8,3100472,63,8,5,14,25,252.0,6404.758118686169,0.2949088000023039
0,noclosure,2,0,32,14,True,0,14,0,0,18,1,0,28.0,457.4827227632978,276,1380.0,4648.758118686172,True,0,96.0,1,4,0.27940650000527967,0,0,0,0,39,8,3100472,63,8,5,14,25,252.0,6404.758118686169,0.29590290000487585
0,step,0,0,32,14,True,0,14,0,0,18,1,0,28.0,457.12912295285236,275,1375.0,4648.807721339936,True,0,96.0,0,4,0.27222319999418687,0,1,14,6,45,7,3100472,63,9,6,14,25,252.0,6399.807721339933,0.28850920000695623
0,default,114,0,16,16,True,3,16,1,0,0,0,0,32.0,379.35352260611535,230,1150.0,4642.656361697844,True,0,48.0,3,4,0.2822457000002032,0,0,0,0,38,12,3100473,51,4,4,16,22,197.0,6069.656361697846,0.2984106000076281
0,noclosure,114,0,16,16,True,0,16,0,0,0,0,0,32.0,401.3287001092085,242,1210.0,4924.259201747335,True,0,48.0,3,4,0.2829511000018101,0,0,0,0,41,12,3100473,54,4,4,16,25,207.0,6421.259201747336,0.2992557000106899
0,step,81,0,17,16,True,5,16,1,0,1,0,0,32.0,369.5214232602858,233,1165.0,4454.342772164573,True,0,51.0,0,4,0.252346099994611,0,0,20,14,43,6,3100473,69,11,10,16,20,210.0,5912.342772164573,0.26889760000631213
0,default,56,0,21,16,True,5,16,1,0,5,1,0,32.0,333.87743287117985,216,1080.0,3973.0389259388785,True,0,63.0,1,4,0.3694897000095807,0,0,0,0,36,10,3100474,44,7,5,16,20,194.0,5342.038925938878,0.38598669999919366
0,noclosure,56,0,21,16,True,0,16,0,0,5,1,0,32.0,341.5583759809608,221,1105.0,4067.9340156953754,True,0,63.0,1,4,0.37029350000375416,0,0,0,0,37,10,3100474,44,7,5,16,21,197.0,5464.934015695373,0.3871962999983225
0,step,34,0,26,16,True,5,16,1,0,10,2,0,32.0,343.31538263739543,227,1135.0,4042.046122198328,True,0,78.0,0,4,0.41710339998826385,0,2,26,15,49,9,3100474,45,7,5,16,20,206.0,5493.046122198327,0.43396280000160914
0,default,51,0,15,14,True,0,14,0,0,1,0,0,28.0,416.5950949146172,263,1315.0,4208.331328804642,True,0,45.0,0,4,0.17001370000070892,0,0,0,0,39,6,3100475,65,9,8,14,25,236.0,5832.331328804641,0.1866957000020193
0,noclosure,51,0,15,14,True,0,14,0,0,1,0,0,28.0,416.5950949146172,263,1315.0,4208.331328804642,True,0,45.0,0,4,0.1726565999997547,0,0,0,0,39,6,3100475,65,9,8,14,25,236.0,5832.331328804641,0.19001510000089183
0,step,39,0,15,14,True,0,14,0,0,1,0,0,28.0,415.97625583531646,262,1310.0,4204.667581694432,True,0,45.0,0,4,0.17247170000337064,0,0,13,8,43,5,3100475,65,10,9,14,25,236.0,5823.667581694431,0.1892741999909049
0,default,48,0,16,14,True,0,14,0,0,2,0,0,28.0,430.1238065310727,288,1440.0,4246.733291435019,True,0,48.0,1,4,0.19831750000594184,0,0,0,0,39,10,3100476,39,6,4,14,25,259.0,6021.733291435018,0.2160513999988325
0,noclosure,48,0,16,14,True,0,14,0,0,2,0,0,28.0,430.1238065310727,288,1440.0,4246.733291435019,True,0,48.0,1,4,0.1944803999940632,0,0,0,0,39,10,3100476,39,6,4,14,25,259.0,6021.733291435018,0.21242769999662414
0,step,27,0,16,14,True,0,14,0,0,2,0,0,28.0,426.91277356538137,288,1440.0,4198.77882991534,True,0,48.0,0,4,0.17934000000241213,0,0,20,10,49,10,3100476,40,6,4,14,25,262.0,5976.778829915339,0.19603409999399446
0,default,53,0,21,11,True,0,11,0,0,10,2,0,22.0,592.8172555684831,330,1650.0,4484.989811253316,True,0,63.0,0,4,0.40853479999350384,0,0,0,0,36,6,3100477,6,3,3,11,25,301.0,6520.989811253314,0.42593870000564493
0,noclosure,53,0,21,11,True,0,11,0,0,10,2,0,22.0,592.8172555684831,330,1650.0,4484.989811253316,True,0,63.0,0,4,0.40466709999600425,0,0,0,0,36,6,3100477,6,3,3,11,25,301.0,6520.989811253314,0.4216642999963369
0,step,37,0,21,11,True,0,11,0,0,10,2,0,22.0,590.1201541072058,332,1660.0,4440.3216951792665,True,0,63.0,0,4,0.4089703999925405,0,2,17,9,45,6,3100477,7,3,3,11,25,306.0,6491.321695179265,0.42613429999619257
0,default,49,0,19,15,True,0,15,0,0,4,1,0,30.0,402.449241265803,270,1350.0,4353.738618987048,True,0,57.0,0,4,0.31368239999574143,0,0,0,0,40,7,3100478,51,8,7,15,25,246.0,6036.738618987045,0.3307920999941416
0,noclosure,49,0,19,15,True,0,15,0,0,4,1,0,30.0,402.449241265803,270,1350.0,4353.738618987048,True,0,57.0,0,4,0.3052489000110654,0,0,0,0,40,7,3100478,51,8,7,15,25,246.0,6036.738618987045,0.32200830000510905
0,step,37,0,19,15,True,0,15,0,0,4,1,0,30.0,401.74610080397304,269,1345.0,4348.191512059598,True,0,57.0,0,4,0.3004916000063531,0,1,15,8,48,6,3100478,51,9,8,15,25,246.0,6026.191512059596,0.3169808000093326
0,default,57,0,14,14,True,0,14,0,0,0,0,0,28.0,446.18451814865017,283,1415.0,4506.583254081104,True,0,42.0,0,4,0.19316450000042096,0,0,0,0,39,9,3100479,31,5,5,14,25,255.0,6246.5832540811025,0.21035049999773037
0,noclosure,57,0,14,14,True,0,14,0,0,0,0,0,28.0,446.18451814865017,283,1415.0,4506.583254081104,True,0,42.0,0,4,0.19156029999430757,0,0,0,0,39,9,3100479,31,5,5,14,25,255.0,6246.5832540811025,0.20913379998819437
0,step,0,0,15,14,True,0,14,0,0,1,0,0,28.0,438.9982317343219,283,1415.0,4401.9752442805075,True,0,45.0,0,4,0.14574100000027101,0,0,12,6,45,6,3100479,34,9,8,14,25,256.0,6145.975244280507,0.16210180000052787
0,default,25,0,10,10,True,0,10,0,0,0,0,0,20.0,642.0500343633092,356,1780.0,4259.500343633093,True,0,30.0,0,4,0.1311719999939669,0,0,0,0,35,6,3100480,26,4,4,10,25,331.0,6420.500343633093,0.14762719999998808
0,noclosure,25,0,10,10,True,0,10,0,0,0,0,0,20.0,642.0500343633092,356,1780.0,4259.500343633093,True,0,30.0,0,4,0.13056209999194834,0,0,0,0,35,6,3100480,26,4,4,10,25,331.0,6420.500343633093,0.14745410000614356
0,step,37,0,10,10,True,0,10,0,0,0,0,0,20.0,639.834692938064,357,1785.0,4230.34692938064,True,0,30.0,0,4,0.15245999999751803,0,0,15,9,44,6,3100480,26,4,4,10,25,333.0,6398.34692938064,0.1693121999996947
0,default,40,0,17,15,True,0,15,0,0,2,0,0,30.0,412.56734374100216,255,1275.0,4605.510156115031,True,0,51.0,0,4,0.1706964000040898,0,0,0,0,40,10,3100481,62,7,5,15,25,227.0,6188.510156115032,0.18693599999824073
0,noclosure,40,0,17,15,True,0,15,0,0,2,0,0,30.0,412.56734374100216,255,1275.0,4605.510156115031,True,0,51.0,0,4,0.17301020000013523,0,0,0,0,40,10,3100481,62,7,5,15,25,227.0,6188.510156115032,0.18999970000004396
0,step,24,0,35,15,True,0,15,0,0,20,1,0,30.0,422.2529646077758,233,1165.0,4824.7944691166385,True,0,105.0,0,4,0.3295413000014378,0,1,22,13,53,8,3100481,84,10,6,15,25,209.0,6333.794469116638,0.3461632999969879
0,default,92,0,25,12,True,0,12,0,0,13,1,0,24.0,560.8031749293222,347,1735.0,4575.638099151864,True,0,75.0,1,4,0.3626129000040237,0,0,0,0,37,7,3100482,11,4,4,12,25,320.0,6729.638099151866,0.3797798000014154
0,noclosure,92,0,25,12,True,0,12,0,0,13,1,0,24.0,560.8031749293222,347,1735.0,4575.638099151864,True,0,75.0,1,4,0.3635969000024488,0,0,0,0,37,7,3100482,11,4,4,12,25,320.0,6729.638099151866,0.37944160000188276
0,step,42,0,26,12,True,0,12,0,0,14,1,0,24.0,550.5165778168661,344,1720.0,4464.19893380239,True,0,78.0,0,4,0.30408279999392107,0,1,14,8,45,5,3100482,13,7,6,12,25,320.0,6606.198933802393,0.32066770001256373
0,default,74,0,14,13,True,0,13,0,0,1,0,0,26.0,490.7999711760134,293,1465.0,4580.3996252881725,True,0,42.0,0,4,0.17727729999751318,0,0,0,0,38,8,3100483,29,6,5,13,25,267.0,6380.399625288174,0.1940580999944359
0,noclosure,74,0,14,13,True,0,13,0,0,1,0,0,26.0,490.7999711760134,293,1465.0,4580.3996252881725,True,0,42.0,0,4,0.1715150999953039,0,0,0,0,38,8,3100483,29,6,5,13,25,267.0,6380.399625288174,0.18782049999572337
0,step,31,0,14,13,True,0,13,0,0,1,0,0,26.0,499.5617823563401,324,1620.0,4510.303170632422,True,0,42.0,1,4,0.18245419999584556,0,0,18,11,49,7,3100483,31,7,6,13,25,296.0,6494.303170632421,0.19901919999392703
0,default,27,0,20,11,True,0,11,0,0,9,1,0,22.0,617.5742616651538,331,1655.0,4752.316878316692,True,0,60.0,1,4,0.2535973999911221,0,0,0,0,36,5,3100484,27,5,5,11,25,304.0,6793.316878316692,0.27110309999261517
0,noclosure,27,0,20,11,True,0,11,0,0,9,1,0,22.0,617.5742616651538,331,1655.0,4752.316878316692,True,0,60.0,1,4,0.25228359999891836,0,0,0,0,36,5,3100484,27,5,5,11,25,304.0,6793.316878316692,0.2686751000001095
0,step,0,0,21,11,True,0,11,0,0,10,1,0,22.0,580.2193997901031,324,1620.0,4378.413397691139,True,0,63.0,0,4,0.22840789999463595,0,1,7,4,40,2,3100484,56,8,8,11,25,299.0,6382.413397691134,0.24498780000430997
0,default,27,0,13,10,True,0,10,0,0,3,1,0,20.0,623.5343907387336,318,1590.0,4291.343907387336,True,0,39.0,0,4,0.2708130999963032,0,0,0,0,35,5,3100485,29,4,4,10,25,295.0,6235.343907387336,0.286995599992224
0,noclosure,27,0,13,10,True,0,10,0,0,3,1,0,20.0,623.5343907387336,318,1590.0,4291.343907387336,True,0,39.0,0,4,0.2700267000036547,0,0,0,0,35,5,3100485,29,4,4,10,25,295.0,6235.343907387336,0.2870046000025468
0,step,0,0,13,10,True,0,10,0,0,3,1,0,20.0,613.684123096933,309,1545.0,4244.841230969329,True,0,39.0,0,4,0.25541129999328405,0,1,8,3,38,4,3100485,39,5,5,10,25,288.0,6136.84123096933,0.2721820000006119
0,default,48,0,17,16,True,6,16,1,0,1,0,0,32.0,366.2902323316737,249,1245.0,4305.643717306779,True,0,51.0,1,4,0.20278369999141432,0,0,0,0,35,10,3100486,95,7,6,16,19,227.0,5860.643717306779,0.21934119999059476
0,noclosure,61,0,17,16,True,0,16,0,0,1,0,0,32.0,381.99119820016057,274,1370.0,4410.859171202571,True,0,51.0,1,4,0.22152930000447668,0,0,0,0,41,9,3100486,119,8,7,16,25,248.0,6111.859171202569,0.23777750000590459
0,step,39,0,17,16,True,8,16,1,0,1,0,0,32.0,347.86783444394416,238,1190.0,4074.8853511031057,True,0,51.0,0,4,0.1906539000046905,0,0,21,13,32,8,3100486,82,9,8,16,17,218.0,5565.885351103107,0.20745760000136215
0,default,61,0,15,14,True,0,14,0,0,1,0,0,28.0,441.2179565273339,240,1200.0,4691.051391382673,True,0,45.0,2,4,0.20289780000166502,0,0,0,0,39,7,3100487,85,8,7,14,25,213.0,6177.051391382674,0.2193529999931343
0,noclosure,61,0,15,14,True,0,14,0,0,1,0,0,28.0,441.2179565273339,240,1200.0,4691.051391382673,True,0,45.0,2,4,0.2062854999967385,0,0,0,0,39,7,3100487,85,8,7,14,25,213.0,6177.051391382674,0.2227032000082545
0,step,44,0,15,14,True,0,14,0,0,1,0,0,28.0,439.32673178441974,237,1185.0,4679.574244981875,True,0,45.0,0,4,0.18742070000735112,0,0,11,7,45,4,3100487,85,11,10,14,25,213.0,6150.574244981876,0.20297919999575242
0,default,97,0,10,10,True,0,10,0,0,0,0,0,20.0,657.4826900151304,357,1785.0,4415.826900151304,True,0,30.0,1,4,0.20896129999891855,0,0,0,0,35,6,3100488,22,4,4,10,25,324.0,6574.8269001513045,0.22530310000001919
0,noclosure,97,0,10,10,True,0,10,0,0,0,0,0,20.0,657.4826900151304,357,1785.0,4415.826900151304,True,0,30.0,1,4,0.20237060000363272,0,0,0,0,35,6,3100488,22,4,4,10,25,324.0,6574.8269001513045,0.21871430000464898
0,step,39,0,10,10,True,0,10,0,0,0,0,0,20.0,636.44546023015,346,1730.0,4266.454602301499,True,0,30.0,0,4,0.15126369999779854,0,0,12,8,43,4,3100488,48,6,6,10,25,318.0,6364.4546023015,0.16757390000566375
0,default,48,0,12,12,True,0,12,0,0,0,0,0,24.0,552.3938712133727,317,1585.0,4695.72645456047,True,0,36.0,1,4,0.18641559999377932,0,0,0,0,37,8,3100489,26,4,4,12,25,288.0,6628.726454560472,0.2032452999992529
0,noclosure,48,0,12,12,True,0,12,0,0,0,0,0,24.0,552.3938712133727,317,1585.0,4695.72645456047,True,0,36.0,1,4,0.188309000004665,0,0,0,0,37,8,3100489,26,4,4,12,25,288.0,6628.726454560472,0.2046459999983199
0,step,37,0,12,12,True,0,12,0,0,0,0,0,24.0,547.5820150289057,312,1560.0,4665.984180346867,True,0,36.0,0,4,0.1613078999944264,0,0,18,11,48,7,3100489,40,5,5,12,25,285.0,6570.984180346869,0.17871940000623
0,default,28,0,13,11,True,0,11,0,0,2,0,0,22.0,551.2993040156883,325,1625.0,4075.2923441725684,True,0,39.0,0,4,0.13039320000098087,0,0,0,0,36,5,3100490,70,8,6,11,25,303.0,6064.292344172572,0.14660429999639746
0,noclosure,28,0,13,11,True,0,11,0,0,2,0,0,22.0,551.2993040156883,325,1625.0,4075.2923441725684,True,0,39.0,0,4,0.1335930999921402,0,0,0,0,36,5,3100490,70,8,6,11,25,303.0,6064.292344172572,0.15011840000806842
0,step,14,0,13,11,True,0,11,0,0,2,0,0,22.0,552.5546792756652,324,1620.0,4094.101472032315,True,0,39.0,0,4,0.1261547000030987,0,0,10,6,40,4,3100490,71,9,7,11,25,303.0,6078.101472032317,0.1429939999943599
0,default,64,0,14,14,True,0,14,0,0,0,0,0,28.0,455.1670682649143,280,1400.0,4657.338955708799,True,0,42.0,1,4,0.19097780001175124,0,0,0,0,39,9,3100491,59,5,5,14,25,245.0,6372.3389557088,0.20743499998934567
0,noclosure,64,0,14,14,True,0,14,0,0,0,0,0,28.0,455.1670682649143,280,1400.0,4657.338955708799,True,0,42.0,1,4,0.19319369998993352,0,0,0,0,39,9,3100491,59,5,5,14,25,245.0,6372.3389557088,0.2097215999965556
0,step,11,0,15,14,True,0,14,0,0,1,0,0,28.0,446.36774963164714,279,1395.0,4534.148494843061,True,0,45.0,0,4,0.15833439999551047,0,0,19,12,51,7,3100491,59,8,7,14,25,247.0,6249.14849484306,0.17524340000818484
0,default,39,0,15,12,True,0,12,0,0,3,0,0,24.0,574.1386680791404,325,1625.0,4895.664016949685,True,0,45.0,0,4,0.1410016000008909,0,0,0,0,37,9,3100492,57,6,3,12,25,300.0,6889.664016949685,0.1573808000102872
0,noclosure,39,0,15,12,True,0,12,0,0,3,0,0,24.0,574.1386680791404,325,1625.0,4895.664016949685,True,0,45.0,0,4,0.14577980000467505,0,0,0,0,37,9,3100492,57,6,3,12,25,300.0,6889.664016949685,0.16363999999884982
0,step,26,0,15,12,True,0,12,0,0,3,0,0,24.0,583.9527718485639,332,1660.0,4970.433262182765,True,0,45.0,0,4,0.1645970999961719,0,0,21,13,48,8,3100492,57,7,4,12,25,308.0,7007.433262182766,0.1818980000098236
0,default,81,0,26,14,True,0,14,0,0,12,1,0,28.0,462.6209699660293,311,1555.0,4530.693579524404,True,0,78.0,0,4,0.34130040000309236,0,0,0,0,39,7,3100493,58,6,6,14,25,285.0,6476.69357952441,0.3582503000070574
0,noclosure,81,0,26,14,True,0,14,0,0,12,1,0,28.0,462.6209699660293,311,1555.0,4530.693579524404,True,0,78.0,0,4,0.3362718999997014,0,0,0,0,39,7,3100493,58,6,6,14,25,285.0,6476.69357952441,0.35268619999988005
0,step,39,0,26,14,True,0,14,0,0,12,1,0,28.0,447.99649713639826,307,1535.0,4348.950959909569,True,0,78.0,0,4,0.3026287999964552,0,1,13,8,47,4,3100493,82,9,9,14,25,282.0,6271.950959909575,0.3192196000018157
0,default,24,0,56,14,True,0,14,0,0,42,1,0,28.0,491.2232228749548,332,1660.0,4710.125120249348,True,0,168.0,0,4,0.2959783999976935,0,0,0,0,39,7,3100494,24,8,6,14,25,311.0,6877.125120249367,0.31239750000531785
0,noclosure,24,0,56,14,True,0,14,0,0,42,1,0,28.0,491.2232228749548,332,1660.0,4710.125120249348,True,0,168.0,0,4,0.2943964000005508,0,0,0,0,39,7,3100494,24,8,6,14,25,311.0,6877.125120249367,0.31255760000203736
0,step,24,0,56,14,True,0,14,0,0,42,1,0,28.0,493.2101996079838,332,1660.0,4737.942794511756,True,0,168.0,0,4,0.3097210999985691,0,1,16,8,47,7,3100494,26,8,6,14,25,311.0,6904.942794511773,0.32625739999639336
0,default,39,0,58,16,True,5,16,1,0,42,1,0,32.0,392.40318990713206,206,1030.0,4865.451038514112,True,0,174.0,0,4,0.3370082000037655,0,0,0,0,36,8,3100495,59,8,7,16,20,177.0,6278.451038514113,0.35378489999857266
0,noclosure,12,0,58,16,True,0,16,0,0,42,1,0,32.0,412.44370952643817,217,1085.0,5121.09935242301,True,0,174.0,0,4,0.31148730000131764,0,0,0,0,39,8,3100495,63,8,7,16,23,187.0,6599.099352423011,0.32791990000987425
0,step,43,0,58,16,True,1,16,1,0,42,1,0,32.0,386.0676774660027,263,1315.0,4415.082839456042,True,0,174.0,0,4,0.35829350000130944,0,1,17,10,45,6,3100495,97,9,9,16,24,241.0,6177.082839456043,0.3751295999973081
0,default,79,0,16,15,True,0,15,0,0,1,0,0,30.0,406.08348310399197,269,1345.0,4420.2522465598795,True,0,48.0,0,4,0.1992296999960672,0,0,0,0,40,8,3100496,53,8,7,15,25,248.0,6091.2522465598795,0.21543690000544302
0,noclosure,79,0,16,15,True,0,15,0,0,1,0,0,30.0,406.08348310399197,269,1345.0,4420.2522465598795,True,0,48.0,0,4,0.19846010000037495,0,0,0,0,40,8,3100496,53,8,7,15,25,248.0,6091.2522465598795,0.21512530000472907
0,step,52,0,17,15,True,0,15,0,0,2,0,0,30.0,405.7799156356175,268,1340.0,4417.698734534261,True,0,51.0,0,4,0.17864600000029895,0,0,14,7,47,7,3100496,53,10,8,15,25,248.0,6086.698734534262,0.19555590000527445
0,default,53,0,18,16,True,3,16,1,0,2,0,0,32.0,360.26488814909146,242,1210.0,4254.238210385462,True,0,54.0,0,4,0.2031177999888314,0,0,0,0,38,8,3100497,80,10,8,16,22,214.0,5764.238210385463,0.2197840000008
0,noclosure,27,0,18,16,True,0,16,0,0,2,0,0,32.0,367.04206698704036,248,1240.0,4324.673071792645,True,0,54.0,0,4,0.18160070000158157,0,0,0,0,40,7,3100497,82,11,9,16,24,222.0,5872.673071792646,0.19906749999790918
0,step,13,0,18,16,True,7,16,1,0,2,0,0,32.0,336.5332400575832,206,1030.0,4081.5318409213314,True,0,54.0,0,4,0.15821069999947213,0,0,15,8,29,7,3100497,107,11,9,16,18,187.0,5384.531840921331,0.1755018999974709
0,default,66,0,17,15,True,0,15,0,0,2,0,0,30.0,437.1650258229508,238,1190.0,5076.475387344262,True,0,51.0,0,4,0.2050460999889765,0,0,0,0,40,9,3100498,78,8,6,15,25,210.0,6557.475387344261,0.22104879999824334
0,noclosure,66,0,17,15,True,0,15,0,0,2,0,0,30.0,437.1650258229508,238,1190.0,5076.475387344262,True,0,51.0,0,4,0.20551420000265352,0,0,0,0,40,9,3100498,78,8,6,15,25,210.0,6557.475387344261,0.22178720000374597
0,step,25,0,18,15,True,0,15,0,0,3,0,0,30.0,399.43260553886097,222,1110.0,4599.489083082914,True,0,54.0,0,4,0.2048584000003757,0,0,18,11,51,7,3100498,96,11,8,15,25,198.0,5991.4890830829145,0.22124790000088979
0,default,144,0,31,16,True,7,16,1,0,15,3,0,32.0,357.63829241070584,224,1120.0,4285.2126785712935,True,0,93.0,0,4,0.568134100001771,0,0,0,0,34,11,3100499,71,4,2,16,18,192.0,5722.2126785712935,0.5849320999986958
0,noclosure,117,0,29,16,True,0,16,0,0,13,3,0,32.0,404.4045218981254,257,1285.0,4843.472350370007,True,0,87.0,0,4,0.5451721000135876,0,0,0,0,40,10,3100499,82,5,3,16,24,223.0,6470.472350370006,0.5649883000005502
0,step,80,0,27,16,True,17,16,1,0,11,1,0,32.0,274.5690685607559,140,700.0,3464.105096972095,True,0,81.0,0,4,0.36875740000687074,0,1,32,19,21,12,3100499,25,5,3,16,8,116.0,4393.1050969720945,0.38579509999544825
